2025-01-28 14:25:13 [Test worker] INFO  c.p.c.CrudPulsarApplicationTests - Starting CrudPulsarApplicationTests using Java 17.0.12 with PID 31232 (started by uttam.gowda in /Users/uttam.gowda/IdeaProjects/crud-pulsar -1)
2025-01-28 14:25:13 [Test worker] INFO  c.p.c.CrudPulsarApplicationTests - No active profile set, falling back to 1 default profile: "default"
2025-01-28 14:25:13 [Test worker] INFO  o.s.d.r.c.RepositoryConfigurationDelegate - Bootstrapping Spring Data JPA repositories in DEFAULT mode.
2025-01-28 14:25:13 [Test worker] INFO  o.s.d.r.c.RepositoryConfigurationDelegate - Finished Spring Data repository scanning in 24 ms. Found 1 JPA repository interface.
2025-01-28 14:25:13 [Test worker] INFO  o.h.jpa.internal.util.LogHelper - HHH000204: Processing PersistenceUnitInfo [name: default]
2025-01-28 14:25:13 [Test worker] INFO  org.hibernate.Version - HHH000412: Hibernate ORM core version 6.6.4.Final
2025-01-28 14:25:13 [Test worker] INFO  o.h.c.i.RegionFactoryInitiator - HHH000026: Second-level cache disabled
2025-01-28 14:25:13 [Test worker] INFO  o.s.o.j.p.SpringPersistenceUnitInfo - No LoadTimeWeaver setup: ignoring JPA class transformer
2025-01-28 14:25:13 [Test worker] INFO  com.zaxxer.hikari.HikariDataSource - HikariPool-1 - Starting...
2025-01-28 14:25:13 [Test worker] INFO  com.zaxxer.hikari.pool.HikariPool - HikariPool-1 - Added connection org.postgresql.jdbc.PgConnection@11adab6d
2025-01-28 14:25:13 [Test worker] INFO  com.zaxxer.hikari.HikariDataSource - HikariPool-1 - Start completed.
2025-01-28 14:25:13 [Test worker] WARN  org.hibernate.orm.deprecation - HHH90000025: PostgreSQLDialect does not need to be specified explicitly using 'hibernate.dialect' (remove the property setting and it will be selected by default)
2025-01-28 14:25:13 [Test worker] INFO  o.hibernate.orm.connections.pooling - HHH10001005: Database info:
	Database JDBC URL [Connecting through datasource 'HikariDataSource (HikariPool-1)']
	Database driver: undefined/unknown
	Database version: 17.2
	Autocommit mode: undefined/unknown
	Isolation level: undefined/unknown
	Minimum pool size: undefined/unknown
	Maximum pool size: undefined/unknown
2025-01-28 14:25:14 [Test worker] INFO  o.h.e.t.j.p.i.JtaPlatformInitiator - HHH000489: No JTA platform available (set 'hibernate.transaction.jta.platform' to enable JTA platform integration)
2025-01-28 14:25:14 [Test worker] INFO  o.s.o.j.LocalContainerEntityManagerFactoryBean - Initialized JPA EntityManagerFactory for persistence unit 'default'
2025-01-28 14:25:14 [Test worker] INFO  o.s.p.c.DefaultPulsarClientFactory - Using restartable client
2025-01-28 14:25:14 [Test worker] ERROR o.a.p.s.i.n.r.d.DnsServerAddressStreamProviders - Unable to load org.apache.pulsar.shade.io.netty.resolver.dns.macos.MacOSDnsServerAddressStreamProvider, fallback to system defaults. This may result in incorrect DNS resolutions on MacOS. Check whether you have a dependency on 'io.netty:netty-resolver-dns-native-macos'. Use DEBUG level to see the full stack: java.lang.UnsatisfiedLinkError: failed to load the required native library
2025-01-28 14:25:14 [Test worker] WARN  o.a.p.c.util.netty.DnsResolverUtil - Cannot get DNS TTL settings from sun.net.InetAddressCachePolicy class
java.lang.IllegalAccessException: class org.apache.pulsar.common.util.netty.DnsResolverUtil cannot access class sun.net.InetAddressCachePolicy (in module java.base) because module java.base does not export sun.net to unnamed module @673bfdf3
	at java.base/jdk.internal.reflect.Reflection.newIllegalAccessException(Reflection.java:392)
	at java.base/java.lang.reflect.AccessibleObject.checkAccess(AccessibleObject.java:674)
	at java.base/java.lang.reflect.Method.invoke(Method.java:560)
	at org.apache.pulsar.common.util.netty.DnsResolverUtil.<clinit>(DnsResolverUtil.java:46)
	at org.apache.pulsar.client.impl.ConnectionPool.createAddressResolver(ConnectionPool.java:159)
	at org.apache.pulsar.client.impl.ConnectionPool.lambda$new$1(ConnectionPool.java:126)
	at java.base/java.util.Optional.orElseGet(Optional.java:364)
	at org.apache.pulsar.client.impl.ConnectionPool.<init>(ConnectionPool.java:126)
	at org.apache.pulsar.client.impl.ConnectionPool.<init>(ConnectionPool.java:95)
	at org.apache.pulsar.client.impl.ConnectionPool.<init>(ConnectionPool.java:90)
	at org.apache.pulsar.client.impl.PulsarClientImpl.<init>(PulsarClientImpl.java:196)
	at org.apache.pulsar.client.impl.PulsarClientImpl.<init>(PulsarClientImpl.java:153)
	at org.apache.pulsar.client.impl.ClientBuilderImpl.build(ClientBuilderImpl.java:63)
	at org.springframework.pulsar.core.PulsarClientProxy.createInstance(PulsarClientProxy.java:97)
	at org.springframework.pulsar.core.PulsarClientProxy.createInstance(PulsarClientProxy.java:47)
	at org.springframework.pulsar.core.RestartableSingletonFactory.ensureInstanceCreated(RestartableSingletonFactory.java:72)
	at org.springframework.pulsar.core.RestartableSingletonFactory.afterPropertiesSet(RestartableSingletonFactory.java:61)
	at org.springframework.beans.factory.support.AbstractAutowireCapableBeanFactory.invokeInitMethods(AbstractAutowireCapableBeanFactory.java:1855)
	at org.springframework.beans.factory.support.AbstractAutowireCapableBeanFactory.initializeBean(AbstractAutowireCapableBeanFactory.java:1804)
	at org.springframework.beans.factory.support.AbstractAutowireCapableBeanFactory.doCreateBean(AbstractAutowireCapableBeanFactory.java:601)
	at org.springframework.beans.factory.support.AbstractAutowireCapableBeanFactory.createBean(AbstractAutowireCapableBeanFactory.java:523)
	at org.springframework.beans.factory.support.AbstractBeanFactory.lambda$doGetBean$0(AbstractBeanFactory.java:336)
	at org.springframework.beans.factory.support.DefaultSingletonBeanRegistry.getSingleton(DefaultSingletonBeanRegistry.java:289)
	at org.springframework.beans.factory.support.AbstractBeanFactory.doGetBean(AbstractBeanFactory.java:334)
	at org.springframework.beans.factory.support.AbstractBeanFactory.getBean(AbstractBeanFactory.java:199)
	at org.springframework.beans.factory.support.DefaultListableBeanFactory.doResolveDependency(DefaultListableBeanFactory.java:1573)
	at org.springframework.beans.factory.support.DefaultListableBeanFactory.resolveDependency(DefaultListableBeanFactory.java:1519)
	at org.springframework.beans.factory.support.ConstructorResolver.resolveAutowiredArgument(ConstructorResolver.java:913)
	at org.springframework.beans.factory.support.ConstructorResolver.createArgumentArray(ConstructorResolver.java:791)
	at org.springframework.beans.factory.support.ConstructorResolver.instantiateUsingFactoryMethod(ConstructorResolver.java:546)
	at org.springframework.beans.factory.support.AbstractAutowireCapableBeanFactory.instantiateUsingFactoryMethod(AbstractAutowireCapableBeanFactory.java:1357)
	at org.springframework.beans.factory.support.AbstractAutowireCapableBeanFactory.createBeanInstance(AbstractAutowireCapableBeanFactory.java:1187)
	at org.springframework.beans.factory.support.AbstractAutowireCapableBeanFactory.doCreateBean(AbstractAutowireCapableBeanFactory.java:563)
	at org.springframework.beans.factory.support.AbstractAutowireCapableBeanFactory.createBean(AbstractAutowireCapableBeanFactory.java:523)
	at org.springframework.beans.factory.support.AbstractBeanFactory.lambda$doGetBean$0(AbstractBeanFactory.java:336)
	at org.springframework.beans.factory.support.DefaultSingletonBeanRegistry.getSingleton(DefaultSingletonBeanRegistry.java:289)
	at org.springframework.beans.factory.support.AbstractBeanFactory.doGetBean(AbstractBeanFactory.java:334)
	at org.springframework.beans.factory.support.AbstractBeanFactory.getBean(AbstractBeanFactory.java:199)
	at org.springframework.beans.factory.config.DependencyDescriptor.resolveCandidate(DependencyDescriptor.java:254)
	at org.springframework.beans.factory.support.DefaultListableBeanFactory.doResolveDependency(DefaultListableBeanFactory.java:1631)
	at org.springframework.beans.factory.support.DefaultListableBeanFactory.resolveDependency(DefaultListableBeanFactory.java:1519)
	at org.springframework.beans.factory.support.ConstructorResolver.resolveAutowiredArgument(ConstructorResolver.java:913)
	at org.springframework.beans.factory.support.ConstructorResolver.createArgumentArray(ConstructorResolver.java:791)
	at org.springframework.beans.factory.support.ConstructorResolver.instantiateUsingFactoryMethod(ConstructorResolver.java:546)
	at org.springframework.beans.factory.support.AbstractAutowireCapableBeanFactory.instantiateUsingFactoryMethod(AbstractAutowireCapableBeanFactory.java:1357)
	at org.springframework.beans.factory.support.AbstractAutowireCapableBeanFactory.createBeanInstance(AbstractAutowireCapableBeanFactory.java:1187)
	at org.springframework.beans.factory.support.AbstractAutowireCapableBeanFactory.doCreateBean(AbstractAutowireCapableBeanFactory.java:563)
	at org.springframework.beans.factory.support.AbstractAutowireCapableBeanFactory.createBean(AbstractAutowireCapableBeanFactory.java:523)
	at org.springframework.beans.factory.support.AbstractBeanFactory.lambda$doGetBean$0(AbstractBeanFactory.java:336)
	at org.springframework.beans.factory.support.DefaultSingletonBeanRegistry.getSingleton(DefaultSingletonBeanRegistry.java:289)
	at org.springframework.beans.factory.support.AbstractBeanFactory.doGetBean(AbstractBeanFactory.java:334)
	at org.springframework.beans.factory.support.AbstractBeanFactory.getBean(AbstractBeanFactory.java:199)
	at org.springframework.beans.factory.config.DependencyDescriptor.resolveCandidate(DependencyDescriptor.java:254)
	at org.springframework.beans.factory.support.DefaultListableBeanFactory.doResolveDependency(DefaultListableBeanFactory.java:1631)
	at org.springframework.beans.factory.support.DefaultListableBeanFactory.resolveDependency(DefaultListableBeanFactory.java:1519)
	at org.springframework.beans.factory.support.ConstructorResolver.resolveAutowiredArgument(ConstructorResolver.java:913)
	at org.springframework.beans.factory.support.ConstructorResolver.createArgumentArray(ConstructorResolver.java:791)
	at org.springframework.beans.factory.support.ConstructorResolver.autowireConstructor(ConstructorResolver.java:240)
	at org.springframework.beans.factory.support.AbstractAutowireCapableBeanFactory.autowireConstructor(AbstractAutowireCapableBeanFactory.java:1377)
	at org.springframework.beans.factory.support.AbstractAutowireCapableBeanFactory.createBeanInstance(AbstractAutowireCapableBeanFactory.java:1214)
	at org.springframework.beans.factory.support.AbstractAutowireCapableBeanFactory.doCreateBean(AbstractAutowireCapableBeanFactory.java:563)
	at org.springframework.beans.factory.support.AbstractAutowireCapableBeanFactory.createBean(AbstractAutowireCapableBeanFactory.java:523)
	at org.springframework.beans.factory.support.AbstractBeanFactory.lambda$doGetBean$0(AbstractBeanFactory.java:336)
	at org.springframework.beans.factory.support.DefaultSingletonBeanRegistry.getSingleton(DefaultSingletonBeanRegistry.java:289)
	at org.springframework.beans.factory.support.AbstractBeanFactory.doGetBean(AbstractBeanFactory.java:334)
	at org.springframework.beans.factory.support.AbstractBeanFactory.getBean(AbstractBeanFactory.java:199)
	at org.springframework.beans.factory.support.DefaultListableBeanFactory.instantiateSingleton(DefaultListableBeanFactory.java:1122)
	at org.springframework.beans.factory.support.DefaultListableBeanFactory.preInstantiateSingleton(DefaultListableBeanFactory.java:1093)
	at org.springframework.beans.factory.support.DefaultListableBeanFactory.preInstantiateSingletons(DefaultListableBeanFactory.java:1030)
	at org.springframework.context.support.AbstractApplicationContext.finishBeanFactoryInitialization(AbstractApplicationContext.java:987)
	at org.springframework.context.support.AbstractApplicationContext.refresh(AbstractApplicationContext.java:627)
	at org.springframework.boot.SpringApplication.refresh(SpringApplication.java:752)
	at org.springframework.boot.SpringApplication.refreshContext(SpringApplication.java:439)
	at org.springframework.boot.SpringApplication.run(SpringApplication.java:318)
	at org.springframework.boot.test.context.SpringBootContextLoader.lambda$loadContext$3(SpringBootContextLoader.java:137)
	at org.springframework.util.function.ThrowingSupplier.get(ThrowingSupplier.java:58)
	at org.springframework.util.function.ThrowingSupplier.get(ThrowingSupplier.java:46)
	at org.springframework.boot.SpringApplication.withHook(SpringApplication.java:1461)
	at org.springframework.boot.test.context.SpringBootContextLoader$ContextLoaderHook.run(SpringBootContextLoader.java:553)
	at org.springframework.boot.test.context.SpringBootContextLoader.loadContext(SpringBootContextLoader.java:137)
	at org.springframework.boot.test.context.SpringBootContextLoader.loadContext(SpringBootContextLoader.java:108)
	at org.springframework.test.context.cache.DefaultCacheAwareContextLoaderDelegate.loadContextInternal(DefaultCacheAwareContextLoaderDelegate.java:225)
	at org.springframework.test.context.cache.DefaultCacheAwareContextLoaderDelegate.loadContext(DefaultCacheAwareContextLoaderDelegate.java:152)
	at org.springframework.test.context.support.DefaultTestContext.getApplicationContext(DefaultTestContext.java:130)
	at org.springframework.test.context.web.ServletTestExecutionListener.setUpRequestContextIfNecessary(ServletTestExecutionListener.java:191)
	at org.springframework.test.context.web.ServletTestExecutionListener.prepareTestInstance(ServletTestExecutionListener.java:130)
	at org.springframework.test.context.TestContextManager.prepareTestInstance(TestContextManager.java:260)
	at org.springframework.test.context.junit.jupiter.SpringExtension.postProcessTestInstance(SpringExtension.java:160)
	at org.junit.jupiter.engine.descriptor.ClassBasedTestDescriptor.lambda$invokeTestInstancePostProcessors$11(ClassBasedTestDescriptor.java:378)
	at org.junit.jupiter.engine.descriptor.ClassBasedTestDescriptor.executeAndMaskThrowable(ClassBasedTestDescriptor.java:383)
	at org.junit.jupiter.engine.descriptor.ClassBasedTestDescriptor.lambda$invokeTestInstancePostProcessors$12(ClassBasedTestDescriptor.java:378)
	at java.base/java.util.stream.ForEachOps$ForEachOp$OfRef.accept(ForEachOps.java:183)
	at java.base/java.util.stream.ReferencePipeline$3$1.accept(ReferencePipeline.java:197)
	at java.base/java.util.stream.ReferencePipeline$2$1.accept(ReferencePipeline.java:179)
	at java.base/java.util.stream.ReferencePipeline$3$1.accept(ReferencePipeline.java:197)
	at java.base/java.util.ArrayList$ArrayListSpliterator.forEachRemaining(ArrayList.java:1625)
	at java.base/java.util.stream.AbstractPipeline.copyInto(AbstractPipeline.java:509)
	at java.base/java.util.stream.AbstractPipeline.wrapAndCopyInto(AbstractPipeline.java:499)
	at java.base/java.util.stream.ForEachOps$ForEachOp.evaluateSequential(ForEachOps.java:150)
	at java.base/java.util.stream.ForEachOps$ForEachOp$OfRef.evaluateSequential(ForEachOps.java:173)
	at java.base/java.util.stream.AbstractPipeline.evaluate(AbstractPipeline.java:234)
	at java.base/java.util.stream.ReferencePipeline.forEach(ReferencePipeline.java:596)
	at org.junit.jupiter.engine.descriptor.ClassBasedTestDescriptor.invokeTestInstancePostProcessors(ClassBasedTestDescriptor.java:377)
	at org.junit.jupiter.engine.descriptor.ClassBasedTestDescriptor.lambda$instantiateAndPostProcessTestInstance$7(ClassBasedTestDescriptor.java:290)
	at org.junit.platform.engine.support.hierarchical.ThrowableCollector.execute(ThrowableCollector.java:73)
	at org.junit.jupiter.engine.descriptor.ClassBasedTestDescriptor.instantiateAndPostProcessTestInstance(ClassBasedTestDescriptor.java:289)
	at org.junit.jupiter.engine.descriptor.ClassBasedTestDescriptor.lambda$testInstancesProvider$5(ClassBasedTestDescriptor.java:279)
	at java.base/java.util.Optional.orElseGet(Optional.java:364)
	at org.junit.jupiter.engine.descriptor.ClassBasedTestDescriptor.lambda$testInstancesProvider$6(ClassBasedTestDescriptor.java:278)
	at org.junit.jupiter.engine.execution.TestInstancesProvider.getTestInstances(TestInstancesProvider.java:31)
	at org.junit.jupiter.engine.descriptor.TestMethodTestDescriptor.lambda$prepare$1(TestMethodTestDescriptor.java:105)
	at org.junit.platform.engine.support.hierarchical.ThrowableCollector.execute(ThrowableCollector.java:73)
	at org.junit.jupiter.engine.descriptor.TestMethodTestDescriptor.prepare(TestMethodTestDescriptor.java:104)
	at org.junit.jupiter.engine.descriptor.TestMethodTestDescriptor.prepare(TestMethodTestDescriptor.java:68)
	at org.junit.platform.engine.support.hierarchical.NodeTestTask.lambda$prepare$2(NodeTestTask.java:128)
	at org.junit.platform.engine.support.hierarchical.ThrowableCollector.execute(ThrowableCollector.java:73)
	at org.junit.platform.engine.support.hierarchical.NodeTestTask.prepare(NodeTestTask.java:128)
	at org.junit.platform.engine.support.hierarchical.NodeTestTask.execute(NodeTestTask.java:95)
	at java.base/java.util.ArrayList.forEach(ArrayList.java:1511)
	at org.junit.platform.engine.support.hierarchical.SameThreadHierarchicalTestExecutorService.invokeAll(SameThreadHierarchicalTestExecutorService.java:41)
	at org.junit.platform.engine.support.hierarchical.NodeTestTask.lambda$executeRecursively$6(NodeTestTask.java:160)
	at org.junit.platform.engine.support.hierarchical.ThrowableCollector.execute(ThrowableCollector.java:73)
	at org.junit.platform.engine.support.hierarchical.NodeTestTask.lambda$executeRecursively$8(NodeTestTask.java:146)
	at org.junit.platform.engine.support.hierarchical.Node.around(Node.java:137)
	at org.junit.platform.engine.support.hierarchical.NodeTestTask.lambda$executeRecursively$9(NodeTestTask.java:144)
	at org.junit.platform.engine.support.hierarchical.ThrowableCollector.execute(ThrowableCollector.java:73)
	at org.junit.platform.engine.support.hierarchical.NodeTestTask.executeRecursively(NodeTestTask.java:143)
	at org.junit.platform.engine.support.hierarchical.NodeTestTask.execute(NodeTestTask.java:100)
	at java.base/java.util.ArrayList.forEach(ArrayList.java:1511)
	at org.junit.platform.engine.support.hierarchical.SameThreadHierarchicalTestExecutorService.invokeAll(SameThreadHierarchicalTestExecutorService.java:41)
	at org.junit.platform.engine.support.hierarchical.NodeTestTask.lambda$executeRecursively$6(NodeTestTask.java:160)
	at org.junit.platform.engine.support.hierarchical.ThrowableCollector.execute(ThrowableCollector.java:73)
	at org.junit.platform.engine.support.hierarchical.NodeTestTask.lambda$executeRecursively$8(NodeTestTask.java:146)
	at org.junit.platform.engine.support.hierarchical.Node.around(Node.java:137)
	at org.junit.platform.engine.support.hierarchical.NodeTestTask.lambda$executeRecursively$9(NodeTestTask.java:144)
	at org.junit.platform.engine.support.hierarchical.ThrowableCollector.execute(ThrowableCollector.java:73)
	at org.junit.platform.engine.support.hierarchical.NodeTestTask.executeRecursively(NodeTestTask.java:143)
	at org.junit.platform.engine.support.hierarchical.NodeTestTask.execute(NodeTestTask.java:100)
	at org.junit.platform.engine.support.hierarchical.SameThreadHierarchicalTestExecutorService.submit(SameThreadHierarchicalTestExecutorService.java:35)
	at org.junit.platform.engine.support.hierarchical.HierarchicalTestExecutor.execute(HierarchicalTestExecutor.java:57)
	at org.junit.platform.engine.support.hierarchical.HierarchicalTestEngine.execute(HierarchicalTestEngine.java:54)
	at org.junit.platform.launcher.core.EngineExecutionOrchestrator.execute(EngineExecutionOrchestrator.java:198)
	at org.junit.platform.launcher.core.EngineExecutionOrchestrator.execute(EngineExecutionOrchestrator.java:169)
	at org.junit.platform.launcher.core.EngineExecutionOrchestrator.execute(EngineExecutionOrchestrator.java:93)
	at org.junit.platform.launcher.core.EngineExecutionOrchestrator.lambda$execute$0(EngineExecutionOrchestrator.java:58)
	at org.junit.platform.launcher.core.EngineExecutionOrchestrator.withInterceptedStreams(EngineExecutionOrchestrator.java:141)
	at org.junit.platform.launcher.core.EngineExecutionOrchestrator.execute(EngineExecutionOrchestrator.java:57)
	at org.junit.platform.launcher.core.DefaultLauncher.execute(DefaultLauncher.java:103)
	at org.junit.platform.launcher.core.DefaultLauncher.execute(DefaultLauncher.java:85)
	at org.junit.platform.launcher.core.DelegatingLauncher.execute(DelegatingLauncher.java:47)
	at org.gradle.api.internal.tasks.testing.junitplatform.JUnitPlatformTestClassProcessor$CollectAllTestClassesExecutor.processAllTestClasses(JUnitPlatformTestClassProcessor.java:124)
	at org.gradle.api.internal.tasks.testing.junitplatform.JUnitPlatformTestClassProcessor$CollectAllTestClassesExecutor.access$000(JUnitPlatformTestClassProcessor.java:99)
	at org.gradle.api.internal.tasks.testing.junitplatform.JUnitPlatformTestClassProcessor.stop(JUnitPlatformTestClassProcessor.java:94)
	at org.gradle.api.internal.tasks.testing.SuiteTestClassProcessor.stop(SuiteTestClassProcessor.java:63)
	at java.base/jdk.internal.reflect.NativeMethodAccessorImpl.invoke0(Native Method)
	at java.base/jdk.internal.reflect.NativeMethodAccessorImpl.invoke(NativeMethodAccessorImpl.java:77)
	at java.base/jdk.internal.reflect.DelegatingMethodAccessorImpl.invoke(DelegatingMethodAccessorImpl.java:43)
	at java.base/java.lang.reflect.Method.invoke(Method.java:568)
	at org.gradle.internal.dispatch.ReflectionDispatch.dispatch(ReflectionDispatch.java:36)
	at org.gradle.internal.dispatch.ReflectionDispatch.dispatch(ReflectionDispatch.java:24)
	at org.gradle.internal.dispatch.ContextClassLoaderDispatch.dispatch(ContextClassLoaderDispatch.java:33)
	at org.gradle.internal.dispatch.ProxyDispatchAdapter$DispatchingInvocationHandler.invoke(ProxyDispatchAdapter.java:92)
	at jdk.proxy1/jdk.proxy1.$Proxy4.stop(Unknown Source)
	at org.gradle.api.internal.tasks.testing.worker.TestWorker$3.run(TestWorker.java:200)
	at org.gradle.api.internal.tasks.testing.worker.TestWorker.executeAndMaintainThreadName(TestWorker.java:132)
	at org.gradle.api.internal.tasks.testing.worker.TestWorker.execute(TestWorker.java:103)
	at org.gradle.api.internal.tasks.testing.worker.TestWorker.execute(TestWorker.java:63)
	at org.gradle.process.internal.worker.child.ActionExecutionWorker.execute(ActionExecutionWorker.java:56)
	at org.gradle.process.internal.worker.child.SystemApplicationClassLoaderWorker.call(SystemApplicationClassLoaderWorker.java:121)
	at org.gradle.process.internal.worker.child.SystemApplicationClassLoaderWorker.call(SystemApplicationClassLoaderWorker.java:71)
	at worker.org.gradle.process.internal.worker.GradleWorkerMain.run(GradleWorkerMain.java:69)
	at worker.org.gradle.process.internal.worker.GradleWorkerMain.main(GradleWorkerMain.java:74)
2025-01-28 14:25:14 [Test worker] WARN  o.s.b.a.o.j.JpaBaseConfiguration$JpaWebConfiguration - spring.jpa.open-in-view is enabled by default. Therefore, database queries may be performed during view rendering. Explicitly configure spring.jpa.open-in-view to disable this warning
2025-01-28 14:25:15 [pulsar-client-io-1-3] INFO  o.a.p.client.impl.ConnectionPool - [[id: 0xd60f8bca, L:/127.0.0.1:52634 - R:localhost/127.0.0.1:6650]] Connected to server
2025-01-28 14:25:15 [pulsar-client-io-1-3] INFO  o.a.p.c.i.ConsumerStatsRecorderImpl - Starting Pulsar consumer status recorder with config: {"topicNames":["persistent://public/default/jt-raw-topic"],"topicsPattern":null,"subscriptionName":"my-subscription","subscriptionType":"Shared","subscriptionProperties":null,"subscriptionMode":"Durable","receiverQueueSize":1000,"acknowledgementsGroupTimeMicros":100000,"maxAcknowledgmentGroupSize":1000,"negativeAckRedeliveryDelayMicros":60000000,"maxTotalReceiverQueueSizeAcrossPartitions":50000,"consumerName":null,"ackTimeoutMillis":0,"tickDurationMillis":1000,"priorityLevel":0,"maxPendingChunkedMessage":10,"autoAckOldestChunkedMessageOnQueueFull":false,"expireTimeOfIncompleteChunkedMessageMillis":60000,"cryptoFailureAction":"FAIL","properties":{},"readCompacted":false,"subscriptionInitialPosition":"Latest","patternAutoDiscoveryPeriod":60,"regexSubscriptionMode":"PersistentOnly","deadLetterPolicy":{"maxRedeliverCount":3,"retryLetterTopic":"jt-raw-topic-retry","deadLetterTopic":"jt-raw-topic-dlq","initialSubscriptionName":null},"retryEnable":false,"autoUpdatePartitions":true,"autoUpdatePartitionsIntervalSeconds":60,"replicateSubscriptionState":false,"resetIncludeHead":false,"batchIndexAckEnabled":false,"ackReceiptEnabled":false,"poolMessages":false,"startPaused":false,"autoScaledReceiverQueueSizeEnabled":false,"topicConfigurations":[],"maxPendingChuckedMessage":10}
2025-01-28 14:25:15 [pulsar-client-io-1-3] INFO  o.a.p.c.i.ConsumerStatsRecorderImpl - Pulsar client config: {"serviceUrl":"pulsar://localhost:6650","authPluginClassName":null,"authParams":null,"authParamMap":null,"operationTimeoutMs":30000,"lookupTimeoutMs":30000,"statsIntervalSeconds":60,"numIoThreads":8,"numListenerThreads":8,"connectionsPerBroker":1,"connectionMaxIdleSeconds":180,"useTcpNoDelay":true,"useTls":false,"tlsKeyFilePath":null,"tlsCertificateFilePath":null,"tlsTrustCertsFilePath":null,"tlsAllowInsecureConnection":false,"tlsHostnameVerificationEnable":false,"concurrentLookupRequest":5000,"maxLookupRequest":50000,"maxLookupRedirects":20,"maxNumberOfRejectedRequestPerConnection":50,"keepAliveIntervalSeconds":30,"connectionTimeoutMs":10000,"requestTimeoutMs":60000,"readTimeoutMs":60000,"autoCertRefreshSeconds":300,"initialBackoffIntervalNanos":100000000,"maxBackoffIntervalNanos":60000000000,"enableBusyWait":false,"listenerName":null,"useKeyStoreTls":false,"sslProvider":null,"tlsKeyStoreType":"JKS","tlsKeyStorePath":null,"tlsKeyStorePassword":null,"tlsTrustStoreType":"JKS","tlsTrustStorePath":null,"tlsTrustStorePassword":null,"tlsCiphers":[],"tlsProtocols":[],"memoryLimitBytes":67108864,"proxyServiceUrl":null,"proxyProtocol":null,"enableTransaction":false,"dnsLookupBindAddress":null,"dnsLookupBindPort":0,"socks5ProxyAddress":null,"socks5ProxyUsername":null,"socks5ProxyPassword":null,"description":null}
2025-01-28 14:25:15 [pulsar-client-io-1-3] INFO  o.a.pulsar.client.impl.ConsumerImpl - [persistent://public/default/jt-raw-topic][my-subscription] Subscribing to topic on cnx [id: 0xd60f8bca, L:/127.0.0.1:52634 - R:localhost/127.0.0.1:6650], consumerId 0
2025-01-28 14:25:15 [pulsar-client-io-1-3] INFO  o.a.pulsar.client.impl.ConsumerImpl - [persistent://public/default/jt-raw-topic][my-subscription] Subscribed to topic on localhost/127.0.0.1:6650 -- consumer: 0
2025-01-28 14:25:15 [pulsar-client-io-1-3] INFO  o.a.p.c.i.ConsumerStatsRecorderImpl - Starting Pulsar consumer status recorder with config: {"topicNames":["persistent://public/default/jt-plain-topic"],"topicsPattern":null,"subscriptionName":"my-subscription","subscriptionType":"Shared","subscriptionProperties":null,"subscriptionMode":"Durable","receiverQueueSize":1000,"acknowledgementsGroupTimeMicros":100000,"maxAcknowledgmentGroupSize":1000,"negativeAckRedeliveryDelayMicros":60000000,"maxTotalReceiverQueueSizeAcrossPartitions":50000,"consumerName":null,"ackTimeoutMillis":0,"tickDurationMillis":1000,"priorityLevel":0,"maxPendingChunkedMessage":10,"autoAckOldestChunkedMessageOnQueueFull":false,"expireTimeOfIncompleteChunkedMessageMillis":60000,"cryptoFailureAction":"FAIL","properties":{},"readCompacted":false,"subscriptionInitialPosition":"Latest","patternAutoDiscoveryPeriod":60,"regexSubscriptionMode":"PersistentOnly","deadLetterPolicy":{"maxRedeliverCount":3,"retryLetterTopic":"jt-raw-topic-retry","deadLetterTopic":"jt-raw-topic-dlq","initialSubscriptionName":null},"retryEnable":false,"autoUpdatePartitions":true,"autoUpdatePartitionsIntervalSeconds":60,"replicateSubscriptionState":false,"resetIncludeHead":false,"batchIndexAckEnabled":false,"ackReceiptEnabled":false,"poolMessages":false,"startPaused":false,"autoScaledReceiverQueueSizeEnabled":false,"topicConfigurations":[],"maxPendingChuckedMessage":10}
2025-01-28 14:25:15 [pulsar-client-io-1-3] INFO  o.a.p.c.i.ConsumerStatsRecorderImpl - Pulsar client config: {"serviceUrl":"pulsar://localhost:6650","authPluginClassName":null,"authParams":null,"authParamMap":null,"operationTimeoutMs":30000,"lookupTimeoutMs":30000,"statsIntervalSeconds":60,"numIoThreads":8,"numListenerThreads":8,"connectionsPerBroker":1,"connectionMaxIdleSeconds":180,"useTcpNoDelay":true,"useTls":false,"tlsKeyFilePath":null,"tlsCertificateFilePath":null,"tlsTrustCertsFilePath":null,"tlsAllowInsecureConnection":false,"tlsHostnameVerificationEnable":false,"concurrentLookupRequest":5000,"maxLookupRequest":50000,"maxLookupRedirects":20,"maxNumberOfRejectedRequestPerConnection":50,"keepAliveIntervalSeconds":30,"connectionTimeoutMs":10000,"requestTimeoutMs":60000,"readTimeoutMs":60000,"autoCertRefreshSeconds":300,"initialBackoffIntervalNanos":100000000,"maxBackoffIntervalNanos":60000000000,"enableBusyWait":false,"listenerName":null,"useKeyStoreTls":false,"sslProvider":null,"tlsKeyStoreType":"JKS","tlsKeyStorePath":null,"tlsKeyStorePassword":null,"tlsTrustStoreType":"JKS","tlsTrustStorePath":null,"tlsTrustStorePassword":null,"tlsCiphers":[],"tlsProtocols":[],"memoryLimitBytes":67108864,"proxyServiceUrl":null,"proxyProtocol":null,"enableTransaction":false,"dnsLookupBindAddress":null,"dnsLookupBindPort":0,"socks5ProxyAddress":null,"socks5ProxyUsername":null,"socks5ProxyPassword":null,"description":null}
2025-01-28 14:25:15 [pulsar-client-io-1-3] INFO  o.a.pulsar.client.impl.ConsumerImpl - [persistent://public/default/jt-plain-topic][my-subscription] Subscribing to topic on cnx [id: 0xd60f8bca, L:/127.0.0.1:52634 - R:localhost/127.0.0.1:6650], consumerId 1
2025-01-28 14:25:15 [pulsar-client-io-1-3] INFO  o.a.pulsar.client.impl.ConsumerImpl - [persistent://public/default/jt-plain-topic][my-subscription] Subscribed to topic on localhost/127.0.0.1:6650 -- consumer: 1
2025-01-28 14:25:15 [pulsar-client-io-1-3] INFO  o.a.p.c.i.ConsumerStatsRecorderImpl - Starting Pulsar consumer status recorder with config: {"topicNames":["persistent://public/default/jt-raw-topic-dlq"],"topicsPattern":null,"subscriptionName":"my-subscription-dlq","subscriptionType":"Exclusive","subscriptionProperties":null,"subscriptionMode":"Durable","receiverQueueSize":1000,"acknowledgementsGroupTimeMicros":100000,"maxAcknowledgmentGroupSize":1000,"negativeAckRedeliveryDelayMicros":60000000,"maxTotalReceiverQueueSizeAcrossPartitions":50000,"consumerName":null,"ackTimeoutMillis":0,"tickDurationMillis":1000,"priorityLevel":0,"maxPendingChunkedMessage":10,"autoAckOldestChunkedMessageOnQueueFull":false,"expireTimeOfIncompleteChunkedMessageMillis":60000,"cryptoFailureAction":"FAIL","properties":{},"readCompacted":false,"subscriptionInitialPosition":"Latest","patternAutoDiscoveryPeriod":60,"regexSubscriptionMode":"PersistentOnly","deadLetterPolicy":{"maxRedeliverCount":3,"retryLetterTopic":"jt-raw-topic-retry","deadLetterTopic":"jt-raw-topic-dlq","initialSubscriptionName":null},"retryEnable":false,"autoUpdatePartitions":true,"autoUpdatePartitionsIntervalSeconds":60,"replicateSubscriptionState":false,"resetIncludeHead":false,"batchIndexAckEnabled":false,"ackReceiptEnabled":false,"poolMessages":false,"startPaused":false,"autoScaledReceiverQueueSizeEnabled":false,"topicConfigurations":[],"maxPendingChuckedMessage":10}
2025-01-28 14:25:15 [pulsar-client-io-1-3] INFO  o.a.p.c.i.ConsumerStatsRecorderImpl - Pulsar client config: {"serviceUrl":"pulsar://localhost:6650","authPluginClassName":null,"authParams":null,"authParamMap":null,"operationTimeoutMs":30000,"lookupTimeoutMs":30000,"statsIntervalSeconds":60,"numIoThreads":8,"numListenerThreads":8,"connectionsPerBroker":1,"connectionMaxIdleSeconds":180,"useTcpNoDelay":true,"useTls":false,"tlsKeyFilePath":null,"tlsCertificateFilePath":null,"tlsTrustCertsFilePath":null,"tlsAllowInsecureConnection":false,"tlsHostnameVerificationEnable":false,"concurrentLookupRequest":5000,"maxLookupRequest":50000,"maxLookupRedirects":20,"maxNumberOfRejectedRequestPerConnection":50,"keepAliveIntervalSeconds":30,"connectionTimeoutMs":10000,"requestTimeoutMs":60000,"readTimeoutMs":60000,"autoCertRefreshSeconds":300,"initialBackoffIntervalNanos":100000000,"maxBackoffIntervalNanos":60000000000,"enableBusyWait":false,"listenerName":null,"useKeyStoreTls":false,"sslProvider":null,"tlsKeyStoreType":"JKS","tlsKeyStorePath":null,"tlsKeyStorePassword":null,"tlsTrustStoreType":"JKS","tlsTrustStorePath":null,"tlsTrustStorePassword":null,"tlsCiphers":[],"tlsProtocols":[],"memoryLimitBytes":67108864,"proxyServiceUrl":null,"proxyProtocol":null,"enableTransaction":false,"dnsLookupBindAddress":null,"dnsLookupBindPort":0,"socks5ProxyAddress":null,"socks5ProxyUsername":null,"socks5ProxyPassword":null,"description":null}
2025-01-28 14:25:15 [pulsar-client-io-1-3] INFO  o.a.pulsar.client.impl.ConsumerImpl - [persistent://public/default/jt-raw-topic-dlq][my-subscription-dlq] Subscribing to topic on cnx [id: 0xd60f8bca, L:/127.0.0.1:52634 - R:localhost/127.0.0.1:6650], consumerId 2
2025-01-28 14:25:15 [pulsar-client-io-1-3] INFO  o.a.pulsar.client.impl.ConsumerImpl - [persistent://public/default/jt-raw-topic-dlq][my-subscription-dlq] Subscribed to topic on localhost/127.0.0.1:6650 -- consumer: 2
2025-01-28 14:25:15 [Test worker] INFO  c.p.c.CrudPulsarApplicationTests - Started CrudPulsarApplicationTests in 2.524 seconds (process running for 3.111)
2025-01-28 14:25:15 [SpringApplicationShutdownHook] INFO  o.s.p.l.DefaultPulsarMessageListenerContainer - Pausing consumer
2025-01-28 14:25:15 [SpringApplicationShutdownHook] INFO  o.s.p.l.DefaultPulsarMessageListenerContainer - Closing consumer
2025-01-28 14:25:15 [pulsar-client-io-1-3] INFO  o.a.pulsar.client.impl.ConsumerImpl - [persistent://public/default/jt-raw-topic] [my-subscription] Closed consumer
2025-01-28 14:25:15 [SpringApplicationShutdownHook] INFO  o.s.p.l.DefaultPulsarMessageListenerContainer - Pausing consumer
2025-01-28 14:25:15 [SpringApplicationShutdownHook] INFO  o.s.p.l.DefaultPulsarMessageListenerContainer - Closing consumer
2025-01-28 14:25:15 [pulsar-client-io-1-3] INFO  o.a.pulsar.client.impl.ConsumerImpl - [persistent://public/default/jt-plain-topic] [my-subscription] Closed consumer
2025-01-28 14:25:15 [SpringApplicationShutdownHook] INFO  o.s.p.l.DefaultPulsarMessageListenerContainer - Pausing consumer
2025-01-28 14:25:15 [SpringApplicationShutdownHook] INFO  o.s.p.l.DefaultPulsarMessageListenerContainer - Closing consumer
2025-01-28 14:25:15 [pulsar-client-io-1-3] INFO  o.a.pulsar.client.impl.ConsumerImpl - [persistent://public/default/jt-raw-topic-dlq] [my-subscription-dlq] Closed consumer
2025-01-28 14:25:15 [SpringApplicationShutdownHook] INFO  o.a.p.client.impl.PulsarClientImpl - Client closing. URL: pulsar://localhost:6650
2025-01-28 14:25:15 [pulsar-client-io-1-3] INFO  o.a.pulsar.client.impl.ClientCnx - [id: 0xd60f8bca, L:/127.0.0.1:52634 ! R:localhost/127.0.0.1:6650] Disconnected
2025-01-28 14:25:17 [SpringApplicationShutdownHook] INFO  o.s.o.j.LocalContainerEntityManagerFactoryBean - Closing JPA EntityManagerFactory for persistence unit 'default'
2025-01-28 14:25:17 [SpringApplicationShutdownHook] INFO  com.zaxxer.hikari.HikariDataSource - HikariPool-1 - Shutdown initiated...
2025-01-28 14:25:17 [SpringApplicationShutdownHook] INFO  com.zaxxer.hikari.HikariDataSource - HikariPool-1 - Shutdown completed.
2025-01-28 14:25:34 [restartedMain] INFO  c.p.c.CrudPulsarApplicationKt - Starting CrudPulsarApplicationKt using Java 17.0.12 with PID 31325 (/Users/uttam.gowda/IdeaProjects/crud-pulsar -1/build/classes/kotlin/main started by uttam.gowda in /Users/uttam.gowda/IdeaProjects/crud-pulsar -1)
2025-01-28 14:25:34 [restartedMain] INFO  c.p.c.CrudPulsarApplicationKt - No active profile set, falling back to 1 default profile: "default"
2025-01-28 14:25:34 [restartedMain] INFO  o.s.b.d.restart.ChangeableUrls - The Class-Path manifest attribute in /Users/uttam.gowda/.gradle/caches/modules-2/files-2.1/org.springframework.pulsar/spring-pulsar-cache-provider-caffeine/1.2.1/c2b0ff3dd061069d916cb1df19e539eda19562e0/spring-pulsar-cache-provider-caffeine-1.2.1.jar referenced one or more files that do not exist: file:/Users/uttam.gowda/.gradle/caches/modules-2/files-2.1/org.springframework.pulsar/spring-pulsar-cache-provider-caffeine/1.2.1/c2b0ff3dd061069d916cb1df19e539eda19562e0/spring-pulsar-cache-provider-1.2.1.jar
2025-01-28 14:25:34 [restartedMain] INFO  o.s.b.d.e.DevToolsPropertyDefaultsPostProcessor - Devtools property defaults active! Set 'spring.devtools.add-properties' to 'false' to disable
2025-01-28 14:25:34 [restartedMain] INFO  o.s.b.d.e.DevToolsPropertyDefaultsPostProcessor - For additional web related logging consider setting the 'logging.level.web' property to 'DEBUG'
2025-01-28 14:25:35 [restartedMain] INFO  o.s.d.r.c.RepositoryConfigurationDelegate - Bootstrapping Spring Data JPA repositories in DEFAULT mode.
2025-01-28 14:25:35 [restartedMain] INFO  o.s.d.r.c.RepositoryConfigurationDelegate - Finished Spring Data repository scanning in 23 ms. Found 1 JPA repository interface.
2025-01-28 14:25:35 [restartedMain] INFO  o.s.b.w.e.tomcat.TomcatWebServer - Tomcat initialized with port 9191 (http)
2025-01-28 14:25:35 [restartedMain] INFO  o.a.catalina.core.StandardService - Starting service [Tomcat]
2025-01-28 14:25:35 [restartedMain] INFO  o.a.catalina.core.StandardEngine - Starting Servlet engine: [Apache Tomcat/10.1.34]
2025-01-28 14:25:35 [restartedMain] INFO  o.a.c.c.C.[Tomcat].[localhost].[/] - Initializing Spring embedded WebApplicationContext
2025-01-28 14:25:35 [restartedMain] INFO  o.s.b.w.s.c.ServletWebServerApplicationContext - Root WebApplicationContext: initialization completed in 884 ms
2025-01-28 14:25:35 [restartedMain] INFO  o.h.jpa.internal.util.LogHelper - HHH000204: Processing PersistenceUnitInfo [name: default]
2025-01-28 14:25:35 [restartedMain] INFO  org.hibernate.Version - HHH000412: Hibernate ORM core version 6.6.4.Final
2025-01-28 14:25:35 [restartedMain] INFO  o.h.c.i.RegionFactoryInitiator - HHH000026: Second-level cache disabled
2025-01-28 14:25:35 [restartedMain] INFO  o.s.o.j.p.SpringPersistenceUnitInfo - No LoadTimeWeaver setup: ignoring JPA class transformer
2025-01-28 14:25:35 [restartedMain] INFO  com.zaxxer.hikari.HikariDataSource - HikariPool-1 - Starting...
2025-01-28 14:25:36 [restartedMain] INFO  com.zaxxer.hikari.pool.HikariPool - HikariPool-1 - Added connection org.postgresql.jdbc.PgConnection@2e76768e
2025-01-28 14:25:36 [restartedMain] INFO  com.zaxxer.hikari.HikariDataSource - HikariPool-1 - Start completed.
2025-01-28 14:25:36 [restartedMain] WARN  org.hibernate.orm.deprecation - HHH90000025: PostgreSQLDialect does not need to be specified explicitly using 'hibernate.dialect' (remove the property setting and it will be selected by default)
2025-01-28 14:25:36 [restartedMain] INFO  o.hibernate.orm.connections.pooling - HHH10001005: Database info:
	Database JDBC URL [Connecting through datasource 'HikariDataSource (HikariPool-1)']
	Database driver: undefined/unknown
	Database version: 17.2
	Autocommit mode: undefined/unknown
	Isolation level: undefined/unknown
	Minimum pool size: undefined/unknown
	Maximum pool size: undefined/unknown
2025-01-28 14:25:36 [restartedMain] INFO  o.h.e.t.j.p.i.JtaPlatformInitiator - HHH000489: No JTA platform available (set 'hibernate.transaction.jta.platform' to enable JTA platform integration)
2025-01-28 14:25:36 [restartedMain] INFO  o.s.o.j.LocalContainerEntityManagerFactoryBean - Initialized JPA EntityManagerFactory for persistence unit 'default'
2025-01-28 14:25:36 [restartedMain] INFO  o.s.p.c.DefaultPulsarClientFactory - Using restartable client
2025-01-28 14:25:36 [restartedMain] ERROR o.a.p.s.i.n.r.d.DnsServerAddressStreamProviders - Unable to load org.apache.pulsar.shade.io.netty.resolver.dns.macos.MacOSDnsServerAddressStreamProvider, fallback to system defaults. This may result in incorrect DNS resolutions on MacOS. Check whether you have a dependency on 'io.netty:netty-resolver-dns-native-macos'. Use DEBUG level to see the full stack: java.lang.UnsatisfiedLinkError: failed to load the required native library
2025-01-28 14:25:36 [restartedMain] WARN  o.a.p.c.util.netty.DnsResolverUtil - Cannot get DNS TTL settings from sun.net.InetAddressCachePolicy class
java.lang.IllegalAccessException: class org.apache.pulsar.common.util.netty.DnsResolverUtil cannot access class sun.net.InetAddressCachePolicy (in module java.base) because module java.base does not export sun.net to unnamed module @5c613419
	at java.base/jdk.internal.reflect.Reflection.newIllegalAccessException(Reflection.java:392)
	at java.base/java.lang.reflect.AccessibleObject.checkAccess(AccessibleObject.java:674)
	at java.base/java.lang.reflect.Method.invoke(Method.java:560)
	at org.apache.pulsar.common.util.netty.DnsResolverUtil.<clinit>(DnsResolverUtil.java:46)
	at org.apache.pulsar.client.impl.ConnectionPool.createAddressResolver(ConnectionPool.java:159)
	at org.apache.pulsar.client.impl.ConnectionPool.lambda$new$1(ConnectionPool.java:126)
	at java.base/java.util.Optional.orElseGet(Optional.java:364)
	at org.apache.pulsar.client.impl.ConnectionPool.<init>(ConnectionPool.java:126)
	at org.apache.pulsar.client.impl.ConnectionPool.<init>(ConnectionPool.java:95)
	at org.apache.pulsar.client.impl.ConnectionPool.<init>(ConnectionPool.java:90)
	at org.apache.pulsar.client.impl.PulsarClientImpl.<init>(PulsarClientImpl.java:196)
	at org.apache.pulsar.client.impl.PulsarClientImpl.<init>(PulsarClientImpl.java:153)
	at org.apache.pulsar.client.impl.ClientBuilderImpl.build(ClientBuilderImpl.java:63)
	at org.springframework.pulsar.core.PulsarClientProxy.createInstance(PulsarClientProxy.java:97)
	at org.springframework.pulsar.core.PulsarClientProxy.createInstance(PulsarClientProxy.java:47)
	at org.springframework.pulsar.core.RestartableSingletonFactory.ensureInstanceCreated(RestartableSingletonFactory.java:72)
	at org.springframework.pulsar.core.RestartableSingletonFactory.afterPropertiesSet(RestartableSingletonFactory.java:61)
	at org.springframework.beans.factory.support.AbstractAutowireCapableBeanFactory.invokeInitMethods(AbstractAutowireCapableBeanFactory.java:1855)
	at org.springframework.beans.factory.support.AbstractAutowireCapableBeanFactory.initializeBean(AbstractAutowireCapableBeanFactory.java:1804)
	at org.springframework.beans.factory.support.AbstractAutowireCapableBeanFactory.doCreateBean(AbstractAutowireCapableBeanFactory.java:601)
	at org.springframework.beans.factory.support.AbstractAutowireCapableBeanFactory.createBean(AbstractAutowireCapableBeanFactory.java:523)
	at org.springframework.beans.factory.support.AbstractBeanFactory.lambda$doGetBean$0(AbstractBeanFactory.java:336)
	at org.springframework.beans.factory.support.DefaultSingletonBeanRegistry.getSingleton(DefaultSingletonBeanRegistry.java:289)
	at org.springframework.beans.factory.support.AbstractBeanFactory.doGetBean(AbstractBeanFactory.java:334)
	at org.springframework.beans.factory.support.AbstractBeanFactory.getBean(AbstractBeanFactory.java:199)
	at org.springframework.beans.factory.support.DefaultListableBeanFactory.doResolveDependency(DefaultListableBeanFactory.java:1573)
	at org.springframework.beans.factory.support.DefaultListableBeanFactory.resolveDependency(DefaultListableBeanFactory.java:1519)
	at org.springframework.beans.factory.support.ConstructorResolver.resolveAutowiredArgument(ConstructorResolver.java:913)
	at org.springframework.beans.factory.support.ConstructorResolver.createArgumentArray(ConstructorResolver.java:791)
	at org.springframework.beans.factory.support.ConstructorResolver.instantiateUsingFactoryMethod(ConstructorResolver.java:546)
	at org.springframework.beans.factory.support.AbstractAutowireCapableBeanFactory.instantiateUsingFactoryMethod(AbstractAutowireCapableBeanFactory.java:1357)
	at org.springframework.beans.factory.support.AbstractAutowireCapableBeanFactory.createBeanInstance(AbstractAutowireCapableBeanFactory.java:1187)
	at org.springframework.beans.factory.support.AbstractAutowireCapableBeanFactory.doCreateBean(AbstractAutowireCapableBeanFactory.java:563)
	at org.springframework.beans.factory.support.AbstractAutowireCapableBeanFactory.createBean(AbstractAutowireCapableBeanFactory.java:523)
	at org.springframework.beans.factory.support.AbstractBeanFactory.lambda$doGetBean$0(AbstractBeanFactory.java:336)
	at org.springframework.beans.factory.support.DefaultSingletonBeanRegistry.getSingleton(DefaultSingletonBeanRegistry.java:289)
	at org.springframework.beans.factory.support.AbstractBeanFactory.doGetBean(AbstractBeanFactory.java:334)
	at org.springframework.beans.factory.support.AbstractBeanFactory.getBean(AbstractBeanFactory.java:199)
	at org.springframework.beans.factory.config.DependencyDescriptor.resolveCandidate(DependencyDescriptor.java:254)
	at org.springframework.beans.factory.support.DefaultListableBeanFactory.doResolveDependency(DefaultListableBeanFactory.java:1631)
	at org.springframework.beans.factory.support.DefaultListableBeanFactory.resolveDependency(DefaultListableBeanFactory.java:1519)
	at org.springframework.beans.factory.support.ConstructorResolver.resolveAutowiredArgument(ConstructorResolver.java:913)
	at org.springframework.beans.factory.support.ConstructorResolver.createArgumentArray(ConstructorResolver.java:791)
	at org.springframework.beans.factory.support.ConstructorResolver.instantiateUsingFactoryMethod(ConstructorResolver.java:546)
	at org.springframework.beans.factory.support.AbstractAutowireCapableBeanFactory.instantiateUsingFactoryMethod(AbstractAutowireCapableBeanFactory.java:1357)
	at org.springframework.beans.factory.support.AbstractAutowireCapableBeanFactory.createBeanInstance(AbstractAutowireCapableBeanFactory.java:1187)
	at org.springframework.beans.factory.support.AbstractAutowireCapableBeanFactory.doCreateBean(AbstractAutowireCapableBeanFactory.java:563)
	at org.springframework.beans.factory.support.AbstractAutowireCapableBeanFactory.createBean(AbstractAutowireCapableBeanFactory.java:523)
	at org.springframework.beans.factory.support.AbstractBeanFactory.lambda$doGetBean$0(AbstractBeanFactory.java:336)
	at org.springframework.beans.factory.support.DefaultSingletonBeanRegistry.getSingleton(DefaultSingletonBeanRegistry.java:289)
	at org.springframework.beans.factory.support.AbstractBeanFactory.doGetBean(AbstractBeanFactory.java:334)
	at org.springframework.beans.factory.support.AbstractBeanFactory.getBean(AbstractBeanFactory.java:199)
	at org.springframework.beans.factory.config.DependencyDescriptor.resolveCandidate(DependencyDescriptor.java:254)
	at org.springframework.beans.factory.support.DefaultListableBeanFactory.doResolveDependency(DefaultListableBeanFactory.java:1631)
	at org.springframework.beans.factory.support.DefaultListableBeanFactory.resolveDependency(DefaultListableBeanFactory.java:1519)
	at org.springframework.beans.factory.support.ConstructorResolver.resolveAutowiredArgument(ConstructorResolver.java:913)
	at org.springframework.beans.factory.support.ConstructorResolver.createArgumentArray(ConstructorResolver.java:791)
	at org.springframework.beans.factory.support.ConstructorResolver.autowireConstructor(ConstructorResolver.java:240)
	at org.springframework.beans.factory.support.AbstractAutowireCapableBeanFactory.autowireConstructor(AbstractAutowireCapableBeanFactory.java:1377)
	at org.springframework.beans.factory.support.AbstractAutowireCapableBeanFactory.createBeanInstance(AbstractAutowireCapableBeanFactory.java:1214)
	at org.springframework.beans.factory.support.AbstractAutowireCapableBeanFactory.doCreateBean(AbstractAutowireCapableBeanFactory.java:563)
	at org.springframework.beans.factory.support.AbstractAutowireCapableBeanFactory.createBean(AbstractAutowireCapableBeanFactory.java:523)
	at org.springframework.beans.factory.support.AbstractBeanFactory.lambda$doGetBean$0(AbstractBeanFactory.java:336)
	at org.springframework.beans.factory.support.DefaultSingletonBeanRegistry.getSingleton(DefaultSingletonBeanRegistry.java:289)
	at org.springframework.beans.factory.support.AbstractBeanFactory.doGetBean(AbstractBeanFactory.java:334)
	at org.springframework.beans.factory.support.AbstractBeanFactory.getBean(AbstractBeanFactory.java:199)
	at org.springframework.beans.factory.support.DefaultListableBeanFactory.instantiateSingleton(DefaultListableBeanFactory.java:1122)
	at org.springframework.beans.factory.support.DefaultListableBeanFactory.preInstantiateSingleton(DefaultListableBeanFactory.java:1093)
	at org.springframework.beans.factory.support.DefaultListableBeanFactory.preInstantiateSingletons(DefaultListableBeanFactory.java:1030)
	at org.springframework.context.support.AbstractApplicationContext.finishBeanFactoryInitialization(AbstractApplicationContext.java:987)
	at org.springframework.context.support.AbstractApplicationContext.refresh(AbstractApplicationContext.java:627)
	at org.springframework.boot.web.servlet.context.ServletWebServerApplicationContext.refresh(ServletWebServerApplicationContext.java:146)
	at org.springframework.boot.SpringApplication.refresh(SpringApplication.java:752)
	at org.springframework.boot.SpringApplication.refreshContext(SpringApplication.java:439)
	at org.springframework.boot.SpringApplication.run(SpringApplication.java:318)
	at org.springframework.boot.SpringApplication.run(SpringApplication.java:1361)
	at org.springframework.boot.SpringApplication.run(SpringApplication.java:1350)
	at com.personal.crud_pulsar.CrudPulsarApplicationKt.main(CrudPulsarApplication.kt:15)
	at java.base/jdk.internal.reflect.NativeMethodAccessorImpl.invoke0(Native Method)
	at java.base/jdk.internal.reflect.NativeMethodAccessorImpl.invoke(NativeMethodAccessorImpl.java:77)
	at java.base/jdk.internal.reflect.DelegatingMethodAccessorImpl.invoke(DelegatingMethodAccessorImpl.java:43)
	at java.base/java.lang.reflect.Method.invoke(Method.java:568)
	at org.springframework.boot.devtools.restart.RestartLauncher.run(RestartLauncher.java:50)
2025-01-28 14:25:37 [restartedMain] WARN  o.s.b.a.o.j.JpaBaseConfiguration$JpaWebConfiguration - spring.jpa.open-in-view is enabled by default. Therefore, database queries may be performed during view rendering. Explicitly configure spring.jpa.open-in-view to disable this warning
2025-01-28 14:25:37 [restartedMain] INFO  o.s.b.d.a.OptionalLiveReloadServer - LiveReload server is running on port 35729
2025-01-28 14:25:37 [pulsar-client-io-1-3] INFO  o.a.p.client.impl.ConnectionPool - [[id: 0x1729f7b9, L:/127.0.0.1:52662 - R:localhost/127.0.0.1:6650]] Connected to server
2025-01-28 14:25:37 [pulsar-client-io-1-3] INFO  o.a.p.c.i.ConsumerStatsRecorderImpl - Starting Pulsar consumer status recorder with config: {"topicNames":["persistent://public/default/jt-raw-topic"],"topicsPattern":null,"subscriptionName":"my-subscription","subscriptionType":"Shared","subscriptionProperties":null,"subscriptionMode":"Durable","receiverQueueSize":1000,"acknowledgementsGroupTimeMicros":100000,"maxAcknowledgmentGroupSize":1000,"negativeAckRedeliveryDelayMicros":60000000,"maxTotalReceiverQueueSizeAcrossPartitions":50000,"consumerName":null,"ackTimeoutMillis":0,"tickDurationMillis":1000,"priorityLevel":0,"maxPendingChunkedMessage":10,"autoAckOldestChunkedMessageOnQueueFull":false,"expireTimeOfIncompleteChunkedMessageMillis":60000,"cryptoFailureAction":"FAIL","properties":{},"readCompacted":false,"subscriptionInitialPosition":"Latest","patternAutoDiscoveryPeriod":60,"regexSubscriptionMode":"PersistentOnly","deadLetterPolicy":{"maxRedeliverCount":3,"retryLetterTopic":"jt-raw-topic-retry","deadLetterTopic":"jt-raw-topic-dlq","initialSubscriptionName":null},"retryEnable":false,"autoUpdatePartitions":true,"autoUpdatePartitionsIntervalSeconds":60,"replicateSubscriptionState":false,"resetIncludeHead":false,"batchIndexAckEnabled":false,"ackReceiptEnabled":false,"poolMessages":false,"startPaused":false,"autoScaledReceiverQueueSizeEnabled":false,"topicConfigurations":[],"maxPendingChuckedMessage":10}
2025-01-28 14:25:37 [pulsar-client-io-1-3] INFO  o.a.p.c.i.ConsumerStatsRecorderImpl - Pulsar client config: {"serviceUrl":"pulsar://localhost:6650","authPluginClassName":null,"authParams":null,"authParamMap":null,"operationTimeoutMs":30000,"lookupTimeoutMs":30000,"statsIntervalSeconds":60,"numIoThreads":8,"numListenerThreads":8,"connectionsPerBroker":1,"connectionMaxIdleSeconds":180,"useTcpNoDelay":true,"useTls":false,"tlsKeyFilePath":null,"tlsCertificateFilePath":null,"tlsTrustCertsFilePath":null,"tlsAllowInsecureConnection":false,"tlsHostnameVerificationEnable":false,"concurrentLookupRequest":5000,"maxLookupRequest":50000,"maxLookupRedirects":20,"maxNumberOfRejectedRequestPerConnection":50,"keepAliveIntervalSeconds":30,"connectionTimeoutMs":10000,"requestTimeoutMs":60000,"readTimeoutMs":60000,"autoCertRefreshSeconds":300,"initialBackoffIntervalNanos":100000000,"maxBackoffIntervalNanos":60000000000,"enableBusyWait":false,"listenerName":null,"useKeyStoreTls":false,"sslProvider":null,"tlsKeyStoreType":"JKS","tlsKeyStorePath":null,"tlsKeyStorePassword":null,"tlsTrustStoreType":"JKS","tlsTrustStorePath":null,"tlsTrustStorePassword":null,"tlsCiphers":[],"tlsProtocols":[],"memoryLimitBytes":67108864,"proxyServiceUrl":null,"proxyProtocol":null,"enableTransaction":false,"dnsLookupBindAddress":null,"dnsLookupBindPort":0,"socks5ProxyAddress":null,"socks5ProxyUsername":null,"socks5ProxyPassword":null,"description":null}
2025-01-28 14:25:37 [pulsar-client-io-1-3] INFO  o.a.pulsar.client.impl.ConsumerImpl - [persistent://public/default/jt-raw-topic][my-subscription] Subscribing to topic on cnx [id: 0x1729f7b9, L:/127.0.0.1:52662 - R:localhost/127.0.0.1:6650], consumerId 0
2025-01-28 14:25:37 [pulsar-client-io-1-3] INFO  o.a.pulsar.client.impl.ConsumerImpl - [persistent://public/default/jt-raw-topic][my-subscription] Subscribed to topic on localhost/127.0.0.1:6650 -- consumer: 0
2025-01-28 14:25:37 [pulsar-client-io-1-3] INFO  o.a.p.c.i.ConsumerStatsRecorderImpl - Starting Pulsar consumer status recorder with config: {"topicNames":["persistent://public/default/jt-plain-topic"],"topicsPattern":null,"subscriptionName":"my-subscription","subscriptionType":"Shared","subscriptionProperties":null,"subscriptionMode":"Durable","receiverQueueSize":1000,"acknowledgementsGroupTimeMicros":100000,"maxAcknowledgmentGroupSize":1000,"negativeAckRedeliveryDelayMicros":60000000,"maxTotalReceiverQueueSizeAcrossPartitions":50000,"consumerName":null,"ackTimeoutMillis":0,"tickDurationMillis":1000,"priorityLevel":0,"maxPendingChunkedMessage":10,"autoAckOldestChunkedMessageOnQueueFull":false,"expireTimeOfIncompleteChunkedMessageMillis":60000,"cryptoFailureAction":"FAIL","properties":{},"readCompacted":false,"subscriptionInitialPosition":"Latest","patternAutoDiscoveryPeriod":60,"regexSubscriptionMode":"PersistentOnly","deadLetterPolicy":{"maxRedeliverCount":3,"retryLetterTopic":"jt-raw-topic-retry","deadLetterTopic":"jt-raw-topic-dlq","initialSubscriptionName":null},"retryEnable":false,"autoUpdatePartitions":true,"autoUpdatePartitionsIntervalSeconds":60,"replicateSubscriptionState":false,"resetIncludeHead":false,"batchIndexAckEnabled":false,"ackReceiptEnabled":false,"poolMessages":false,"startPaused":false,"autoScaledReceiverQueueSizeEnabled":false,"topicConfigurations":[],"maxPendingChuckedMessage":10}
2025-01-28 14:25:37 [pulsar-client-io-1-3] INFO  o.a.p.c.i.ConsumerStatsRecorderImpl - Pulsar client config: {"serviceUrl":"pulsar://localhost:6650","authPluginClassName":null,"authParams":null,"authParamMap":null,"operationTimeoutMs":30000,"lookupTimeoutMs":30000,"statsIntervalSeconds":60,"numIoThreads":8,"numListenerThreads":8,"connectionsPerBroker":1,"connectionMaxIdleSeconds":180,"useTcpNoDelay":true,"useTls":false,"tlsKeyFilePath":null,"tlsCertificateFilePath":null,"tlsTrustCertsFilePath":null,"tlsAllowInsecureConnection":false,"tlsHostnameVerificationEnable":false,"concurrentLookupRequest":5000,"maxLookupRequest":50000,"maxLookupRedirects":20,"maxNumberOfRejectedRequestPerConnection":50,"keepAliveIntervalSeconds":30,"connectionTimeoutMs":10000,"requestTimeoutMs":60000,"readTimeoutMs":60000,"autoCertRefreshSeconds":300,"initialBackoffIntervalNanos":100000000,"maxBackoffIntervalNanos":60000000000,"enableBusyWait":false,"listenerName":null,"useKeyStoreTls":false,"sslProvider":null,"tlsKeyStoreType":"JKS","tlsKeyStorePath":null,"tlsKeyStorePassword":null,"tlsTrustStoreType":"JKS","tlsTrustStorePath":null,"tlsTrustStorePassword":null,"tlsCiphers":[],"tlsProtocols":[],"memoryLimitBytes":67108864,"proxyServiceUrl":null,"proxyProtocol":null,"enableTransaction":false,"dnsLookupBindAddress":null,"dnsLookupBindPort":0,"socks5ProxyAddress":null,"socks5ProxyUsername":null,"socks5ProxyPassword":null,"description":null}
2025-01-28 14:25:37 [pulsar-client-io-1-3] INFO  o.a.pulsar.client.impl.ConsumerImpl - [persistent://public/default/jt-plain-topic][my-subscription] Subscribing to topic on cnx [id: 0x1729f7b9, L:/127.0.0.1:52662 - R:localhost/127.0.0.1:6650], consumerId 1
2025-01-28 14:25:37 [pulsar-client-io-1-3] INFO  o.a.pulsar.client.impl.ConsumerImpl - [persistent://public/default/jt-plain-topic][my-subscription] Subscribed to topic on localhost/127.0.0.1:6650 -- consumer: 1
2025-01-28 14:25:37 [pulsar-client-io-1-3] INFO  o.a.p.c.i.ConsumerStatsRecorderImpl - Starting Pulsar consumer status recorder with config: {"topicNames":["persistent://public/default/jt-raw-topic-dlq"],"topicsPattern":null,"subscriptionName":"my-subscription-dlq","subscriptionType":"Exclusive","subscriptionProperties":null,"subscriptionMode":"Durable","receiverQueueSize":1000,"acknowledgementsGroupTimeMicros":100000,"maxAcknowledgmentGroupSize":1000,"negativeAckRedeliveryDelayMicros":60000000,"maxTotalReceiverQueueSizeAcrossPartitions":50000,"consumerName":null,"ackTimeoutMillis":0,"tickDurationMillis":1000,"priorityLevel":0,"maxPendingChunkedMessage":10,"autoAckOldestChunkedMessageOnQueueFull":false,"expireTimeOfIncompleteChunkedMessageMillis":60000,"cryptoFailureAction":"FAIL","properties":{},"readCompacted":false,"subscriptionInitialPosition":"Latest","patternAutoDiscoveryPeriod":60,"regexSubscriptionMode":"PersistentOnly","deadLetterPolicy":{"maxRedeliverCount":3,"retryLetterTopic":"jt-raw-topic-retry","deadLetterTopic":"jt-raw-topic-dlq","initialSubscriptionName":null},"retryEnable":false,"autoUpdatePartitions":true,"autoUpdatePartitionsIntervalSeconds":60,"replicateSubscriptionState":false,"resetIncludeHead":false,"batchIndexAckEnabled":false,"ackReceiptEnabled":false,"poolMessages":false,"startPaused":false,"autoScaledReceiverQueueSizeEnabled":false,"topicConfigurations":[],"maxPendingChuckedMessage":10}
2025-01-28 14:25:37 [pulsar-client-io-1-3] INFO  o.a.p.c.i.ConsumerStatsRecorderImpl - Pulsar client config: {"serviceUrl":"pulsar://localhost:6650","authPluginClassName":null,"authParams":null,"authParamMap":null,"operationTimeoutMs":30000,"lookupTimeoutMs":30000,"statsIntervalSeconds":60,"numIoThreads":8,"numListenerThreads":8,"connectionsPerBroker":1,"connectionMaxIdleSeconds":180,"useTcpNoDelay":true,"useTls":false,"tlsKeyFilePath":null,"tlsCertificateFilePath":null,"tlsTrustCertsFilePath":null,"tlsAllowInsecureConnection":false,"tlsHostnameVerificationEnable":false,"concurrentLookupRequest":5000,"maxLookupRequest":50000,"maxLookupRedirects":20,"maxNumberOfRejectedRequestPerConnection":50,"keepAliveIntervalSeconds":30,"connectionTimeoutMs":10000,"requestTimeoutMs":60000,"readTimeoutMs":60000,"autoCertRefreshSeconds":300,"initialBackoffIntervalNanos":100000000,"maxBackoffIntervalNanos":60000000000,"enableBusyWait":false,"listenerName":null,"useKeyStoreTls":false,"sslProvider":null,"tlsKeyStoreType":"JKS","tlsKeyStorePath":null,"tlsKeyStorePassword":null,"tlsTrustStoreType":"JKS","tlsTrustStorePath":null,"tlsTrustStorePassword":null,"tlsCiphers":[],"tlsProtocols":[],"memoryLimitBytes":67108864,"proxyServiceUrl":null,"proxyProtocol":null,"enableTransaction":false,"dnsLookupBindAddress":null,"dnsLookupBindPort":0,"socks5ProxyAddress":null,"socks5ProxyUsername":null,"socks5ProxyPassword":null,"description":null}
2025-01-28 14:25:37 [pulsar-client-io-1-3] INFO  o.a.pulsar.client.impl.ConsumerImpl - [persistent://public/default/jt-raw-topic-dlq][my-subscription-dlq] Subscribing to topic on cnx [id: 0x1729f7b9, L:/127.0.0.1:52662 - R:localhost/127.0.0.1:6650], consumerId 2
2025-01-28 14:25:37 [pulsar-client-io-1-3] INFO  o.a.pulsar.client.impl.ConsumerImpl - [persistent://public/default/jt-raw-topic-dlq][my-subscription-dlq] Subscribed to topic on localhost/127.0.0.1:6650 -- consumer: 2
2025-01-28 14:25:37 [restartedMain] INFO  o.s.b.w.e.tomcat.TomcatWebServer - Tomcat started on port 9191 (http) with context path '/'
2025-01-28 14:25:37 [restartedMain] INFO  c.p.c.CrudPulsarApplicationKt - Started CrudPulsarApplicationKt in 3.167 seconds (process running for 3.5)
2025-01-28 14:25:41 [http-nio-9191-exec-1] INFO  o.a.c.c.C.[Tomcat].[localhost].[/] - Initializing Spring DispatcherServlet 'dispatcherServlet'
2025-01-28 14:25:41 [http-nio-9191-exec-1] INFO  o.s.web.servlet.DispatcherServlet - Initializing Servlet 'dispatcherServlet'
2025-01-28 14:25:41 [http-nio-9191-exec-1] INFO  o.s.web.servlet.DispatcherServlet - Completed initialization in 1 ms
2025-01-28 14:25:41 [http-nio-9191-exec-1] INFO  c.p.crud_pulsar.HelloController - Fetching all users
2025-01-28 14:25:42 [pulsar-client-io-1-3] INFO  o.a.p.c.i.ProducerStatsRecorderImpl - Starting Pulsar producer perf with config: {"topicName":"persistent://public/default/jt-plain-topic","producerName":null,"sendTimeoutMs":30000,"blockIfQueueFull":false,"maxPendingMessages":0,"maxPendingMessagesAcrossPartitions":0,"messageRoutingMode":"RoundRobinPartition","hashingScheme":"JavaStringHash","cryptoFailureAction":"FAIL","batchingMaxPublishDelayMicros":1000,"batchingPartitionSwitchFrequencyByPublishDelay":10,"batchingMaxMessages":1000,"batchingMaxBytes":131072,"batchingEnabled":true,"chunkingEnabled":false,"chunkMaxMessageSize":-1,"encryptionKeys":[],"compressionType":"NONE","initialSequenceId":null,"autoUpdatePartitions":true,"autoUpdatePartitionsIntervalSeconds":60,"multiSchema":true,"accessMode":"Shared","lazyStartPartitionedProducers":false,"properties":{},"initialSubscriptionName":null}
2025-01-28 14:25:42 [pulsar-client-io-1-3] INFO  o.a.p.c.i.ProducerStatsRecorderImpl - Pulsar client config: {"serviceUrl":"pulsar://localhost:6650","authPluginClassName":null,"authParams":null,"authParamMap":null,"operationTimeoutMs":30000,"lookupTimeoutMs":30000,"statsIntervalSeconds":60,"numIoThreads":8,"numListenerThreads":8,"connectionsPerBroker":1,"connectionMaxIdleSeconds":180,"useTcpNoDelay":true,"useTls":false,"tlsKeyFilePath":null,"tlsCertificateFilePath":null,"tlsTrustCertsFilePath":null,"tlsAllowInsecureConnection":false,"tlsHostnameVerificationEnable":false,"concurrentLookupRequest":5000,"maxLookupRequest":50000,"maxLookupRedirects":20,"maxNumberOfRejectedRequestPerConnection":50,"keepAliveIntervalSeconds":30,"connectionTimeoutMs":10000,"requestTimeoutMs":60000,"readTimeoutMs":60000,"autoCertRefreshSeconds":300,"initialBackoffIntervalNanos":100000000,"maxBackoffIntervalNanos":60000000000,"enableBusyWait":false,"listenerName":null,"useKeyStoreTls":false,"sslProvider":null,"tlsKeyStoreType":"JKS","tlsKeyStorePath":null,"tlsKeyStorePassword":null,"tlsTrustStoreType":"JKS","tlsTrustStorePath":null,"tlsTrustStorePassword":null,"tlsCiphers":[],"tlsProtocols":[],"memoryLimitBytes":67108864,"proxyServiceUrl":null,"proxyProtocol":null,"enableTransaction":false,"dnsLookupBindAddress":null,"dnsLookupBindPort":0,"socks5ProxyAddress":null,"socks5ProxyUsername":null,"socks5ProxyPassword":null,"description":null}
2025-01-28 14:25:42 [pulsar-client-io-1-3] INFO  o.a.pulsar.client.impl.ProducerImpl - [persistent://public/default/jt-plain-topic] [null] Creating producer on cnx [id: 0x1729f7b9, L:/127.0.0.1:52662 - R:localhost/127.0.0.1:6650]
2025-01-28 14:25:42 [pulsar-client-io-1-3] INFO  o.a.pulsar.client.impl.ProducerImpl - [persistent://public/default/jt-plain-topic] [standalone-5-0] Created producer on cnx [id: 0x1729f7b9, L:/127.0.0.1:52662 - R:localhost/127.0.0.1:6650]
2025-01-28 14:25:42 [http-nio-9191-exec-1] INFO  c.p.crud_pulsar.EventPublisher - EventPublisher::publishPlainMessage published the event: Fetched all users
2025-01-28 14:25:42 [org.springframework.Pulsar.PulsarListenerEndpointContainer#0-0-C-1] INFO  c.personal.crud_pulsar.EventConsumer - EventConsumer::consumeTextEvent consumed events Fetched all users
2025-01-28 14:26:37 [pulsar-timer-27-1] INFO  o.a.p.c.i.ConsumerStatsRecorderImpl - [persistent://public/default/jt-plain-topic] [my-subscription] [3a5ce] Prefetched messages: 0 --- Consume throughput received: 0.02 msgs/s --- 0.00 Mbit/s --- Ack sent rate: 0.02 ack/s --- Failed messages: 0 --- batch messages: 0 ---Failed acks: 0
2025-01-28 14:26:42 [pulsar-timer-27-1] INFO  o.a.p.c.i.ProducerStatsRecorderImpl - [persistent://public/default/jt-plain-topic] [standalone-5-0] --- Publish throughput: 0.02 msg/s --- 0.00 Mbit/s --- Latency: med: 58.000 ms - 95pct: 58.000 ms - 99pct: 58.000 ms - 99.9pct: 58.000 ms - max: 58.000 ms --- BatchSize: med: 1.000 - 95pct: 1.000 - 99pct: 1.000 - 99.9pct: 1.000 - max: 1.000 --- MsgSize: med: 17.000 bytes - 95pct: 17.000 bytes - 99pct: 17.000 bytes - 99.9pct: 17.000 bytes - max: 17.000 bytes --- Ack received rate: 0.02 ack/s --- Failed messages: 0 --- Pending messages: 0
2025-01-28 14:26:42 [pulsar-client-io-1-3] INFO  o.a.pulsar.client.impl.ProducerImpl - [persistent://public/default/jt-plain-topic] [standalone-5-0] Closed Producer
2025-01-28 14:40:15 [SpringApplicationShutdownHook] INFO  o.s.b.w.e.tomcat.GracefulShutdown - Commencing graceful shutdown. Waiting for active requests to complete
2025-01-28 14:40:15 [tomcat-shutdown] INFO  o.s.b.w.e.tomcat.GracefulShutdown - Graceful shutdown complete
2025-01-28 14:40:15 [SpringApplicationShutdownHook] INFO  o.s.p.l.DefaultPulsarMessageListenerContainer - Pausing consumer
2025-01-28 14:40:15 [SpringApplicationShutdownHook] INFO  o.s.p.l.DefaultPulsarMessageListenerContainer - Closing consumer
2025-01-28 14:40:15 [pulsar-client-io-1-3] INFO  o.a.pulsar.client.impl.ConsumerImpl - [persistent://public/default/jt-raw-topic] [my-subscription] Closed consumer
2025-01-28 14:40:15 [SpringApplicationShutdownHook] INFO  o.s.p.l.DefaultPulsarMessageListenerContainer - Pausing consumer
2025-01-28 14:40:15 [SpringApplicationShutdownHook] INFO  o.s.p.l.DefaultPulsarMessageListenerContainer - Closing consumer
2025-01-28 14:40:15 [pulsar-client-io-1-3] INFO  o.a.pulsar.client.impl.ConsumerImpl - [persistent://public/default/jt-plain-topic] [my-subscription] Closed consumer
2025-01-28 14:40:15 [SpringApplicationShutdownHook] INFO  o.s.p.l.DefaultPulsarMessageListenerContainer - Pausing consumer
2025-01-28 14:40:15 [SpringApplicationShutdownHook] INFO  o.s.p.l.DefaultPulsarMessageListenerContainer - Closing consumer
2025-01-28 14:40:15 [pulsar-client-io-1-3] INFO  o.a.pulsar.client.impl.ConsumerImpl - [persistent://public/default/jt-raw-topic-dlq] [my-subscription-dlq] Closed consumer
2025-01-28 14:40:15 [SpringApplicationShutdownHook] INFO  o.a.p.client.impl.PulsarClientImpl - Client closing. URL: pulsar://localhost:6650
2025-01-28 14:40:15 [pulsar-client-io-1-3] INFO  o.a.pulsar.client.impl.ClientCnx - [id: 0x1729f7b9, L:/127.0.0.1:52662 ! R:localhost/127.0.0.1:6650] Disconnected
2025-01-28 14:40:17 [SpringApplicationShutdownHook] INFO  o.s.o.j.LocalContainerEntityManagerFactoryBean - Closing JPA EntityManagerFactory for persistence unit 'default'
2025-01-28 14:40:17 [SpringApplicationShutdownHook] INFO  com.zaxxer.hikari.HikariDataSource - HikariPool-1 - Shutdown initiated...
2025-01-28 14:40:17 [SpringApplicationShutdownHook] INFO  com.zaxxer.hikari.HikariDataSource - HikariPool-1 - Shutdown completed.
2025-01-28 14:41:19 [restartedMain] INFO  c.p.c.CrudPulsarApplicationKt - Starting CrudPulsarApplicationKt using Java 17.0.12 with PID 34525 (/Users/uttam.gowda/IdeaProjects/crud-pulsar -1/build/classes/kotlin/main started by uttam.gowda in /Users/uttam.gowda/IdeaProjects/crud-pulsar -1)
2025-01-28 14:41:19 [restartedMain] INFO  c.p.c.CrudPulsarApplicationKt - No active profile set, falling back to 1 default profile: "default"
2025-01-28 14:41:19 [restartedMain] INFO  o.s.b.d.restart.ChangeableUrls - The Class-Path manifest attribute in /Users/uttam.gowda/.gradle/caches/modules-2/files-2.1/org.springframework.pulsar/spring-pulsar-cache-provider-caffeine/1.2.1/c2b0ff3dd061069d916cb1df19e539eda19562e0/spring-pulsar-cache-provider-caffeine-1.2.1.jar referenced one or more files that do not exist: file:/Users/uttam.gowda/.gradle/caches/modules-2/files-2.1/org.springframework.pulsar/spring-pulsar-cache-provider-caffeine/1.2.1/c2b0ff3dd061069d916cb1df19e539eda19562e0/spring-pulsar-cache-provider-1.2.1.jar
2025-01-28 14:41:19 [restartedMain] INFO  o.s.b.d.e.DevToolsPropertyDefaultsPostProcessor - Devtools property defaults active! Set 'spring.devtools.add-properties' to 'false' to disable
2025-01-28 14:41:19 [restartedMain] INFO  o.s.b.d.e.DevToolsPropertyDefaultsPostProcessor - For additional web related logging consider setting the 'logging.level.web' property to 'DEBUG'
2025-01-28 14:41:20 [restartedMain] INFO  o.s.d.r.c.RepositoryConfigurationDelegate - Bootstrapping Spring Data JPA repositories in DEFAULT mode.
2025-01-28 14:41:20 [restartedMain] INFO  o.s.d.r.c.RepositoryConfigurationDelegate - Finished Spring Data repository scanning in 32 ms. Found 2 JPA repository interfaces.
2025-01-28 14:41:20 [restartedMain] INFO  o.s.b.w.e.tomcat.TomcatWebServer - Tomcat initialized with port 9191 (http)
2025-01-28 14:41:20 [restartedMain] INFO  o.a.catalina.core.StandardService - Starting service [Tomcat]
2025-01-28 14:41:20 [restartedMain] INFO  o.a.catalina.core.StandardEngine - Starting Servlet engine: [Apache Tomcat/10.1.34]
2025-01-28 14:41:20 [restartedMain] INFO  o.a.c.c.C.[Tomcat].[localhost].[/] - Initializing Spring embedded WebApplicationContext
2025-01-28 14:41:20 [restartedMain] INFO  o.s.b.w.s.c.ServletWebServerApplicationContext - Root WebApplicationContext: initialization completed in 1329 ms
2025-01-28 14:41:21 [restartedMain] INFO  o.h.jpa.internal.util.LogHelper - HHH000204: Processing PersistenceUnitInfo [name: default]
2025-01-28 14:41:21 [restartedMain] INFO  org.hibernate.Version - HHH000412: Hibernate ORM core version 6.6.4.Final
2025-01-28 14:41:21 [restartedMain] INFO  o.h.c.i.RegionFactoryInitiator - HHH000026: Second-level cache disabled
2025-01-28 14:41:21 [restartedMain] INFO  o.s.o.j.p.SpringPersistenceUnitInfo - No LoadTimeWeaver setup: ignoring JPA class transformer
2025-01-28 14:41:21 [restartedMain] INFO  com.zaxxer.hikari.HikariDataSource - HikariPool-1 - Starting...
2025-01-28 14:41:21 [restartedMain] INFO  com.zaxxer.hikari.pool.HikariPool - HikariPool-1 - Added connection org.postgresql.jdbc.PgConnection@4d121c54
2025-01-28 14:41:21 [restartedMain] INFO  com.zaxxer.hikari.HikariDataSource - HikariPool-1 - Start completed.
2025-01-28 14:41:21 [restartedMain] WARN  org.hibernate.orm.deprecation - HHH90000025: PostgreSQLDialect does not need to be specified explicitly using 'hibernate.dialect' (remove the property setting and it will be selected by default)
2025-01-28 14:41:21 [restartedMain] INFO  o.hibernate.orm.connections.pooling - HHH10001005: Database info:
	Database JDBC URL [Connecting through datasource 'HikariDataSource (HikariPool-1)']
	Database driver: undefined/unknown
	Database version: 17.2
	Autocommit mode: undefined/unknown
	Isolation level: undefined/unknown
	Minimum pool size: undefined/unknown
	Maximum pool size: undefined/unknown
2025-01-28 14:41:21 [restartedMain] INFO  o.h.e.t.j.p.i.JtaPlatformInitiator - HHH000489: No JTA platform available (set 'hibernate.transaction.jta.platform' to enable JTA platform integration)
2025-01-28 14:41:21 [restartedMain] INFO  o.s.o.j.LocalContainerEntityManagerFactoryBean - Initialized JPA EntityManagerFactory for persistence unit 'default'
2025-01-28 14:41:22 [restartedMain] INFO  o.s.p.c.DefaultPulsarClientFactory - Using restartable client
2025-01-28 14:41:22 [restartedMain] ERROR o.a.p.s.i.n.r.d.DnsServerAddressStreamProviders - Unable to load org.apache.pulsar.shade.io.netty.resolver.dns.macos.MacOSDnsServerAddressStreamProvider, fallback to system defaults. This may result in incorrect DNS resolutions on MacOS. Check whether you have a dependency on 'io.netty:netty-resolver-dns-native-macos'. Use DEBUG level to see the full stack: java.lang.UnsatisfiedLinkError: failed to load the required native library
2025-01-28 14:41:22 [restartedMain] WARN  o.a.p.c.util.netty.DnsResolverUtil - Cannot get DNS TTL settings from sun.net.InetAddressCachePolicy class
java.lang.IllegalAccessException: class org.apache.pulsar.common.util.netty.DnsResolverUtil cannot access class sun.net.InetAddressCachePolicy (in module java.base) because module java.base does not export sun.net to unnamed module @2947ed8a
	at java.base/jdk.internal.reflect.Reflection.newIllegalAccessException(Reflection.java:392)
	at java.base/java.lang.reflect.AccessibleObject.checkAccess(AccessibleObject.java:674)
	at java.base/java.lang.reflect.Method.invoke(Method.java:560)
	at org.apache.pulsar.common.util.netty.DnsResolverUtil.<clinit>(DnsResolverUtil.java:46)
	at org.apache.pulsar.client.impl.ConnectionPool.createAddressResolver(ConnectionPool.java:159)
	at org.apache.pulsar.client.impl.ConnectionPool.lambda$new$1(ConnectionPool.java:126)
	at java.base/java.util.Optional.orElseGet(Optional.java:364)
	at org.apache.pulsar.client.impl.ConnectionPool.<init>(ConnectionPool.java:126)
	at org.apache.pulsar.client.impl.ConnectionPool.<init>(ConnectionPool.java:95)
	at org.apache.pulsar.client.impl.ConnectionPool.<init>(ConnectionPool.java:90)
	at org.apache.pulsar.client.impl.PulsarClientImpl.<init>(PulsarClientImpl.java:196)
	at org.apache.pulsar.client.impl.PulsarClientImpl.<init>(PulsarClientImpl.java:153)
	at org.apache.pulsar.client.impl.ClientBuilderImpl.build(ClientBuilderImpl.java:63)
	at org.springframework.pulsar.core.PulsarClientProxy.createInstance(PulsarClientProxy.java:97)
	at org.springframework.pulsar.core.PulsarClientProxy.createInstance(PulsarClientProxy.java:47)
	at org.springframework.pulsar.core.RestartableSingletonFactory.ensureInstanceCreated(RestartableSingletonFactory.java:72)
	at org.springframework.pulsar.core.RestartableSingletonFactory.afterPropertiesSet(RestartableSingletonFactory.java:61)
	at org.springframework.beans.factory.support.AbstractAutowireCapableBeanFactory.invokeInitMethods(AbstractAutowireCapableBeanFactory.java:1855)
	at org.springframework.beans.factory.support.AbstractAutowireCapableBeanFactory.initializeBean(AbstractAutowireCapableBeanFactory.java:1804)
	at org.springframework.beans.factory.support.AbstractAutowireCapableBeanFactory.doCreateBean(AbstractAutowireCapableBeanFactory.java:601)
	at org.springframework.beans.factory.support.AbstractAutowireCapableBeanFactory.createBean(AbstractAutowireCapableBeanFactory.java:523)
	at org.springframework.beans.factory.support.AbstractBeanFactory.lambda$doGetBean$0(AbstractBeanFactory.java:336)
	at org.springframework.beans.factory.support.DefaultSingletonBeanRegistry.getSingleton(DefaultSingletonBeanRegistry.java:289)
	at org.springframework.beans.factory.support.AbstractBeanFactory.doGetBean(AbstractBeanFactory.java:334)
	at org.springframework.beans.factory.support.AbstractBeanFactory.getBean(AbstractBeanFactory.java:199)
	at org.springframework.beans.factory.support.DefaultListableBeanFactory.doResolveDependency(DefaultListableBeanFactory.java:1573)
	at org.springframework.beans.factory.support.DefaultListableBeanFactory.resolveDependency(DefaultListableBeanFactory.java:1519)
	at org.springframework.beans.factory.support.ConstructorResolver.resolveAutowiredArgument(ConstructorResolver.java:913)
	at org.springframework.beans.factory.support.ConstructorResolver.createArgumentArray(ConstructorResolver.java:791)
	at org.springframework.beans.factory.support.ConstructorResolver.instantiateUsingFactoryMethod(ConstructorResolver.java:546)
	at org.springframework.beans.factory.support.AbstractAutowireCapableBeanFactory.instantiateUsingFactoryMethod(AbstractAutowireCapableBeanFactory.java:1357)
	at org.springframework.beans.factory.support.AbstractAutowireCapableBeanFactory.createBeanInstance(AbstractAutowireCapableBeanFactory.java:1187)
	at org.springframework.beans.factory.support.AbstractAutowireCapableBeanFactory.doCreateBean(AbstractAutowireCapableBeanFactory.java:563)
	at org.springframework.beans.factory.support.AbstractAutowireCapableBeanFactory.createBean(AbstractAutowireCapableBeanFactory.java:523)
	at org.springframework.beans.factory.support.AbstractBeanFactory.lambda$doGetBean$0(AbstractBeanFactory.java:336)
	at org.springframework.beans.factory.support.DefaultSingletonBeanRegistry.getSingleton(DefaultSingletonBeanRegistry.java:289)
	at org.springframework.beans.factory.support.AbstractBeanFactory.doGetBean(AbstractBeanFactory.java:334)
	at org.springframework.beans.factory.support.AbstractBeanFactory.getBean(AbstractBeanFactory.java:199)
	at org.springframework.beans.factory.config.DependencyDescriptor.resolveCandidate(DependencyDescriptor.java:254)
	at org.springframework.beans.factory.support.DefaultListableBeanFactory.doResolveDependency(DefaultListableBeanFactory.java:1631)
	at org.springframework.beans.factory.support.DefaultListableBeanFactory.resolveDependency(DefaultListableBeanFactory.java:1519)
	at org.springframework.beans.factory.support.ConstructorResolver.resolveAutowiredArgument(ConstructorResolver.java:913)
	at org.springframework.beans.factory.support.ConstructorResolver.createArgumentArray(ConstructorResolver.java:791)
	at org.springframework.beans.factory.support.ConstructorResolver.instantiateUsingFactoryMethod(ConstructorResolver.java:546)
	at org.springframework.beans.factory.support.AbstractAutowireCapableBeanFactory.instantiateUsingFactoryMethod(AbstractAutowireCapableBeanFactory.java:1357)
	at org.springframework.beans.factory.support.AbstractAutowireCapableBeanFactory.createBeanInstance(AbstractAutowireCapableBeanFactory.java:1187)
	at org.springframework.beans.factory.support.AbstractAutowireCapableBeanFactory.doCreateBean(AbstractAutowireCapableBeanFactory.java:563)
	at org.springframework.beans.factory.support.AbstractAutowireCapableBeanFactory.createBean(AbstractAutowireCapableBeanFactory.java:523)
	at org.springframework.beans.factory.support.AbstractBeanFactory.lambda$doGetBean$0(AbstractBeanFactory.java:336)
	at org.springframework.beans.factory.support.DefaultSingletonBeanRegistry.getSingleton(DefaultSingletonBeanRegistry.java:289)
	at org.springframework.beans.factory.support.AbstractBeanFactory.doGetBean(AbstractBeanFactory.java:334)
	at org.springframework.beans.factory.support.AbstractBeanFactory.getBean(AbstractBeanFactory.java:199)
	at org.springframework.beans.factory.config.DependencyDescriptor.resolveCandidate(DependencyDescriptor.java:254)
	at org.springframework.beans.factory.support.DefaultListableBeanFactory.doResolveDependency(DefaultListableBeanFactory.java:1631)
	at org.springframework.beans.factory.support.DefaultListableBeanFactory.resolveDependency(DefaultListableBeanFactory.java:1519)
	at org.springframework.beans.factory.support.ConstructorResolver.resolveAutowiredArgument(ConstructorResolver.java:913)
	at org.springframework.beans.factory.support.ConstructorResolver.createArgumentArray(ConstructorResolver.java:791)
	at org.springframework.beans.factory.support.ConstructorResolver.autowireConstructor(ConstructorResolver.java:240)
	at org.springframework.beans.factory.support.AbstractAutowireCapableBeanFactory.autowireConstructor(AbstractAutowireCapableBeanFactory.java:1377)
	at org.springframework.beans.factory.support.AbstractAutowireCapableBeanFactory.createBeanInstance(AbstractAutowireCapableBeanFactory.java:1214)
	at org.springframework.beans.factory.support.AbstractAutowireCapableBeanFactory.doCreateBean(AbstractAutowireCapableBeanFactory.java:563)
	at org.springframework.beans.factory.support.AbstractAutowireCapableBeanFactory.createBean(AbstractAutowireCapableBeanFactory.java:523)
	at org.springframework.beans.factory.support.AbstractBeanFactory.lambda$doGetBean$0(AbstractBeanFactory.java:336)
	at org.springframework.beans.factory.support.DefaultSingletonBeanRegistry.getSingleton(DefaultSingletonBeanRegistry.java:289)
	at org.springframework.beans.factory.support.AbstractBeanFactory.doGetBean(AbstractBeanFactory.java:334)
	at org.springframework.beans.factory.support.AbstractBeanFactory.getBean(AbstractBeanFactory.java:199)
	at org.springframework.beans.factory.support.DefaultListableBeanFactory.instantiateSingleton(DefaultListableBeanFactory.java:1122)
	at org.springframework.beans.factory.support.DefaultListableBeanFactory.preInstantiateSingleton(DefaultListableBeanFactory.java:1093)
	at org.springframework.beans.factory.support.DefaultListableBeanFactory.preInstantiateSingletons(DefaultListableBeanFactory.java:1030)
	at org.springframework.context.support.AbstractApplicationContext.finishBeanFactoryInitialization(AbstractApplicationContext.java:987)
	at org.springframework.context.support.AbstractApplicationContext.refresh(AbstractApplicationContext.java:627)
	at org.springframework.boot.web.servlet.context.ServletWebServerApplicationContext.refresh(ServletWebServerApplicationContext.java:146)
	at org.springframework.boot.SpringApplication.refresh(SpringApplication.java:752)
	at org.springframework.boot.SpringApplication.refreshContext(SpringApplication.java:439)
	at org.springframework.boot.SpringApplication.run(SpringApplication.java:318)
	at org.springframework.boot.SpringApplication.run(SpringApplication.java:1361)
	at org.springframework.boot.SpringApplication.run(SpringApplication.java:1350)
	at com.personal.crud_pulsar.CrudPulsarApplicationKt.main(CrudPulsarApplication.kt:15)
	at java.base/jdk.internal.reflect.NativeMethodAccessorImpl.invoke0(Native Method)
	at java.base/jdk.internal.reflect.NativeMethodAccessorImpl.invoke(NativeMethodAccessorImpl.java:77)
	at java.base/jdk.internal.reflect.DelegatingMethodAccessorImpl.invoke(DelegatingMethodAccessorImpl.java:43)
	at java.base/java.lang.reflect.Method.invoke(Method.java:568)
	at org.springframework.boot.devtools.restart.RestartLauncher.run(RestartLauncher.java:50)
2025-01-28 14:41:22 [restartedMain] WARN  o.s.b.a.o.j.JpaBaseConfiguration$JpaWebConfiguration - spring.jpa.open-in-view is enabled by default. Therefore, database queries may be performed during view rendering. Explicitly configure spring.jpa.open-in-view to disable this warning
2025-01-28 14:41:22 [restartedMain] INFO  o.s.b.d.a.OptionalLiveReloadServer - LiveReload server is running on port 35729
2025-01-28 14:41:22 [pulsar-client-io-1-3] INFO  o.a.p.client.impl.ConnectionPool - [[id: 0xf5a21fe3, L:/127.0.0.1:53105 - R:localhost/127.0.0.1:6650]] Connected to server
2025-01-28 14:41:22 [pulsar-client-io-1-3] INFO  o.a.p.c.i.ConsumerStatsRecorderImpl - Starting Pulsar consumer status recorder with config: {"topicNames":["persistent://public/default/jt-raw-topic"],"topicsPattern":null,"subscriptionName":"my-subscription","subscriptionType":"Shared","subscriptionProperties":null,"subscriptionMode":"Durable","receiverQueueSize":1000,"acknowledgementsGroupTimeMicros":100000,"maxAcknowledgmentGroupSize":1000,"negativeAckRedeliveryDelayMicros":60000000,"maxTotalReceiverQueueSizeAcrossPartitions":50000,"consumerName":null,"ackTimeoutMillis":0,"tickDurationMillis":1000,"priorityLevel":0,"maxPendingChunkedMessage":10,"autoAckOldestChunkedMessageOnQueueFull":false,"expireTimeOfIncompleteChunkedMessageMillis":60000,"cryptoFailureAction":"FAIL","properties":{},"readCompacted":false,"subscriptionInitialPosition":"Latest","patternAutoDiscoveryPeriod":60,"regexSubscriptionMode":"PersistentOnly","deadLetterPolicy":{"maxRedeliverCount":3,"retryLetterTopic":"jt-raw-topic-retry","deadLetterTopic":"jt-raw-topic-dlq","initialSubscriptionName":null},"retryEnable":false,"autoUpdatePartitions":true,"autoUpdatePartitionsIntervalSeconds":60,"replicateSubscriptionState":false,"resetIncludeHead":false,"batchIndexAckEnabled":false,"ackReceiptEnabled":false,"poolMessages":false,"startPaused":false,"autoScaledReceiverQueueSizeEnabled":false,"topicConfigurations":[],"maxPendingChuckedMessage":10}
2025-01-28 14:41:22 [pulsar-client-io-1-3] INFO  o.a.p.c.i.ConsumerStatsRecorderImpl - Pulsar client config: {"serviceUrl":"pulsar://localhost:6650","authPluginClassName":null,"authParams":null,"authParamMap":null,"operationTimeoutMs":30000,"lookupTimeoutMs":30000,"statsIntervalSeconds":60,"numIoThreads":8,"numListenerThreads":8,"connectionsPerBroker":1,"connectionMaxIdleSeconds":180,"useTcpNoDelay":true,"useTls":false,"tlsKeyFilePath":null,"tlsCertificateFilePath":null,"tlsTrustCertsFilePath":null,"tlsAllowInsecureConnection":false,"tlsHostnameVerificationEnable":false,"concurrentLookupRequest":5000,"maxLookupRequest":50000,"maxLookupRedirects":20,"maxNumberOfRejectedRequestPerConnection":50,"keepAliveIntervalSeconds":30,"connectionTimeoutMs":10000,"requestTimeoutMs":60000,"readTimeoutMs":60000,"autoCertRefreshSeconds":300,"initialBackoffIntervalNanos":100000000,"maxBackoffIntervalNanos":60000000000,"enableBusyWait":false,"listenerName":null,"useKeyStoreTls":false,"sslProvider":null,"tlsKeyStoreType":"JKS","tlsKeyStorePath":null,"tlsKeyStorePassword":null,"tlsTrustStoreType":"JKS","tlsTrustStorePath":null,"tlsTrustStorePassword":null,"tlsCiphers":[],"tlsProtocols":[],"memoryLimitBytes":67108864,"proxyServiceUrl":null,"proxyProtocol":null,"enableTransaction":false,"dnsLookupBindAddress":null,"dnsLookupBindPort":0,"socks5ProxyAddress":null,"socks5ProxyUsername":null,"socks5ProxyPassword":null,"description":null}
2025-01-28 14:41:22 [pulsar-client-io-1-3] INFO  o.a.pulsar.client.impl.ConsumerImpl - [persistent://public/default/jt-raw-topic][my-subscription] Subscribing to topic on cnx [id: 0xf5a21fe3, L:/127.0.0.1:53105 - R:localhost/127.0.0.1:6650], consumerId 0
2025-01-28 14:41:22 [pulsar-client-io-1-3] INFO  o.a.pulsar.client.impl.ConsumerImpl - [persistent://public/default/jt-raw-topic][my-subscription] Subscribed to topic on localhost/127.0.0.1:6650 -- consumer: 0
2025-01-28 14:41:22 [pulsar-client-io-1-3] INFO  o.a.p.c.i.ConsumerStatsRecorderImpl - Starting Pulsar consumer status recorder with config: {"topicNames":["persistent://public/default/jt-plain-topic"],"topicsPattern":null,"subscriptionName":"my-subscription","subscriptionType":"Shared","subscriptionProperties":null,"subscriptionMode":"Durable","receiverQueueSize":1000,"acknowledgementsGroupTimeMicros":100000,"maxAcknowledgmentGroupSize":1000,"negativeAckRedeliveryDelayMicros":60000000,"maxTotalReceiverQueueSizeAcrossPartitions":50000,"consumerName":null,"ackTimeoutMillis":0,"tickDurationMillis":1000,"priorityLevel":0,"maxPendingChunkedMessage":10,"autoAckOldestChunkedMessageOnQueueFull":false,"expireTimeOfIncompleteChunkedMessageMillis":60000,"cryptoFailureAction":"FAIL","properties":{},"readCompacted":false,"subscriptionInitialPosition":"Latest","patternAutoDiscoveryPeriod":60,"regexSubscriptionMode":"PersistentOnly","deadLetterPolicy":{"maxRedeliverCount":3,"retryLetterTopic":"jt-raw-topic-retry","deadLetterTopic":"jt-raw-topic-dlq","initialSubscriptionName":null},"retryEnable":false,"autoUpdatePartitions":true,"autoUpdatePartitionsIntervalSeconds":60,"replicateSubscriptionState":false,"resetIncludeHead":false,"batchIndexAckEnabled":false,"ackReceiptEnabled":false,"poolMessages":false,"startPaused":false,"autoScaledReceiverQueueSizeEnabled":false,"topicConfigurations":[],"maxPendingChuckedMessage":10}
2025-01-28 14:41:22 [pulsar-client-io-1-3] INFO  o.a.p.c.i.ConsumerStatsRecorderImpl - Pulsar client config: {"serviceUrl":"pulsar://localhost:6650","authPluginClassName":null,"authParams":null,"authParamMap":null,"operationTimeoutMs":30000,"lookupTimeoutMs":30000,"statsIntervalSeconds":60,"numIoThreads":8,"numListenerThreads":8,"connectionsPerBroker":1,"connectionMaxIdleSeconds":180,"useTcpNoDelay":true,"useTls":false,"tlsKeyFilePath":null,"tlsCertificateFilePath":null,"tlsTrustCertsFilePath":null,"tlsAllowInsecureConnection":false,"tlsHostnameVerificationEnable":false,"concurrentLookupRequest":5000,"maxLookupRequest":50000,"maxLookupRedirects":20,"maxNumberOfRejectedRequestPerConnection":50,"keepAliveIntervalSeconds":30,"connectionTimeoutMs":10000,"requestTimeoutMs":60000,"readTimeoutMs":60000,"autoCertRefreshSeconds":300,"initialBackoffIntervalNanos":100000000,"maxBackoffIntervalNanos":60000000000,"enableBusyWait":false,"listenerName":null,"useKeyStoreTls":false,"sslProvider":null,"tlsKeyStoreType":"JKS","tlsKeyStorePath":null,"tlsKeyStorePassword":null,"tlsTrustStoreType":"JKS","tlsTrustStorePath":null,"tlsTrustStorePassword":null,"tlsCiphers":[],"tlsProtocols":[],"memoryLimitBytes":67108864,"proxyServiceUrl":null,"proxyProtocol":null,"enableTransaction":false,"dnsLookupBindAddress":null,"dnsLookupBindPort":0,"socks5ProxyAddress":null,"socks5ProxyUsername":null,"socks5ProxyPassword":null,"description":null}
2025-01-28 14:41:22 [pulsar-client-io-1-3] INFO  o.a.pulsar.client.impl.ConsumerImpl - [persistent://public/default/jt-plain-topic][my-subscription] Subscribing to topic on cnx [id: 0xf5a21fe3, L:/127.0.0.1:53105 - R:localhost/127.0.0.1:6650], consumerId 1
2025-01-28 14:41:22 [pulsar-client-io-1-3] INFO  o.a.pulsar.client.impl.ConsumerImpl - [persistent://public/default/jt-plain-topic][my-subscription] Subscribed to topic on localhost/127.0.0.1:6650 -- consumer: 1
2025-01-28 14:41:22 [pulsar-client-io-1-3] INFO  o.a.p.c.i.ConsumerStatsRecorderImpl - Starting Pulsar consumer status recorder with config: {"topicNames":["persistent://public/default/jt-raw-topic-dlq"],"topicsPattern":null,"subscriptionName":"my-subscription-dlq","subscriptionType":"Exclusive","subscriptionProperties":null,"subscriptionMode":"Durable","receiverQueueSize":1000,"acknowledgementsGroupTimeMicros":100000,"maxAcknowledgmentGroupSize":1000,"negativeAckRedeliveryDelayMicros":60000000,"maxTotalReceiverQueueSizeAcrossPartitions":50000,"consumerName":null,"ackTimeoutMillis":0,"tickDurationMillis":1000,"priorityLevel":0,"maxPendingChunkedMessage":10,"autoAckOldestChunkedMessageOnQueueFull":false,"expireTimeOfIncompleteChunkedMessageMillis":60000,"cryptoFailureAction":"FAIL","properties":{},"readCompacted":false,"subscriptionInitialPosition":"Latest","patternAutoDiscoveryPeriod":60,"regexSubscriptionMode":"PersistentOnly","deadLetterPolicy":{"maxRedeliverCount":3,"retryLetterTopic":"jt-raw-topic-retry","deadLetterTopic":"jt-raw-topic-dlq","initialSubscriptionName":null},"retryEnable":false,"autoUpdatePartitions":true,"autoUpdatePartitionsIntervalSeconds":60,"replicateSubscriptionState":false,"resetIncludeHead":false,"batchIndexAckEnabled":false,"ackReceiptEnabled":false,"poolMessages":false,"startPaused":false,"autoScaledReceiverQueueSizeEnabled":false,"topicConfigurations":[],"maxPendingChuckedMessage":10}
2025-01-28 14:41:22 [pulsar-client-io-1-3] INFO  o.a.p.c.i.ConsumerStatsRecorderImpl - Pulsar client config: {"serviceUrl":"pulsar://localhost:6650","authPluginClassName":null,"authParams":null,"authParamMap":null,"operationTimeoutMs":30000,"lookupTimeoutMs":30000,"statsIntervalSeconds":60,"numIoThreads":8,"numListenerThreads":8,"connectionsPerBroker":1,"connectionMaxIdleSeconds":180,"useTcpNoDelay":true,"useTls":false,"tlsKeyFilePath":null,"tlsCertificateFilePath":null,"tlsTrustCertsFilePath":null,"tlsAllowInsecureConnection":false,"tlsHostnameVerificationEnable":false,"concurrentLookupRequest":5000,"maxLookupRequest":50000,"maxLookupRedirects":20,"maxNumberOfRejectedRequestPerConnection":50,"keepAliveIntervalSeconds":30,"connectionTimeoutMs":10000,"requestTimeoutMs":60000,"readTimeoutMs":60000,"autoCertRefreshSeconds":300,"initialBackoffIntervalNanos":100000000,"maxBackoffIntervalNanos":60000000000,"enableBusyWait":false,"listenerName":null,"useKeyStoreTls":false,"sslProvider":null,"tlsKeyStoreType":"JKS","tlsKeyStorePath":null,"tlsKeyStorePassword":null,"tlsTrustStoreType":"JKS","tlsTrustStorePath":null,"tlsTrustStorePassword":null,"tlsCiphers":[],"tlsProtocols":[],"memoryLimitBytes":67108864,"proxyServiceUrl":null,"proxyProtocol":null,"enableTransaction":false,"dnsLookupBindAddress":null,"dnsLookupBindPort":0,"socks5ProxyAddress":null,"socks5ProxyUsername":null,"socks5ProxyPassword":null,"description":null}
2025-01-28 14:41:22 [pulsar-client-io-1-3] INFO  o.a.pulsar.client.impl.ConsumerImpl - [persistent://public/default/jt-raw-topic-dlq][my-subscription-dlq] Subscribing to topic on cnx [id: 0xf5a21fe3, L:/127.0.0.1:53105 - R:localhost/127.0.0.1:6650], consumerId 2
2025-01-28 14:41:22 [pulsar-client-io-1-3] INFO  o.a.pulsar.client.impl.ConsumerImpl - [persistent://public/default/jt-raw-topic-dlq][my-subscription-dlq] Subscribed to topic on localhost/127.0.0.1:6650 -- consumer: 2
2025-01-28 14:41:22 [restartedMain] INFO  o.s.b.w.e.tomcat.TomcatWebServer - Tomcat started on port 9191 (http) with context path '/'
2025-01-28 14:41:22 [restartedMain] INFO  c.p.c.CrudPulsarApplicationKt - Started CrudPulsarApplicationKt in 3.744 seconds (process running for 4.064)
2025-01-28 14:41:28 [http-nio-9191-exec-1] INFO  o.a.c.c.C.[Tomcat].[localhost].[/] - Initializing Spring DispatcherServlet 'dispatcherServlet'
2025-01-28 14:41:28 [http-nio-9191-exec-1] INFO  o.s.web.servlet.DispatcherServlet - Initializing Servlet 'dispatcherServlet'
2025-01-28 14:41:28 [http-nio-9191-exec-1] INFO  o.s.web.servlet.DispatcherServlet - Completed initialization in 0 ms
2025-01-28 14:41:28 [http-nio-9191-exec-1] INFO  c.p.crud_pulsar.HelloController - Fetching all users
2025-01-28 14:41:28 [pulsar-client-io-1-3] INFO  o.a.p.c.i.ProducerStatsRecorderImpl - Starting Pulsar producer perf with config: {"topicName":"persistent://public/default/jt-plain-topic","producerName":null,"sendTimeoutMs":30000,"blockIfQueueFull":false,"maxPendingMessages":0,"maxPendingMessagesAcrossPartitions":0,"messageRoutingMode":"RoundRobinPartition","hashingScheme":"JavaStringHash","cryptoFailureAction":"FAIL","batchingMaxPublishDelayMicros":1000,"batchingPartitionSwitchFrequencyByPublishDelay":10,"batchingMaxMessages":1000,"batchingMaxBytes":131072,"batchingEnabled":true,"chunkingEnabled":false,"chunkMaxMessageSize":-1,"encryptionKeys":[],"compressionType":"NONE","initialSequenceId":null,"autoUpdatePartitions":true,"autoUpdatePartitionsIntervalSeconds":60,"multiSchema":true,"accessMode":"Shared","lazyStartPartitionedProducers":false,"properties":{},"initialSubscriptionName":null}
2025-01-28 14:41:28 [pulsar-client-io-1-3] INFO  o.a.p.c.i.ProducerStatsRecorderImpl - Pulsar client config: {"serviceUrl":"pulsar://localhost:6650","authPluginClassName":null,"authParams":null,"authParamMap":null,"operationTimeoutMs":30000,"lookupTimeoutMs":30000,"statsIntervalSeconds":60,"numIoThreads":8,"numListenerThreads":8,"connectionsPerBroker":1,"connectionMaxIdleSeconds":180,"useTcpNoDelay":true,"useTls":false,"tlsKeyFilePath":null,"tlsCertificateFilePath":null,"tlsTrustCertsFilePath":null,"tlsAllowInsecureConnection":false,"tlsHostnameVerificationEnable":false,"concurrentLookupRequest":5000,"maxLookupRequest":50000,"maxLookupRedirects":20,"maxNumberOfRejectedRequestPerConnection":50,"keepAliveIntervalSeconds":30,"connectionTimeoutMs":10000,"requestTimeoutMs":60000,"readTimeoutMs":60000,"autoCertRefreshSeconds":300,"initialBackoffIntervalNanos":100000000,"maxBackoffIntervalNanos":60000000000,"enableBusyWait":false,"listenerName":null,"useKeyStoreTls":false,"sslProvider":null,"tlsKeyStoreType":"JKS","tlsKeyStorePath":null,"tlsKeyStorePassword":null,"tlsTrustStoreType":"JKS","tlsTrustStorePath":null,"tlsTrustStorePassword":null,"tlsCiphers":[],"tlsProtocols":[],"memoryLimitBytes":67108864,"proxyServiceUrl":null,"proxyProtocol":null,"enableTransaction":false,"dnsLookupBindAddress":null,"dnsLookupBindPort":0,"socks5ProxyAddress":null,"socks5ProxyUsername":null,"socks5ProxyPassword":null,"description":null}
2025-01-28 14:41:28 [pulsar-client-io-1-3] INFO  o.a.pulsar.client.impl.ProducerImpl - [persistent://public/default/jt-plain-topic] [null] Creating producer on cnx [id: 0xf5a21fe3, L:/127.0.0.1:53105 - R:localhost/127.0.0.1:6650]
2025-01-28 14:41:28 [pulsar-client-io-1-3] INFO  o.a.pulsar.client.impl.ProducerImpl - [persistent://public/default/jt-plain-topic] [standalone-5-1] Created producer on cnx [id: 0xf5a21fe3, L:/127.0.0.1:53105 - R:localhost/127.0.0.1:6650]
2025-01-28 14:41:28 [http-nio-9191-exec-1] INFO  c.p.crud_pulsar.EventPublisher - EventPublisher::publishPlainMessage published the event: Fetched all users
2025-01-28 14:41:28 [http-nio-9191-exec-1] INFO  c.p.crud_pulsar.EventPublisher - EventPublisher::publishPlainMessage published the event: AuditMessage(action=Fetch Users, description=Users fetched successfully, statusCode=200)
2025-01-28 14:41:28 [http-nio-9191-exec-1] WARN  o.h.e.jdbc.spi.SqlExceptionHelper - SQL Error: 0, SQLState: 23502
2025-01-28 14:41:28 [http-nio-9191-exec-1] ERROR o.h.e.jdbc.spi.SqlExceptionHelper - ERROR: null value in column "status_code" of relation "audit_logs" violates not-null constraint
  Detail: Failing row contains (1, Fetch Users, Users fetched successfully, null, 2025-01-28 14:41:28.2086, 200).
2025-01-28 14:41:28 [http-nio-9191-exec-1] ERROR c.p.crud_pulsar.HelloController - Internal server error while fetching users
org.springframework.dao.DataIntegrityViolationException: could not execute statement [ERROR: null value in column "status_code" of relation "audit_logs" violates not-null constraint
  Detail: Failing row contains (1, Fetch Users, Users fetched successfully, null, 2025-01-28 14:41:28.2086, 200).] [insert into audit_logs (action,description,statusCode,timestamp) values (?,?,?,?)]; SQL [insert into audit_logs (action,description,statusCode,timestamp) values (?,?,?,?)]; constraint [status_code" of relation "audit_logs]
	at org.springframework.orm.jpa.vendor.HibernateJpaDialect.convertHibernateAccessException(HibernateJpaDialect.java:290)
	at org.springframework.orm.jpa.vendor.HibernateJpaDialect.translateExceptionIfPossible(HibernateJpaDialect.java:241)
	at org.springframework.orm.jpa.AbstractEntityManagerFactoryBean.translateExceptionIfPossible(AbstractEntityManagerFactoryBean.java:560)
	at org.springframework.dao.support.ChainedPersistenceExceptionTranslator.translateExceptionIfPossible(ChainedPersistenceExceptionTranslator.java:61)
	at org.springframework.dao.support.DataAccessUtils.translateIfNecessary(DataAccessUtils.java:343)
	at org.springframework.dao.support.PersistenceExceptionTranslationInterceptor.invoke(PersistenceExceptionTranslationInterceptor.java:160)
	at org.springframework.aop.framework.ReflectiveMethodInvocation.proceed(ReflectiveMethodInvocation.java:184)
	at org.springframework.data.jpa.repository.support.CrudMethodMetadataPostProcessor$CrudMethodMetadataPopulatingMethodInterceptor.invoke(CrudMethodMetadataPostProcessor.java:165)
	at org.springframework.aop.framework.ReflectiveMethodInvocation.proceed(ReflectiveMethodInvocation.java:184)
	at org.springframework.data.repository.core.support.MethodInvocationValidator.invoke(MethodInvocationValidator.java:96)
	at org.springframework.aop.framework.ReflectiveMethodInvocation.proceed(ReflectiveMethodInvocation.java:184)
	at org.springframework.aop.framework.JdkDynamicAopProxy.invoke(JdkDynamicAopProxy.java:223)
	at jdk.proxy4/jdk.proxy4.$Proxy137.save(Unknown Source)
	at com.personal.crud_pulsar.AuditLogService.saveAuditLog(AuditLogService.kt:9)
	at com.personal.crud_pulsar.HelloController.publishAuditEvent(HelloController.kt:298)
	at com.personal.crud_pulsar.HelloController.listUsers(HelloController.kt:191)
	at java.base/jdk.internal.reflect.NativeMethodAccessorImpl.invoke0(Native Method)
	at java.base/jdk.internal.reflect.NativeMethodAccessorImpl.invoke(NativeMethodAccessorImpl.java:77)
	at java.base/jdk.internal.reflect.DelegatingMethodAccessorImpl.invoke(DelegatingMethodAccessorImpl.java:43)
	at java.base/java.lang.reflect.Method.invoke(Method.java:568)
	at kotlin.reflect.jvm.internal.calls.CallerImpl$Method.callMethod(CallerImpl.kt:97)
	at kotlin.reflect.jvm.internal.calls.CallerImpl$Method$Instance.call(CallerImpl.kt:113)
	at kotlin.reflect.jvm.internal.KCallableImpl.callDefaultMethod$kotlin_reflection(KCallableImpl.kt:207)
	at kotlin.reflect.jvm.internal.KCallableImpl.callBy(KCallableImpl.kt:112)
	at org.springframework.web.method.support.InvocableHandlerMethod$KotlinDelegate.invokeFunction(InvocableHandlerMethod.java:337)
	at org.springframework.web.method.support.InvocableHandlerMethod.doInvoke(InvocableHandlerMethod.java:254)
	at org.springframework.web.method.support.InvocableHandlerMethod.invokeForRequest(InvocableHandlerMethod.java:190)
	at org.springframework.web.servlet.mvc.method.annotation.ServletInvocableHandlerMethod.invokeAndHandle(ServletInvocableHandlerMethod.java:118)
	at org.springframework.web.servlet.mvc.method.annotation.RequestMappingHandlerAdapter.invokeHandlerMethod(RequestMappingHandlerAdapter.java:986)
	at org.springframework.web.servlet.mvc.method.annotation.RequestMappingHandlerAdapter.handleInternal(RequestMappingHandlerAdapter.java:891)
	at org.springframework.web.servlet.mvc.method.AbstractHandlerMethodAdapter.handle(AbstractHandlerMethodAdapter.java:87)
	at org.springframework.web.servlet.DispatcherServlet.doDispatch(DispatcherServlet.java:1088)
	at org.springframework.web.servlet.DispatcherServlet.doService(DispatcherServlet.java:978)
	at org.springframework.web.servlet.FrameworkServlet.processRequest(FrameworkServlet.java:1014)
	at org.springframework.web.servlet.FrameworkServlet.doGet(FrameworkServlet.java:903)
	at jakarta.servlet.http.HttpServlet.service(HttpServlet.java:564)
	at org.springframework.web.servlet.FrameworkServlet.service(FrameworkServlet.java:885)
	at jakarta.servlet.http.HttpServlet.service(HttpServlet.java:658)
	at org.apache.catalina.core.ApplicationFilterChain.internalDoFilter(ApplicationFilterChain.java:195)
	at org.apache.catalina.core.ApplicationFilterChain.doFilter(ApplicationFilterChain.java:140)
	at org.apache.tomcat.websocket.server.WsFilter.doFilter(WsFilter.java:51)
	at org.apache.catalina.core.ApplicationFilterChain.internalDoFilter(ApplicationFilterChain.java:164)
	at org.apache.catalina.core.ApplicationFilterChain.doFilter(ApplicationFilterChain.java:140)
	at org.springframework.web.filter.RequestContextFilter.doFilterInternal(RequestContextFilter.java:100)
	at org.springframework.web.filter.OncePerRequestFilter.doFilter(OncePerRequestFilter.java:116)
	at org.apache.catalina.core.ApplicationFilterChain.internalDoFilter(ApplicationFilterChain.java:164)
	at org.apache.catalina.core.ApplicationFilterChain.doFilter(ApplicationFilterChain.java:140)
	at org.springframework.web.filter.FormContentFilter.doFilterInternal(FormContentFilter.java:93)
	at org.springframework.web.filter.OncePerRequestFilter.doFilter(OncePerRequestFilter.java:116)
	at org.apache.catalina.core.ApplicationFilterChain.internalDoFilter(ApplicationFilterChain.java:164)
	at org.apache.catalina.core.ApplicationFilterChain.doFilter(ApplicationFilterChain.java:140)
	at org.springframework.web.filter.CharacterEncodingFilter.doFilterInternal(CharacterEncodingFilter.java:201)
	at org.springframework.web.filter.OncePerRequestFilter.doFilter(OncePerRequestFilter.java:116)
	at org.apache.catalina.core.ApplicationFilterChain.internalDoFilter(ApplicationFilterChain.java:164)
	at org.apache.catalina.core.ApplicationFilterChain.doFilter(ApplicationFilterChain.java:140)
	at org.apache.catalina.core.StandardWrapperValve.invoke(StandardWrapperValve.java:167)
	at org.apache.catalina.core.StandardContextValve.invoke(StandardContextValve.java:90)
	at org.apache.catalina.authenticator.AuthenticatorBase.invoke(AuthenticatorBase.java:483)
	at org.apache.catalina.core.StandardHostValve.invoke(StandardHostValve.java:115)
	at org.apache.catalina.valves.ErrorReportValve.invoke(ErrorReportValve.java:93)
	at org.apache.catalina.core.StandardEngineValve.invoke(StandardEngineValve.java:74)
	at org.apache.catalina.connector.CoyoteAdapter.service(CoyoteAdapter.java:344)
	at org.apache.coyote.http11.Http11Processor.service(Http11Processor.java:397)
	at org.apache.coyote.AbstractProcessorLight.process(AbstractProcessorLight.java:63)
	at org.apache.coyote.AbstractProtocol$ConnectionHandler.process(AbstractProtocol.java:905)
	at org.apache.tomcat.util.net.NioEndpoint$SocketProcessor.doRun(NioEndpoint.java:1741)
	at org.apache.tomcat.util.net.SocketProcessorBase.run(SocketProcessorBase.java:52)
	at org.apache.tomcat.util.threads.ThreadPoolExecutor.runWorker(ThreadPoolExecutor.java:1190)
	at org.apache.tomcat.util.threads.ThreadPoolExecutor$Worker.run(ThreadPoolExecutor.java:659)
	at org.apache.tomcat.util.threads.TaskThread$WrappingRunnable.run(TaskThread.java:63)
	at java.base/java.lang.Thread.run(Thread.java:842)
Caused by: org.hibernate.exception.ConstraintViolationException: could not execute statement [ERROR: null value in column "status_code" of relation "audit_logs" violates not-null constraint
  Detail: Failing row contains (1, Fetch Users, Users fetched successfully, null, 2025-01-28 14:41:28.2086, 200).] [insert into audit_logs (action,description,statusCode,timestamp) values (?,?,?,?)]
	at org.hibernate.exception.internal.SQLStateConversionDelegate.convert(SQLStateConversionDelegate.java:97)
	at org.hibernate.exception.internal.StandardSQLExceptionConverter.convert(StandardSQLExceptionConverter.java:58)
	at org.hibernate.engine.jdbc.spi.SqlExceptionHelper.convert(SqlExceptionHelper.java:108)
	at org.hibernate.engine.jdbc.internal.ResultSetReturnImpl.executeUpdate(ResultSetReturnImpl.java:197)
	at org.hibernate.id.insert.GetGeneratedKeysDelegate.performMutation(GetGeneratedKeysDelegate.java:116)
	at org.hibernate.engine.jdbc.mutation.internal.MutationExecutorSingleNonBatched.performNonBatchedOperations(MutationExecutorSingleNonBatched.java:47)
	at org.hibernate.engine.jdbc.mutation.internal.AbstractMutationExecutor.execute(AbstractMutationExecutor.java:55)
	at org.hibernate.persister.entity.mutation.InsertCoordinatorStandard.doStaticInserts(InsertCoordinatorStandard.java:194)
	at org.hibernate.persister.entity.mutation.InsertCoordinatorStandard.coordinateInsert(InsertCoordinatorStandard.java:132)
	at org.hibernate.persister.entity.mutation.InsertCoordinatorStandard.insert(InsertCoordinatorStandard.java:95)
	at org.hibernate.action.internal.EntityIdentityInsertAction.execute(EntityIdentityInsertAction.java:85)
	at org.hibernate.engine.spi.ActionQueue.execute(ActionQueue.java:682)
	at org.hibernate.engine.spi.ActionQueue.addResolvedEntityInsertAction(ActionQueue.java:293)
	at org.hibernate.engine.spi.ActionQueue.addInsertAction(ActionQueue.java:274)
	at org.hibernate.engine.spi.ActionQueue.addAction(ActionQueue.java:324)
	at org.hibernate.event.internal.AbstractSaveEventListener.addInsertAction(AbstractSaveEventListener.java:393)
	at org.hibernate.event.internal.AbstractSaveEventListener.performSaveOrReplicate(AbstractSaveEventListener.java:307)
	at org.hibernate.event.internal.AbstractSaveEventListener.performSave(AbstractSaveEventListener.java:223)
	at org.hibernate.event.internal.AbstractSaveEventListener.saveWithGeneratedId(AbstractSaveEventListener.java:136)
	at org.hibernate.event.internal.DefaultPersistEventListener.entityIsTransient(DefaultPersistEventListener.java:177)
	at org.hibernate.event.internal.DefaultPersistEventListener.persist(DefaultPersistEventListener.java:95)
	at org.hibernate.event.internal.DefaultPersistEventListener.onPersist(DefaultPersistEventListener.java:79)
	at org.hibernate.event.internal.DefaultPersistEventListener.onPersist(DefaultPersistEventListener.java:55)
	at org.hibernate.event.service.internal.EventListenerGroupImpl.fireEventOnEachListener(EventListenerGroupImpl.java:127)
	at org.hibernate.internal.SessionImpl.firePersist(SessionImpl.java:761)
	at org.hibernate.internal.SessionImpl.persist(SessionImpl.java:745)
	at java.base/jdk.internal.reflect.NativeMethodAccessorImpl.invoke0(Native Method)
	at java.base/jdk.internal.reflect.NativeMethodAccessorImpl.invoke(NativeMethodAccessorImpl.java:77)
	at java.base/jdk.internal.reflect.DelegatingMethodAccessorImpl.invoke(DelegatingMethodAccessorImpl.java:43)
	at java.base/java.lang.reflect.Method.invoke(Method.java:568)
	at org.springframework.orm.jpa.ExtendedEntityManagerCreator$ExtendedEntityManagerInvocationHandler.invoke(ExtendedEntityManagerCreator.java:364)
	at jdk.proxy4/jdk.proxy4.$Proxy133.persist(Unknown Source)
	at java.base/jdk.internal.reflect.NativeMethodAccessorImpl.invoke0(Native Method)
	at java.base/jdk.internal.reflect.NativeMethodAccessorImpl.invoke(NativeMethodAccessorImpl.java:77)
	at java.base/jdk.internal.reflect.DelegatingMethodAccessorImpl.invoke(DelegatingMethodAccessorImpl.java:43)
	at java.base/java.lang.reflect.Method.invoke(Method.java:568)
	at org.springframework.orm.jpa.SharedEntityManagerCreator$SharedEntityManagerInvocationHandler.invoke(SharedEntityManagerCreator.java:320)
	at jdk.proxy4/jdk.proxy4.$Proxy133.persist(Unknown Source)
	at org.springframework.data.jpa.repository.support.SimpleJpaRepository.save(SimpleJpaRepository.java:627)
	at java.base/jdk.internal.reflect.NativeMethodAccessorImpl.invoke0(Native Method)
	at java.base/jdk.internal.reflect.NativeMethodAccessorImpl.invoke(NativeMethodAccessorImpl.java:77)
	at java.base/jdk.internal.reflect.DelegatingMethodAccessorImpl.invoke(DelegatingMethodAccessorImpl.java:43)
	at java.base/java.lang.reflect.Method.invoke(Method.java:568)
	at org.springframework.aop.support.AopUtils.invokeJoinpointUsingReflection(AopUtils.java:359)
	at org.springframework.data.repository.core.support.RepositoryMethodInvoker$RepositoryFragmentMethodInvoker.lambda$new$0(RepositoryMethodInvoker.java:277)
	at org.springframework.data.repository.core.support.RepositoryMethodInvoker.doInvoke(RepositoryMethodInvoker.java:170)
	at org.springframework.data.repository.core.support.RepositoryMethodInvoker.invoke(RepositoryMethodInvoker.java:158)
	at org.springframework.data.repository.core.support.RepositoryComposition$RepositoryFragments.invoke(RepositoryComposition.java:515)
	at org.springframework.data.repository.core.support.RepositoryComposition.invoke(RepositoryComposition.java:284)
	at org.springframework.data.repository.core.support.RepositoryFactorySupport$ImplementationMethodExecutionInterceptor.invoke(RepositoryFactorySupport.java:752)
	at org.springframework.aop.framework.ReflectiveMethodInvocation.proceed(ReflectiveMethodInvocation.java:184)
	at org.springframework.data.repository.core.support.QueryExecutorMethodInterceptor.doInvoke(QueryExecutorMethodInterceptor.java:174)
	at org.springframework.data.repository.core.support.QueryExecutorMethodInterceptor.invoke(QueryExecutorMethodInterceptor.java:149)
	at org.springframework.aop.framework.ReflectiveMethodInvocation.proceed(ReflectiveMethodInvocation.java:184)
	at org.springframework.data.projection.DefaultMethodInvokingMethodInterceptor.invoke(DefaultMethodInvokingMethodInterceptor.java:69)
	at org.springframework.aop.framework.ReflectiveMethodInvocation.proceed(ReflectiveMethodInvocation.java:184)
	at org.springframework.transaction.interceptor.TransactionAspectSupport.invokeWithinTransaction(TransactionAspectSupport.java:380)
	at org.springframework.transaction.interceptor.TransactionInterceptor.invoke(TransactionInterceptor.java:119)
	at org.springframework.aop.framework.ReflectiveMethodInvocation.proceed(ReflectiveMethodInvocation.java:184)
	at org.springframework.dao.support.PersistenceExceptionTranslationInterceptor.invoke(PersistenceExceptionTranslationInterceptor.java:138)
	... 65 common frames omitted
Caused by: org.postgresql.util.PSQLException: ERROR: null value in column "status_code" of relation "audit_logs" violates not-null constraint
  Detail: Failing row contains (1, Fetch Users, Users fetched successfully, null, 2025-01-28 14:41:28.2086, 200).
	at org.postgresql.core.v3.QueryExecutorImpl.receiveErrorResponse(QueryExecutorImpl.java:2733)
	at org.postgresql.core.v3.QueryExecutorImpl.processResults(QueryExecutorImpl.java:2420)
	at org.postgresql.core.v3.QueryExecutorImpl.execute(QueryExecutorImpl.java:372)
	at org.postgresql.jdbc.PgStatement.executeInternal(PgStatement.java:517)
	at org.postgresql.jdbc.PgStatement.execute(PgStatement.java:434)
	at org.postgresql.jdbc.PgPreparedStatement.executeWithFlags(PgPreparedStatement.java:194)
	at org.postgresql.jdbc.PgPreparedStatement.executeUpdate(PgPreparedStatement.java:155)
	at com.zaxxer.hikari.pool.ProxyPreparedStatement.executeUpdate(ProxyPreparedStatement.java:61)
	at com.zaxxer.hikari.pool.HikariProxyPreparedStatement.executeUpdate(HikariProxyPreparedStatement.java)
	at org.hibernate.engine.jdbc.internal.ResultSetReturnImpl.executeUpdate(ResultSetReturnImpl.java:194)
	... 121 common frames omitted
2025-01-28 14:41:28 [http-nio-9191-exec-1] INFO  c.p.crud_pulsar.EventPublisher - EventPublisher::publishPlainMessage published the event: AuditMessage(action=Fetch Users, description=Internal server error, statusCode=500)
2025-01-28 14:41:28 [http-nio-9191-exec-1] WARN  o.h.e.jdbc.spi.SqlExceptionHelper - SQL Error: 0, SQLState: 23502
2025-01-28 14:41:28 [http-nio-9191-exec-1] ERROR o.h.e.jdbc.spi.SqlExceptionHelper - ERROR: null value in column "status_code" of relation "audit_logs" violates not-null constraint
  Detail: Failing row contains (2, Fetch Users, Internal server error, null, 2025-01-28 14:41:28.240889, 500).
2025-01-28 14:41:28 [http-nio-9191-exec-1] ERROR o.a.c.c.C.[.[.[.[dispatcherServlet] - Servlet.service() for servlet [dispatcherServlet] in context with path [] threw exception [Request processing failed: org.springframework.dao.DataIntegrityViolationException: could not execute statement [ERROR: null value in column "status_code" of relation "audit_logs" violates not-null constraint
  Detail: Failing row contains (2, Fetch Users, Internal server error, null, 2025-01-28 14:41:28.240889, 500).] [insert into audit_logs (action,description,statusCode,timestamp) values (?,?,?,?)]; SQL [insert into audit_logs (action,description,statusCode,timestamp) values (?,?,?,?)]; constraint [status_code" of relation "audit_logs]] with root cause
org.postgresql.util.PSQLException: ERROR: null value in column "status_code" of relation "audit_logs" violates not-null constraint
  Detail: Failing row contains (2, Fetch Users, Internal server error, null, 2025-01-28 14:41:28.240889, 500).
	at org.postgresql.core.v3.QueryExecutorImpl.receiveErrorResponse(QueryExecutorImpl.java:2733)
	at org.postgresql.core.v3.QueryExecutorImpl.processResults(QueryExecutorImpl.java:2420)
	at org.postgresql.core.v3.QueryExecutorImpl.execute(QueryExecutorImpl.java:372)
	at org.postgresql.jdbc.PgStatement.executeInternal(PgStatement.java:517)
	at org.postgresql.jdbc.PgStatement.execute(PgStatement.java:434)
	at org.postgresql.jdbc.PgPreparedStatement.executeWithFlags(PgPreparedStatement.java:194)
	at org.postgresql.jdbc.PgPreparedStatement.executeUpdate(PgPreparedStatement.java:155)
	at com.zaxxer.hikari.pool.ProxyPreparedStatement.executeUpdate(ProxyPreparedStatement.java:61)
	at com.zaxxer.hikari.pool.HikariProxyPreparedStatement.executeUpdate(HikariProxyPreparedStatement.java)
	at org.hibernate.engine.jdbc.internal.ResultSetReturnImpl.executeUpdate(ResultSetReturnImpl.java:194)
	at org.hibernate.id.insert.GetGeneratedKeysDelegate.performMutation(GetGeneratedKeysDelegate.java:116)
	at org.hibernate.engine.jdbc.mutation.internal.MutationExecutorSingleNonBatched.performNonBatchedOperations(MutationExecutorSingleNonBatched.java:47)
	at org.hibernate.engine.jdbc.mutation.internal.AbstractMutationExecutor.execute(AbstractMutationExecutor.java:55)
	at org.hibernate.persister.entity.mutation.InsertCoordinatorStandard.doStaticInserts(InsertCoordinatorStandard.java:194)
	at org.hibernate.persister.entity.mutation.InsertCoordinatorStandard.coordinateInsert(InsertCoordinatorStandard.java:132)
	at org.hibernate.persister.entity.mutation.InsertCoordinatorStandard.insert(InsertCoordinatorStandard.java:95)
	at org.hibernate.action.internal.EntityIdentityInsertAction.execute(EntityIdentityInsertAction.java:85)
	at org.hibernate.engine.spi.ActionQueue.execute(ActionQueue.java:682)
	at org.hibernate.engine.spi.ActionQueue.addResolvedEntityInsertAction(ActionQueue.java:293)
	at org.hibernate.engine.spi.ActionQueue.addInsertAction(ActionQueue.java:274)
	at org.hibernate.engine.spi.ActionQueue.addAction(ActionQueue.java:324)
	at org.hibernate.event.internal.AbstractSaveEventListener.addInsertAction(AbstractSaveEventListener.java:393)
	at org.hibernate.event.internal.AbstractSaveEventListener.performSaveOrReplicate(AbstractSaveEventListener.java:307)
	at org.hibernate.event.internal.AbstractSaveEventListener.performSave(AbstractSaveEventListener.java:223)
	at org.hibernate.event.internal.AbstractSaveEventListener.saveWithGeneratedId(AbstractSaveEventListener.java:136)
	at org.hibernate.event.internal.DefaultPersistEventListener.entityIsTransient(DefaultPersistEventListener.java:177)
	at org.hibernate.event.internal.DefaultPersistEventListener.persist(DefaultPersistEventListener.java:95)
	at org.hibernate.event.internal.DefaultPersistEventListener.onPersist(DefaultPersistEventListener.java:79)
	at org.hibernate.event.internal.DefaultPersistEventListener.onPersist(DefaultPersistEventListener.java:55)
	at org.hibernate.event.service.internal.EventListenerGroupImpl.fireEventOnEachListener(EventListenerGroupImpl.java:127)
	at org.hibernate.internal.SessionImpl.firePersist(SessionImpl.java:761)
	at org.hibernate.internal.SessionImpl.persist(SessionImpl.java:745)
	at java.base/jdk.internal.reflect.NativeMethodAccessorImpl.invoke0(Native Method)
	at java.base/jdk.internal.reflect.NativeMethodAccessorImpl.invoke(NativeMethodAccessorImpl.java:77)
	at java.base/jdk.internal.reflect.DelegatingMethodAccessorImpl.invoke(DelegatingMethodAccessorImpl.java:43)
	at java.base/java.lang.reflect.Method.invoke(Method.java:568)
	at org.springframework.orm.jpa.ExtendedEntityManagerCreator$ExtendedEntityManagerInvocationHandler.invoke(ExtendedEntityManagerCreator.java:364)
	at jdk.proxy4/jdk.proxy4.$Proxy133.persist(Unknown Source)
	at java.base/jdk.internal.reflect.NativeMethodAccessorImpl.invoke0(Native Method)
	at java.base/jdk.internal.reflect.NativeMethodAccessorImpl.invoke(NativeMethodAccessorImpl.java:77)
	at java.base/jdk.internal.reflect.DelegatingMethodAccessorImpl.invoke(DelegatingMethodAccessorImpl.java:43)
	at java.base/java.lang.reflect.Method.invoke(Method.java:568)
	at org.springframework.orm.jpa.SharedEntityManagerCreator$SharedEntityManagerInvocationHandler.invoke(SharedEntityManagerCreator.java:320)
	at jdk.proxy4/jdk.proxy4.$Proxy133.persist(Unknown Source)
	at org.springframework.data.jpa.repository.support.SimpleJpaRepository.save(SimpleJpaRepository.java:627)
	at java.base/jdk.internal.reflect.NativeMethodAccessorImpl.invoke0(Native Method)
	at java.base/jdk.internal.reflect.NativeMethodAccessorImpl.invoke(NativeMethodAccessorImpl.java:77)
	at java.base/jdk.internal.reflect.DelegatingMethodAccessorImpl.invoke(DelegatingMethodAccessorImpl.java:43)
	at java.base/java.lang.reflect.Method.invoke(Method.java:568)
	at org.springframework.aop.support.AopUtils.invokeJoinpointUsingReflection(AopUtils.java:359)
	at org.springframework.data.repository.core.support.RepositoryMethodInvoker$RepositoryFragmentMethodInvoker.lambda$new$0(RepositoryMethodInvoker.java:277)
	at org.springframework.data.repository.core.support.RepositoryMethodInvoker.doInvoke(RepositoryMethodInvoker.java:170)
	at org.springframework.data.repository.core.support.RepositoryMethodInvoker.invoke(RepositoryMethodInvoker.java:158)
	at org.springframework.data.repository.core.support.RepositoryComposition$RepositoryFragments.invoke(RepositoryComposition.java:515)
	at org.springframework.data.repository.core.support.RepositoryComposition.invoke(RepositoryComposition.java:284)
	at org.springframework.data.repository.core.support.RepositoryFactorySupport$ImplementationMethodExecutionInterceptor.invoke(RepositoryFactorySupport.java:752)
	at org.springframework.aop.framework.ReflectiveMethodInvocation.proceed(ReflectiveMethodInvocation.java:184)
	at org.springframework.data.repository.core.support.QueryExecutorMethodInterceptor.doInvoke(QueryExecutorMethodInterceptor.java:174)
	at org.springframework.data.repository.core.support.QueryExecutorMethodInterceptor.invoke(QueryExecutorMethodInterceptor.java:149)
	at org.springframework.aop.framework.ReflectiveMethodInvocation.proceed(ReflectiveMethodInvocation.java:184)
	at org.springframework.data.projection.DefaultMethodInvokingMethodInterceptor.invoke(DefaultMethodInvokingMethodInterceptor.java:69)
	at org.springframework.aop.framework.ReflectiveMethodInvocation.proceed(ReflectiveMethodInvocation.java:184)
	at org.springframework.transaction.interceptor.TransactionAspectSupport.invokeWithinTransaction(TransactionAspectSupport.java:380)
	at org.springframework.transaction.interceptor.TransactionInterceptor.invoke(TransactionInterceptor.java:119)
	at org.springframework.aop.framework.ReflectiveMethodInvocation.proceed(ReflectiveMethodInvocation.java:184)
	at org.springframework.dao.support.PersistenceExceptionTranslationInterceptor.invoke(PersistenceExceptionTranslationInterceptor.java:138)
	at org.springframework.aop.framework.ReflectiveMethodInvocation.proceed(ReflectiveMethodInvocation.java:184)
	at org.springframework.data.jpa.repository.support.CrudMethodMetadataPostProcessor$CrudMethodMetadataPopulatingMethodInterceptor.invoke(CrudMethodMetadataPostProcessor.java:165)
	at org.springframework.aop.framework.ReflectiveMethodInvocation.proceed(ReflectiveMethodInvocation.java:184)
	at org.springframework.data.repository.core.support.MethodInvocationValidator.invoke(MethodInvocationValidator.java:96)
	at org.springframework.aop.framework.ReflectiveMethodInvocation.proceed(ReflectiveMethodInvocation.java:184)
	at org.springframework.aop.framework.JdkDynamicAopProxy.invoke(JdkDynamicAopProxy.java:223)
	at jdk.proxy4/jdk.proxy4.$Proxy137.save(Unknown Source)
	at com.personal.crud_pulsar.AuditLogService.saveAuditLog(AuditLogService.kt:9)
	at com.personal.crud_pulsar.HelloController.publishAuditEvent(HelloController.kt:298)
	at com.personal.crud_pulsar.HelloController.listUsers(HelloController.kt:195)
	at java.base/jdk.internal.reflect.NativeMethodAccessorImpl.invoke0(Native Method)
	at java.base/jdk.internal.reflect.NativeMethodAccessorImpl.invoke(NativeMethodAccessorImpl.java:77)
	at java.base/jdk.internal.reflect.DelegatingMethodAccessorImpl.invoke(DelegatingMethodAccessorImpl.java:43)
	at java.base/java.lang.reflect.Method.invoke(Method.java:568)
	at kotlin.reflect.jvm.internal.calls.CallerImpl$Method.callMethod(CallerImpl.kt:97)
	at kotlin.reflect.jvm.internal.calls.CallerImpl$Method$Instance.call(CallerImpl.kt:113)
	at kotlin.reflect.jvm.internal.KCallableImpl.callDefaultMethod$kotlin_reflection(KCallableImpl.kt:207)
	at kotlin.reflect.jvm.internal.KCallableImpl.callBy(KCallableImpl.kt:112)
	at org.springframework.web.method.support.InvocableHandlerMethod$KotlinDelegate.invokeFunction(InvocableHandlerMethod.java:337)
	at org.springframework.web.method.support.InvocableHandlerMethod.doInvoke(InvocableHandlerMethod.java:254)
	at org.springframework.web.method.support.InvocableHandlerMethod.invokeForRequest(InvocableHandlerMethod.java:190)
	at org.springframework.web.servlet.mvc.method.annotation.ServletInvocableHandlerMethod.invokeAndHandle(ServletInvocableHandlerMethod.java:118)
	at org.springframework.web.servlet.mvc.method.annotation.RequestMappingHandlerAdapter.invokeHandlerMethod(RequestMappingHandlerAdapter.java:986)
	at org.springframework.web.servlet.mvc.method.annotation.RequestMappingHandlerAdapter.handleInternal(RequestMappingHandlerAdapter.java:891)
	at org.springframework.web.servlet.mvc.method.AbstractHandlerMethodAdapter.handle(AbstractHandlerMethodAdapter.java:87)
	at org.springframework.web.servlet.DispatcherServlet.doDispatch(DispatcherServlet.java:1088)
	at org.springframework.web.servlet.DispatcherServlet.doService(DispatcherServlet.java:978)
	at org.springframework.web.servlet.FrameworkServlet.processRequest(FrameworkServlet.java:1014)
	at org.springframework.web.servlet.FrameworkServlet.doGet(FrameworkServlet.java:903)
	at jakarta.servlet.http.HttpServlet.service(HttpServlet.java:564)
	at org.springframework.web.servlet.FrameworkServlet.service(FrameworkServlet.java:885)
	at jakarta.servlet.http.HttpServlet.service(HttpServlet.java:658)
	at org.apache.catalina.core.ApplicationFilterChain.internalDoFilter(ApplicationFilterChain.java:195)
	at org.apache.catalina.core.ApplicationFilterChain.doFilter(ApplicationFilterChain.java:140)
	at org.apache.tomcat.websocket.server.WsFilter.doFilter(WsFilter.java:51)
	at org.apache.catalina.core.ApplicationFilterChain.internalDoFilter(ApplicationFilterChain.java:164)
	at org.apache.catalina.core.ApplicationFilterChain.doFilter(ApplicationFilterChain.java:140)
	at org.springframework.web.filter.RequestContextFilter.doFilterInternal(RequestContextFilter.java:100)
	at org.springframework.web.filter.OncePerRequestFilter.doFilter(OncePerRequestFilter.java:116)
	at org.apache.catalina.core.ApplicationFilterChain.internalDoFilter(ApplicationFilterChain.java:164)
	at org.apache.catalina.core.ApplicationFilterChain.doFilter(ApplicationFilterChain.java:140)
	at org.springframework.web.filter.FormContentFilter.doFilterInternal(FormContentFilter.java:93)
	at org.springframework.web.filter.OncePerRequestFilter.doFilter(OncePerRequestFilter.java:116)
	at org.apache.catalina.core.ApplicationFilterChain.internalDoFilter(ApplicationFilterChain.java:164)
	at org.apache.catalina.core.ApplicationFilterChain.doFilter(ApplicationFilterChain.java:140)
	at org.springframework.web.filter.CharacterEncodingFilter.doFilterInternal(CharacterEncodingFilter.java:201)
	at org.springframework.web.filter.OncePerRequestFilter.doFilter(OncePerRequestFilter.java:116)
	at org.apache.catalina.core.ApplicationFilterChain.internalDoFilter(ApplicationFilterChain.java:164)
	at org.apache.catalina.core.ApplicationFilterChain.doFilter(ApplicationFilterChain.java:140)
	at org.apache.catalina.core.StandardWrapperValve.invoke(StandardWrapperValve.java:167)
	at org.apache.catalina.core.StandardContextValve.invoke(StandardContextValve.java:90)
	at org.apache.catalina.authenticator.AuthenticatorBase.invoke(AuthenticatorBase.java:483)
	at org.apache.catalina.core.StandardHostValve.invoke(StandardHostValve.java:115)
	at org.apache.catalina.valves.ErrorReportValve.invoke(ErrorReportValve.java:93)
	at org.apache.catalina.core.StandardEngineValve.invoke(StandardEngineValve.java:74)
	at org.apache.catalina.connector.CoyoteAdapter.service(CoyoteAdapter.java:344)
	at org.apache.coyote.http11.Http11Processor.service(Http11Processor.java:397)
	at org.apache.coyote.AbstractProcessorLight.process(AbstractProcessorLight.java:63)
	at org.apache.coyote.AbstractProtocol$ConnectionHandler.process(AbstractProtocol.java:905)
	at org.apache.tomcat.util.net.NioEndpoint$SocketProcessor.doRun(NioEndpoint.java:1741)
	at org.apache.tomcat.util.net.SocketProcessorBase.run(SocketProcessorBase.java:52)
	at org.apache.tomcat.util.threads.ThreadPoolExecutor.runWorker(ThreadPoolExecutor.java:1190)
	at org.apache.tomcat.util.threads.ThreadPoolExecutor$Worker.run(ThreadPoolExecutor.java:659)
	at org.apache.tomcat.util.threads.TaskThread$WrappingRunnable.run(TaskThread.java:63)
	at java.base/java.lang.Thread.run(Thread.java:842)
2025-01-28 14:41:28 [org.springframework.Pulsar.PulsarListenerEndpointContainer#0-0-C-1] INFO  c.personal.crud_pulsar.EventConsumer - EventConsumer::consumeTextEvent consumed events Fetched all users
2025-01-28 14:41:28 [org.springframework.Pulsar.PulsarListenerEndpointContainer#0-0-C-1] INFO  c.personal.crud_pulsar.EventConsumer - EventConsumer::consumeTextEvent consumed events AuditMessage(action=Fetch Users, description=Users fetched successfully, statusCode=200)
2025-01-28 14:41:28 [org.springframework.Pulsar.PulsarListenerEndpointContainer#0-0-C-1] INFO  c.personal.crud_pulsar.EventConsumer - EventConsumer::consumeTextEvent consumed events AuditMessage(action=Fetch Users, description=Internal server error, statusCode=500)
2025-01-28 14:41:28 [http-nio-9191-exec-2] INFO  c.p.crud_pulsar.HelloController - Fetching all users
2025-01-28 14:41:28 [http-nio-9191-exec-2] INFO  c.p.crud_pulsar.EventPublisher - EventPublisher::publishPlainMessage published the event: Fetched all users
2025-01-28 14:41:28 [http-nio-9191-exec-2] INFO  c.p.crud_pulsar.EventPublisher - EventPublisher::publishPlainMessage published the event: AuditMessage(action=Fetch Users, description=Users fetched successfully, statusCode=200)
2025-01-28 14:41:28 [http-nio-9191-exec-2] WARN  o.h.e.jdbc.spi.SqlExceptionHelper - SQL Error: 0, SQLState: 23502
2025-01-28 14:41:28 [http-nio-9191-exec-2] ERROR o.h.e.jdbc.spi.SqlExceptionHelper - ERROR: null value in column "status_code" of relation "audit_logs" violates not-null constraint
  Detail: Failing row contains (3, Fetch Users, Users fetched successfully, null, 2025-01-28 14:41:28.317998, 200).
2025-01-28 14:41:28 [http-nio-9191-exec-2] ERROR c.p.crud_pulsar.HelloController - Internal server error while fetching users
org.springframework.dao.DataIntegrityViolationException: could not execute statement [ERROR: null value in column "status_code" of relation "audit_logs" violates not-null constraint
  Detail: Failing row contains (3, Fetch Users, Users fetched successfully, null, 2025-01-28 14:41:28.317998, 200).] [insert into audit_logs (action,description,statusCode,timestamp) values (?,?,?,?)]; SQL [insert into audit_logs (action,description,statusCode,timestamp) values (?,?,?,?)]; constraint [status_code" of relation "audit_logs]
	at org.springframework.orm.jpa.vendor.HibernateJpaDialect.convertHibernateAccessException(HibernateJpaDialect.java:290)
	at org.springframework.orm.jpa.vendor.HibernateJpaDialect.translateExceptionIfPossible(HibernateJpaDialect.java:241)
	at org.springframework.orm.jpa.AbstractEntityManagerFactoryBean.translateExceptionIfPossible(AbstractEntityManagerFactoryBean.java:560)
	at org.springframework.dao.support.ChainedPersistenceExceptionTranslator.translateExceptionIfPossible(ChainedPersistenceExceptionTranslator.java:61)
	at org.springframework.dao.support.DataAccessUtils.translateIfNecessary(DataAccessUtils.java:343)
	at org.springframework.dao.support.PersistenceExceptionTranslationInterceptor.invoke(PersistenceExceptionTranslationInterceptor.java:160)
	at org.springframework.aop.framework.ReflectiveMethodInvocation.proceed(ReflectiveMethodInvocation.java:184)
	at org.springframework.data.jpa.repository.support.CrudMethodMetadataPostProcessor$CrudMethodMetadataPopulatingMethodInterceptor.invoke(CrudMethodMetadataPostProcessor.java:165)
	at org.springframework.aop.framework.ReflectiveMethodInvocation.proceed(ReflectiveMethodInvocation.java:184)
	at org.springframework.data.repository.core.support.MethodInvocationValidator.invoke(MethodInvocationValidator.java:96)
	at org.springframework.aop.framework.ReflectiveMethodInvocation.proceed(ReflectiveMethodInvocation.java:184)
	at org.springframework.aop.framework.JdkDynamicAopProxy.invoke(JdkDynamicAopProxy.java:223)
	at jdk.proxy4/jdk.proxy4.$Proxy137.save(Unknown Source)
	at com.personal.crud_pulsar.AuditLogService.saveAuditLog(AuditLogService.kt:9)
	at com.personal.crud_pulsar.HelloController.publishAuditEvent(HelloController.kt:298)
	at com.personal.crud_pulsar.HelloController.listUsers(HelloController.kt:191)
	at java.base/jdk.internal.reflect.NativeMethodAccessorImpl.invoke0(Native Method)
	at java.base/jdk.internal.reflect.NativeMethodAccessorImpl.invoke(NativeMethodAccessorImpl.java:77)
	at java.base/jdk.internal.reflect.DelegatingMethodAccessorImpl.invoke(DelegatingMethodAccessorImpl.java:43)
	at java.base/java.lang.reflect.Method.invoke(Method.java:568)
	at kotlin.reflect.jvm.internal.calls.CallerImpl$Method.callMethod(CallerImpl.kt:97)
	at kotlin.reflect.jvm.internal.calls.CallerImpl$Method$Instance.call(CallerImpl.kt:113)
	at kotlin.reflect.jvm.internal.KCallableImpl.callDefaultMethod$kotlin_reflection(KCallableImpl.kt:207)
	at kotlin.reflect.jvm.internal.KCallableImpl.callBy(KCallableImpl.kt:112)
	at org.springframework.web.method.support.InvocableHandlerMethod$KotlinDelegate.invokeFunction(InvocableHandlerMethod.java:337)
	at org.springframework.web.method.support.InvocableHandlerMethod.doInvoke(InvocableHandlerMethod.java:254)
	at org.springframework.web.method.support.InvocableHandlerMethod.invokeForRequest(InvocableHandlerMethod.java:190)
	at org.springframework.web.servlet.mvc.method.annotation.ServletInvocableHandlerMethod.invokeAndHandle(ServletInvocableHandlerMethod.java:118)
	at org.springframework.web.servlet.mvc.method.annotation.RequestMappingHandlerAdapter.invokeHandlerMethod(RequestMappingHandlerAdapter.java:986)
	at org.springframework.web.servlet.mvc.method.annotation.RequestMappingHandlerAdapter.handleInternal(RequestMappingHandlerAdapter.java:891)
	at org.springframework.web.servlet.mvc.method.AbstractHandlerMethodAdapter.handle(AbstractHandlerMethodAdapter.java:87)
	at org.springframework.web.servlet.DispatcherServlet.doDispatch(DispatcherServlet.java:1088)
	at org.springframework.web.servlet.DispatcherServlet.doService(DispatcherServlet.java:978)
	at org.springframework.web.servlet.FrameworkServlet.processRequest(FrameworkServlet.java:1014)
	at org.springframework.web.servlet.FrameworkServlet.doGet(FrameworkServlet.java:903)
	at jakarta.servlet.http.HttpServlet.service(HttpServlet.java:564)
	at org.springframework.web.servlet.FrameworkServlet.service(FrameworkServlet.java:885)
	at jakarta.servlet.http.HttpServlet.service(HttpServlet.java:658)
	at org.apache.catalina.core.ApplicationFilterChain.internalDoFilter(ApplicationFilterChain.java:195)
	at org.apache.catalina.core.ApplicationFilterChain.doFilter(ApplicationFilterChain.java:140)
	at org.apache.tomcat.websocket.server.WsFilter.doFilter(WsFilter.java:51)
	at org.apache.catalina.core.ApplicationFilterChain.internalDoFilter(ApplicationFilterChain.java:164)
	at org.apache.catalina.core.ApplicationFilterChain.doFilter(ApplicationFilterChain.java:140)
	at org.springframework.web.filter.RequestContextFilter.doFilterInternal(RequestContextFilter.java:100)
	at org.springframework.web.filter.OncePerRequestFilter.doFilter(OncePerRequestFilter.java:116)
	at org.apache.catalina.core.ApplicationFilterChain.internalDoFilter(ApplicationFilterChain.java:164)
	at org.apache.catalina.core.ApplicationFilterChain.doFilter(ApplicationFilterChain.java:140)
	at org.springframework.web.filter.FormContentFilter.doFilterInternal(FormContentFilter.java:93)
	at org.springframework.web.filter.OncePerRequestFilter.doFilter(OncePerRequestFilter.java:116)
	at org.apache.catalina.core.ApplicationFilterChain.internalDoFilter(ApplicationFilterChain.java:164)
	at org.apache.catalina.core.ApplicationFilterChain.doFilter(ApplicationFilterChain.java:140)
	at org.springframework.web.filter.CharacterEncodingFilter.doFilterInternal(CharacterEncodingFilter.java:201)
	at org.springframework.web.filter.OncePerRequestFilter.doFilter(OncePerRequestFilter.java:116)
	at org.apache.catalina.core.ApplicationFilterChain.internalDoFilter(ApplicationFilterChain.java:164)
	at org.apache.catalina.core.ApplicationFilterChain.doFilter(ApplicationFilterChain.java:140)
	at org.apache.catalina.core.StandardWrapperValve.invoke(StandardWrapperValve.java:167)
	at org.apache.catalina.core.StandardContextValve.invoke(StandardContextValve.java:90)
	at org.apache.catalina.authenticator.AuthenticatorBase.invoke(AuthenticatorBase.java:483)
	at org.apache.catalina.core.StandardHostValve.invoke(StandardHostValve.java:115)
	at org.apache.catalina.valves.ErrorReportValve.invoke(ErrorReportValve.java:93)
	at org.apache.catalina.core.StandardEngineValve.invoke(StandardEngineValve.java:74)
	at org.apache.catalina.connector.CoyoteAdapter.service(CoyoteAdapter.java:344)
	at org.apache.coyote.http11.Http11Processor.service(Http11Processor.java:397)
	at org.apache.coyote.AbstractProcessorLight.process(AbstractProcessorLight.java:63)
	at org.apache.coyote.AbstractProtocol$ConnectionHandler.process(AbstractProtocol.java:905)
	at org.apache.tomcat.util.net.NioEndpoint$SocketProcessor.doRun(NioEndpoint.java:1741)
	at org.apache.tomcat.util.net.SocketProcessorBase.run(SocketProcessorBase.java:52)
	at org.apache.tomcat.util.threads.ThreadPoolExecutor.runWorker(ThreadPoolExecutor.java:1190)
	at org.apache.tomcat.util.threads.ThreadPoolExecutor$Worker.run(ThreadPoolExecutor.java:659)
	at org.apache.tomcat.util.threads.TaskThread$WrappingRunnable.run(TaskThread.java:63)
	at java.base/java.lang.Thread.run(Thread.java:842)
Caused by: org.hibernate.exception.ConstraintViolationException: could not execute statement [ERROR: null value in column "status_code" of relation "audit_logs" violates not-null constraint
  Detail: Failing row contains (3, Fetch Users, Users fetched successfully, null, 2025-01-28 14:41:28.317998, 200).] [insert into audit_logs (action,description,statusCode,timestamp) values (?,?,?,?)]
	at org.hibernate.exception.internal.SQLStateConversionDelegate.convert(SQLStateConversionDelegate.java:97)
	at org.hibernate.exception.internal.StandardSQLExceptionConverter.convert(StandardSQLExceptionConverter.java:58)
	at org.hibernate.engine.jdbc.spi.SqlExceptionHelper.convert(SqlExceptionHelper.java:108)
	at org.hibernate.engine.jdbc.internal.ResultSetReturnImpl.executeUpdate(ResultSetReturnImpl.java:197)
	at org.hibernate.id.insert.GetGeneratedKeysDelegate.performMutation(GetGeneratedKeysDelegate.java:116)
	at org.hibernate.engine.jdbc.mutation.internal.MutationExecutorSingleNonBatched.performNonBatchedOperations(MutationExecutorSingleNonBatched.java:47)
	at org.hibernate.engine.jdbc.mutation.internal.AbstractMutationExecutor.execute(AbstractMutationExecutor.java:55)
	at org.hibernate.persister.entity.mutation.InsertCoordinatorStandard.doStaticInserts(InsertCoordinatorStandard.java:194)
	at org.hibernate.persister.entity.mutation.InsertCoordinatorStandard.coordinateInsert(InsertCoordinatorStandard.java:132)
	at org.hibernate.persister.entity.mutation.InsertCoordinatorStandard.insert(InsertCoordinatorStandard.java:95)
	at org.hibernate.action.internal.EntityIdentityInsertAction.execute(EntityIdentityInsertAction.java:85)
	at org.hibernate.engine.spi.ActionQueue.execute(ActionQueue.java:682)
	at org.hibernate.engine.spi.ActionQueue.addResolvedEntityInsertAction(ActionQueue.java:293)
	at org.hibernate.engine.spi.ActionQueue.addInsertAction(ActionQueue.java:274)
	at org.hibernate.engine.spi.ActionQueue.addAction(ActionQueue.java:324)
	at org.hibernate.event.internal.AbstractSaveEventListener.addInsertAction(AbstractSaveEventListener.java:393)
	at org.hibernate.event.internal.AbstractSaveEventListener.performSaveOrReplicate(AbstractSaveEventListener.java:307)
	at org.hibernate.event.internal.AbstractSaveEventListener.performSave(AbstractSaveEventListener.java:223)
	at org.hibernate.event.internal.AbstractSaveEventListener.saveWithGeneratedId(AbstractSaveEventListener.java:136)
	at org.hibernate.event.internal.DefaultPersistEventListener.entityIsTransient(DefaultPersistEventListener.java:177)
	at org.hibernate.event.internal.DefaultPersistEventListener.persist(DefaultPersistEventListener.java:95)
	at org.hibernate.event.internal.DefaultPersistEventListener.onPersist(DefaultPersistEventListener.java:79)
	at org.hibernate.event.internal.DefaultPersistEventListener.onPersist(DefaultPersistEventListener.java:55)
	at org.hibernate.event.service.internal.EventListenerGroupImpl.fireEventOnEachListener(EventListenerGroupImpl.java:127)
	at org.hibernate.internal.SessionImpl.firePersist(SessionImpl.java:761)
	at org.hibernate.internal.SessionImpl.persist(SessionImpl.java:745)
	at java.base/jdk.internal.reflect.NativeMethodAccessorImpl.invoke0(Native Method)
	at java.base/jdk.internal.reflect.NativeMethodAccessorImpl.invoke(NativeMethodAccessorImpl.java:77)
	at java.base/jdk.internal.reflect.DelegatingMethodAccessorImpl.invoke(DelegatingMethodAccessorImpl.java:43)
	at java.base/java.lang.reflect.Method.invoke(Method.java:568)
	at org.springframework.orm.jpa.ExtendedEntityManagerCreator$ExtendedEntityManagerInvocationHandler.invoke(ExtendedEntityManagerCreator.java:364)
	at jdk.proxy4/jdk.proxy4.$Proxy133.persist(Unknown Source)
	at java.base/jdk.internal.reflect.NativeMethodAccessorImpl.invoke0(Native Method)
	at java.base/jdk.internal.reflect.NativeMethodAccessorImpl.invoke(NativeMethodAccessorImpl.java:77)
	at java.base/jdk.internal.reflect.DelegatingMethodAccessorImpl.invoke(DelegatingMethodAccessorImpl.java:43)
	at java.base/java.lang.reflect.Method.invoke(Method.java:568)
	at org.springframework.orm.jpa.SharedEntityManagerCreator$SharedEntityManagerInvocationHandler.invoke(SharedEntityManagerCreator.java:320)
	at jdk.proxy4/jdk.proxy4.$Proxy133.persist(Unknown Source)
	at org.springframework.data.jpa.repository.support.SimpleJpaRepository.save(SimpleJpaRepository.java:627)
	at java.base/jdk.internal.reflect.NativeMethodAccessorImpl.invoke0(Native Method)
	at java.base/jdk.internal.reflect.NativeMethodAccessorImpl.invoke(NativeMethodAccessorImpl.java:77)
	at java.base/jdk.internal.reflect.DelegatingMethodAccessorImpl.invoke(DelegatingMethodAccessorImpl.java:43)
	at java.base/java.lang.reflect.Method.invoke(Method.java:568)
	at org.springframework.aop.support.AopUtils.invokeJoinpointUsingReflection(AopUtils.java:359)
	at org.springframework.data.repository.core.support.RepositoryMethodInvoker$RepositoryFragmentMethodInvoker.lambda$new$0(RepositoryMethodInvoker.java:277)
	at org.springframework.data.repository.core.support.RepositoryMethodInvoker.doInvoke(RepositoryMethodInvoker.java:170)
	at org.springframework.data.repository.core.support.RepositoryMethodInvoker.invoke(RepositoryMethodInvoker.java:158)
	at org.springframework.data.repository.core.support.RepositoryComposition$RepositoryFragments.invoke(RepositoryComposition.java:515)
	at org.springframework.data.repository.core.support.RepositoryComposition.invoke(RepositoryComposition.java:284)
	at org.springframework.data.repository.core.support.RepositoryFactorySupport$ImplementationMethodExecutionInterceptor.invoke(RepositoryFactorySupport.java:752)
	at org.springframework.aop.framework.ReflectiveMethodInvocation.proceed(ReflectiveMethodInvocation.java:184)
	at org.springframework.data.repository.core.support.QueryExecutorMethodInterceptor.doInvoke(QueryExecutorMethodInterceptor.java:174)
	at org.springframework.data.repository.core.support.QueryExecutorMethodInterceptor.invoke(QueryExecutorMethodInterceptor.java:149)
	at org.springframework.aop.framework.ReflectiveMethodInvocation.proceed(ReflectiveMethodInvocation.java:184)
	at org.springframework.data.projection.DefaultMethodInvokingMethodInterceptor.invoke(DefaultMethodInvokingMethodInterceptor.java:69)
	at org.springframework.aop.framework.ReflectiveMethodInvocation.proceed(ReflectiveMethodInvocation.java:184)
	at org.springframework.transaction.interceptor.TransactionAspectSupport.invokeWithinTransaction(TransactionAspectSupport.java:380)
	at org.springframework.transaction.interceptor.TransactionInterceptor.invoke(TransactionInterceptor.java:119)
	at org.springframework.aop.framework.ReflectiveMethodInvocation.proceed(ReflectiveMethodInvocation.java:184)
	at org.springframework.dao.support.PersistenceExceptionTranslationInterceptor.invoke(PersistenceExceptionTranslationInterceptor.java:138)
	... 65 common frames omitted
Caused by: org.postgresql.util.PSQLException: ERROR: null value in column "status_code" of relation "audit_logs" violates not-null constraint
  Detail: Failing row contains (3, Fetch Users, Users fetched successfully, null, 2025-01-28 14:41:28.317998, 200).
	at org.postgresql.core.v3.QueryExecutorImpl.receiveErrorResponse(QueryExecutorImpl.java:2733)
	at org.postgresql.core.v3.QueryExecutorImpl.processResults(QueryExecutorImpl.java:2420)
	at org.postgresql.core.v3.QueryExecutorImpl.execute(QueryExecutorImpl.java:372)
	at org.postgresql.jdbc.PgStatement.executeInternal(PgStatement.java:517)
	at org.postgresql.jdbc.PgStatement.execute(PgStatement.java:434)
	at org.postgresql.jdbc.PgPreparedStatement.executeWithFlags(PgPreparedStatement.java:194)
	at org.postgresql.jdbc.PgPreparedStatement.executeUpdate(PgPreparedStatement.java:155)
	at com.zaxxer.hikari.pool.ProxyPreparedStatement.executeUpdate(ProxyPreparedStatement.java:61)
	at com.zaxxer.hikari.pool.HikariProxyPreparedStatement.executeUpdate(HikariProxyPreparedStatement.java)
	at org.hibernate.engine.jdbc.internal.ResultSetReturnImpl.executeUpdate(ResultSetReturnImpl.java:194)
	... 121 common frames omitted
2025-01-28 14:41:28 [http-nio-9191-exec-2] INFO  c.p.crud_pulsar.EventPublisher - EventPublisher::publishPlainMessage published the event: AuditMessage(action=Fetch Users, description=Internal server error, statusCode=500)
2025-01-28 14:41:28 [http-nio-9191-exec-2] WARN  o.h.e.jdbc.spi.SqlExceptionHelper - SQL Error: 0, SQLState: 23502
2025-01-28 14:41:28 [http-nio-9191-exec-2] ERROR o.h.e.jdbc.spi.SqlExceptionHelper - ERROR: null value in column "status_code" of relation "audit_logs" violates not-null constraint
  Detail: Failing row contains (4, Fetch Users, Internal server error, null, 2025-01-28 14:41:28.327845, 500).
2025-01-28 14:41:28 [http-nio-9191-exec-2] ERROR o.a.c.c.C.[.[.[.[dispatcherServlet] - Servlet.service() for servlet [dispatcherServlet] in context with path [] threw exception [Request processing failed: org.springframework.dao.DataIntegrityViolationException: could not execute statement [ERROR: null value in column "status_code" of relation "audit_logs" violates not-null constraint
  Detail: Failing row contains (4, Fetch Users, Internal server error, null, 2025-01-28 14:41:28.327845, 500).] [insert into audit_logs (action,description,statusCode,timestamp) values (?,?,?,?)]; SQL [insert into audit_logs (action,description,statusCode,timestamp) values (?,?,?,?)]; constraint [status_code" of relation "audit_logs]] with root cause
org.postgresql.util.PSQLException: ERROR: null value in column "status_code" of relation "audit_logs" violates not-null constraint
  Detail: Failing row contains (4, Fetch Users, Internal server error, null, 2025-01-28 14:41:28.327845, 500).
	at org.postgresql.core.v3.QueryExecutorImpl.receiveErrorResponse(QueryExecutorImpl.java:2733)
	at org.postgresql.core.v3.QueryExecutorImpl.processResults(QueryExecutorImpl.java:2420)
	at org.postgresql.core.v3.QueryExecutorImpl.execute(QueryExecutorImpl.java:372)
	at org.postgresql.jdbc.PgStatement.executeInternal(PgStatement.java:517)
	at org.postgresql.jdbc.PgStatement.execute(PgStatement.java:434)
	at org.postgresql.jdbc.PgPreparedStatement.executeWithFlags(PgPreparedStatement.java:194)
	at org.postgresql.jdbc.PgPreparedStatement.executeUpdate(PgPreparedStatement.java:155)
	at com.zaxxer.hikari.pool.ProxyPreparedStatement.executeUpdate(ProxyPreparedStatement.java:61)
	at com.zaxxer.hikari.pool.HikariProxyPreparedStatement.executeUpdate(HikariProxyPreparedStatement.java)
	at org.hibernate.engine.jdbc.internal.ResultSetReturnImpl.executeUpdate(ResultSetReturnImpl.java:194)
	at org.hibernate.id.insert.GetGeneratedKeysDelegate.performMutation(GetGeneratedKeysDelegate.java:116)
	at org.hibernate.engine.jdbc.mutation.internal.MutationExecutorSingleNonBatched.performNonBatchedOperations(MutationExecutorSingleNonBatched.java:47)
	at org.hibernate.engine.jdbc.mutation.internal.AbstractMutationExecutor.execute(AbstractMutationExecutor.java:55)
	at org.hibernate.persister.entity.mutation.InsertCoordinatorStandard.doStaticInserts(InsertCoordinatorStandard.java:194)
	at org.hibernate.persister.entity.mutation.InsertCoordinatorStandard.coordinateInsert(InsertCoordinatorStandard.java:132)
	at org.hibernate.persister.entity.mutation.InsertCoordinatorStandard.insert(InsertCoordinatorStandard.java:95)
	at org.hibernate.action.internal.EntityIdentityInsertAction.execute(EntityIdentityInsertAction.java:85)
	at org.hibernate.engine.spi.ActionQueue.execute(ActionQueue.java:682)
	at org.hibernate.engine.spi.ActionQueue.addResolvedEntityInsertAction(ActionQueue.java:293)
	at org.hibernate.engine.spi.ActionQueue.addInsertAction(ActionQueue.java:274)
	at org.hibernate.engine.spi.ActionQueue.addAction(ActionQueue.java:324)
	at org.hibernate.event.internal.AbstractSaveEventListener.addInsertAction(AbstractSaveEventListener.java:393)
	at org.hibernate.event.internal.AbstractSaveEventListener.performSaveOrReplicate(AbstractSaveEventListener.java:307)
	at org.hibernate.event.internal.AbstractSaveEventListener.performSave(AbstractSaveEventListener.java:223)
	at org.hibernate.event.internal.AbstractSaveEventListener.saveWithGeneratedId(AbstractSaveEventListener.java:136)
	at org.hibernate.event.internal.DefaultPersistEventListener.entityIsTransient(DefaultPersistEventListener.java:177)
	at org.hibernate.event.internal.DefaultPersistEventListener.persist(DefaultPersistEventListener.java:95)
	at org.hibernate.event.internal.DefaultPersistEventListener.onPersist(DefaultPersistEventListener.java:79)
	at org.hibernate.event.internal.DefaultPersistEventListener.onPersist(DefaultPersistEventListener.java:55)
	at org.hibernate.event.service.internal.EventListenerGroupImpl.fireEventOnEachListener(EventListenerGroupImpl.java:127)
	at org.hibernate.internal.SessionImpl.firePersist(SessionImpl.java:761)
	at org.hibernate.internal.SessionImpl.persist(SessionImpl.java:745)
	at java.base/jdk.internal.reflect.NativeMethodAccessorImpl.invoke0(Native Method)
	at java.base/jdk.internal.reflect.NativeMethodAccessorImpl.invoke(NativeMethodAccessorImpl.java:77)
	at java.base/jdk.internal.reflect.DelegatingMethodAccessorImpl.invoke(DelegatingMethodAccessorImpl.java:43)
	at java.base/java.lang.reflect.Method.invoke(Method.java:568)
	at org.springframework.orm.jpa.ExtendedEntityManagerCreator$ExtendedEntityManagerInvocationHandler.invoke(ExtendedEntityManagerCreator.java:364)
	at jdk.proxy4/jdk.proxy4.$Proxy133.persist(Unknown Source)
	at java.base/jdk.internal.reflect.NativeMethodAccessorImpl.invoke0(Native Method)
	at java.base/jdk.internal.reflect.NativeMethodAccessorImpl.invoke(NativeMethodAccessorImpl.java:77)
	at java.base/jdk.internal.reflect.DelegatingMethodAccessorImpl.invoke(DelegatingMethodAccessorImpl.java:43)
	at java.base/java.lang.reflect.Method.invoke(Method.java:568)
	at org.springframework.orm.jpa.SharedEntityManagerCreator$SharedEntityManagerInvocationHandler.invoke(SharedEntityManagerCreator.java:320)
	at jdk.proxy4/jdk.proxy4.$Proxy133.persist(Unknown Source)
	at org.springframework.data.jpa.repository.support.SimpleJpaRepository.save(SimpleJpaRepository.java:627)
	at java.base/jdk.internal.reflect.NativeMethodAccessorImpl.invoke0(Native Method)
	at java.base/jdk.internal.reflect.NativeMethodAccessorImpl.invoke(NativeMethodAccessorImpl.java:77)
	at java.base/jdk.internal.reflect.DelegatingMethodAccessorImpl.invoke(DelegatingMethodAccessorImpl.java:43)
	at java.base/java.lang.reflect.Method.invoke(Method.java:568)
	at org.springframework.aop.support.AopUtils.invokeJoinpointUsingReflection(AopUtils.java:359)
	at org.springframework.data.repository.core.support.RepositoryMethodInvoker$RepositoryFragmentMethodInvoker.lambda$new$0(RepositoryMethodInvoker.java:277)
	at org.springframework.data.repository.core.support.RepositoryMethodInvoker.doInvoke(RepositoryMethodInvoker.java:170)
	at org.springframework.data.repository.core.support.RepositoryMethodInvoker.invoke(RepositoryMethodInvoker.java:158)
	at org.springframework.data.repository.core.support.RepositoryComposition$RepositoryFragments.invoke(RepositoryComposition.java:515)
	at org.springframework.data.repository.core.support.RepositoryComposition.invoke(RepositoryComposition.java:284)
	at org.springframework.data.repository.core.support.RepositoryFactorySupport$ImplementationMethodExecutionInterceptor.invoke(RepositoryFactorySupport.java:752)
	at org.springframework.aop.framework.ReflectiveMethodInvocation.proceed(ReflectiveMethodInvocation.java:184)
	at org.springframework.data.repository.core.support.QueryExecutorMethodInterceptor.doInvoke(QueryExecutorMethodInterceptor.java:174)
	at org.springframework.data.repository.core.support.QueryExecutorMethodInterceptor.invoke(QueryExecutorMethodInterceptor.java:149)
	at org.springframework.aop.framework.ReflectiveMethodInvocation.proceed(ReflectiveMethodInvocation.java:184)
	at org.springframework.data.projection.DefaultMethodInvokingMethodInterceptor.invoke(DefaultMethodInvokingMethodInterceptor.java:69)
	at org.springframework.aop.framework.ReflectiveMethodInvocation.proceed(ReflectiveMethodInvocation.java:184)
	at org.springframework.transaction.interceptor.TransactionAspectSupport.invokeWithinTransaction(TransactionAspectSupport.java:380)
	at org.springframework.transaction.interceptor.TransactionInterceptor.invoke(TransactionInterceptor.java:119)
	at org.springframework.aop.framework.ReflectiveMethodInvocation.proceed(ReflectiveMethodInvocation.java:184)
	at org.springframework.dao.support.PersistenceExceptionTranslationInterceptor.invoke(PersistenceExceptionTranslationInterceptor.java:138)
	at org.springframework.aop.framework.ReflectiveMethodInvocation.proceed(ReflectiveMethodInvocation.java:184)
	at org.springframework.data.jpa.repository.support.CrudMethodMetadataPostProcessor$CrudMethodMetadataPopulatingMethodInterceptor.invoke(CrudMethodMetadataPostProcessor.java:165)
	at org.springframework.aop.framework.ReflectiveMethodInvocation.proceed(ReflectiveMethodInvocation.java:184)
	at org.springframework.data.repository.core.support.MethodInvocationValidator.invoke(MethodInvocationValidator.java:96)
	at org.springframework.aop.framework.ReflectiveMethodInvocation.proceed(ReflectiveMethodInvocation.java:184)
	at org.springframework.aop.framework.JdkDynamicAopProxy.invoke(JdkDynamicAopProxy.java:223)
	at jdk.proxy4/jdk.proxy4.$Proxy137.save(Unknown Source)
	at com.personal.crud_pulsar.AuditLogService.saveAuditLog(AuditLogService.kt:9)
	at com.personal.crud_pulsar.HelloController.publishAuditEvent(HelloController.kt:298)
	at com.personal.crud_pulsar.HelloController.listUsers(HelloController.kt:195)
	at java.base/jdk.internal.reflect.NativeMethodAccessorImpl.invoke0(Native Method)
	at java.base/jdk.internal.reflect.NativeMethodAccessorImpl.invoke(NativeMethodAccessorImpl.java:77)
	at java.base/jdk.internal.reflect.DelegatingMethodAccessorImpl.invoke(DelegatingMethodAccessorImpl.java:43)
	at java.base/java.lang.reflect.Method.invoke(Method.java:568)
	at kotlin.reflect.jvm.internal.calls.CallerImpl$Method.callMethod(CallerImpl.kt:97)
	at kotlin.reflect.jvm.internal.calls.CallerImpl$Method$Instance.call(CallerImpl.kt:113)
	at kotlin.reflect.jvm.internal.KCallableImpl.callDefaultMethod$kotlin_reflection(KCallableImpl.kt:207)
	at kotlin.reflect.jvm.internal.KCallableImpl.callBy(KCallableImpl.kt:112)
	at org.springframework.web.method.support.InvocableHandlerMethod$KotlinDelegate.invokeFunction(InvocableHandlerMethod.java:337)
	at org.springframework.web.method.support.InvocableHandlerMethod.doInvoke(InvocableHandlerMethod.java:254)
	at org.springframework.web.method.support.InvocableHandlerMethod.invokeForRequest(InvocableHandlerMethod.java:190)
	at org.springframework.web.servlet.mvc.method.annotation.ServletInvocableHandlerMethod.invokeAndHandle(ServletInvocableHandlerMethod.java:118)
	at org.springframework.web.servlet.mvc.method.annotation.RequestMappingHandlerAdapter.invokeHandlerMethod(RequestMappingHandlerAdapter.java:986)
	at org.springframework.web.servlet.mvc.method.annotation.RequestMappingHandlerAdapter.handleInternal(RequestMappingHandlerAdapter.java:891)
	at org.springframework.web.servlet.mvc.method.AbstractHandlerMethodAdapter.handle(AbstractHandlerMethodAdapter.java:87)
	at org.springframework.web.servlet.DispatcherServlet.doDispatch(DispatcherServlet.java:1088)
	at org.springframework.web.servlet.DispatcherServlet.doService(DispatcherServlet.java:978)
	at org.springframework.web.servlet.FrameworkServlet.processRequest(FrameworkServlet.java:1014)
	at org.springframework.web.servlet.FrameworkServlet.doGet(FrameworkServlet.java:903)
	at jakarta.servlet.http.HttpServlet.service(HttpServlet.java:564)
	at org.springframework.web.servlet.FrameworkServlet.service(FrameworkServlet.java:885)
	at jakarta.servlet.http.HttpServlet.service(HttpServlet.java:658)
	at org.apache.catalina.core.ApplicationFilterChain.internalDoFilter(ApplicationFilterChain.java:195)
	at org.apache.catalina.core.ApplicationFilterChain.doFilter(ApplicationFilterChain.java:140)
	at org.apache.tomcat.websocket.server.WsFilter.doFilter(WsFilter.java:51)
	at org.apache.catalina.core.ApplicationFilterChain.internalDoFilter(ApplicationFilterChain.java:164)
	at org.apache.catalina.core.ApplicationFilterChain.doFilter(ApplicationFilterChain.java:140)
	at org.springframework.web.filter.RequestContextFilter.doFilterInternal(RequestContextFilter.java:100)
	at org.springframework.web.filter.OncePerRequestFilter.doFilter(OncePerRequestFilter.java:116)
	at org.apache.catalina.core.ApplicationFilterChain.internalDoFilter(ApplicationFilterChain.java:164)
	at org.apache.catalina.core.ApplicationFilterChain.doFilter(ApplicationFilterChain.java:140)
	at org.springframework.web.filter.FormContentFilter.doFilterInternal(FormContentFilter.java:93)
	at org.springframework.web.filter.OncePerRequestFilter.doFilter(OncePerRequestFilter.java:116)
	at org.apache.catalina.core.ApplicationFilterChain.internalDoFilter(ApplicationFilterChain.java:164)
	at org.apache.catalina.core.ApplicationFilterChain.doFilter(ApplicationFilterChain.java:140)
	at org.springframework.web.filter.CharacterEncodingFilter.doFilterInternal(CharacterEncodingFilter.java:201)
	at org.springframework.web.filter.OncePerRequestFilter.doFilter(OncePerRequestFilter.java:116)
	at org.apache.catalina.core.ApplicationFilterChain.internalDoFilter(ApplicationFilterChain.java:164)
	at org.apache.catalina.core.ApplicationFilterChain.doFilter(ApplicationFilterChain.java:140)
	at org.apache.catalina.core.StandardWrapperValve.invoke(StandardWrapperValve.java:167)
	at org.apache.catalina.core.StandardContextValve.invoke(StandardContextValve.java:90)
	at org.apache.catalina.authenticator.AuthenticatorBase.invoke(AuthenticatorBase.java:483)
	at org.apache.catalina.core.StandardHostValve.invoke(StandardHostValve.java:115)
	at org.apache.catalina.valves.ErrorReportValve.invoke(ErrorReportValve.java:93)
	at org.apache.catalina.core.StandardEngineValve.invoke(StandardEngineValve.java:74)
	at org.apache.catalina.connector.CoyoteAdapter.service(CoyoteAdapter.java:344)
	at org.apache.coyote.http11.Http11Processor.service(Http11Processor.java:397)
	at org.apache.coyote.AbstractProcessorLight.process(AbstractProcessorLight.java:63)
	at org.apache.coyote.AbstractProtocol$ConnectionHandler.process(AbstractProtocol.java:905)
	at org.apache.tomcat.util.net.NioEndpoint$SocketProcessor.doRun(NioEndpoint.java:1741)
	at org.apache.tomcat.util.net.SocketProcessorBase.run(SocketProcessorBase.java:52)
	at org.apache.tomcat.util.threads.ThreadPoolExecutor.runWorker(ThreadPoolExecutor.java:1190)
	at org.apache.tomcat.util.threads.ThreadPoolExecutor$Worker.run(ThreadPoolExecutor.java:659)
	at org.apache.tomcat.util.threads.TaskThread$WrappingRunnable.run(TaskThread.java:63)
	at java.base/java.lang.Thread.run(Thread.java:842)
2025-01-28 14:41:28 [org.springframework.Pulsar.PulsarListenerEndpointContainer#0-0-C-1] INFO  c.personal.crud_pulsar.EventConsumer - EventConsumer::consumeTextEvent consumed events Fetched all users
2025-01-28 14:41:28 [org.springframework.Pulsar.PulsarListenerEndpointContainer#0-0-C-1] INFO  c.personal.crud_pulsar.EventConsumer - EventConsumer::consumeTextEvent consumed events AuditMessage(action=Fetch Users, description=Users fetched successfully, statusCode=200)
2025-01-28 14:41:28 [org.springframework.Pulsar.PulsarListenerEndpointContainer#0-0-C-1] INFO  c.personal.crud_pulsar.EventConsumer - EventConsumer::consumeTextEvent consumed events AuditMessage(action=Fetch Users, description=Internal server error, statusCode=500)
2025-01-28 14:41:30 [http-nio-9191-exec-3] INFO  c.p.crud_pulsar.HelloController - Fetching all users
2025-01-28 14:41:30 [http-nio-9191-exec-3] INFO  c.p.crud_pulsar.EventPublisher - EventPublisher::publishPlainMessage published the event: Fetched all users
2025-01-28 14:41:30 [http-nio-9191-exec-3] INFO  c.p.crud_pulsar.EventPublisher - EventPublisher::publishPlainMessage published the event: AuditMessage(action=Fetch Users, description=Users fetched successfully, statusCode=200)
2025-01-28 14:41:30 [http-nio-9191-exec-3] WARN  o.h.e.jdbc.spi.SqlExceptionHelper - SQL Error: 0, SQLState: 23502
2025-01-28 14:41:30 [http-nio-9191-exec-3] ERROR o.h.e.jdbc.spi.SqlExceptionHelper - ERROR: null value in column "status_code" of relation "audit_logs" violates not-null constraint
  Detail: Failing row contains (5, Fetch Users, Users fetched successfully, null, 2025-01-28 14:41:30.292675, 200).
2025-01-28 14:41:30 [http-nio-9191-exec-3] ERROR c.p.crud_pulsar.HelloController - Internal server error while fetching users
org.springframework.dao.DataIntegrityViolationException: could not execute statement [ERROR: null value in column "status_code" of relation "audit_logs" violates not-null constraint
  Detail: Failing row contains (5, Fetch Users, Users fetched successfully, null, 2025-01-28 14:41:30.292675, 200).] [insert into audit_logs (action,description,statusCode,timestamp) values (?,?,?,?)]; SQL [insert into audit_logs (action,description,statusCode,timestamp) values (?,?,?,?)]; constraint [status_code" of relation "audit_logs]
	at org.springframework.orm.jpa.vendor.HibernateJpaDialect.convertHibernateAccessException(HibernateJpaDialect.java:290)
	at org.springframework.orm.jpa.vendor.HibernateJpaDialect.translateExceptionIfPossible(HibernateJpaDialect.java:241)
	at org.springframework.orm.jpa.AbstractEntityManagerFactoryBean.translateExceptionIfPossible(AbstractEntityManagerFactoryBean.java:560)
	at org.springframework.dao.support.ChainedPersistenceExceptionTranslator.translateExceptionIfPossible(ChainedPersistenceExceptionTranslator.java:61)
	at org.springframework.dao.support.DataAccessUtils.translateIfNecessary(DataAccessUtils.java:343)
	at org.springframework.dao.support.PersistenceExceptionTranslationInterceptor.invoke(PersistenceExceptionTranslationInterceptor.java:160)
	at org.springframework.aop.framework.ReflectiveMethodInvocation.proceed(ReflectiveMethodInvocation.java:184)
	at org.springframework.data.jpa.repository.support.CrudMethodMetadataPostProcessor$CrudMethodMetadataPopulatingMethodInterceptor.invoke(CrudMethodMetadataPostProcessor.java:165)
	at org.springframework.aop.framework.ReflectiveMethodInvocation.proceed(ReflectiveMethodInvocation.java:184)
	at org.springframework.data.repository.core.support.MethodInvocationValidator.invoke(MethodInvocationValidator.java:96)
	at org.springframework.aop.framework.ReflectiveMethodInvocation.proceed(ReflectiveMethodInvocation.java:184)
	at org.springframework.aop.framework.JdkDynamicAopProxy.invoke(JdkDynamicAopProxy.java:223)
	at jdk.proxy4/jdk.proxy4.$Proxy137.save(Unknown Source)
	at com.personal.crud_pulsar.AuditLogService.saveAuditLog(AuditLogService.kt:9)
	at com.personal.crud_pulsar.HelloController.publishAuditEvent(HelloController.kt:298)
	at com.personal.crud_pulsar.HelloController.listUsers(HelloController.kt:191)
	at java.base/jdk.internal.reflect.NativeMethodAccessorImpl.invoke0(Native Method)
	at java.base/jdk.internal.reflect.NativeMethodAccessorImpl.invoke(NativeMethodAccessorImpl.java:77)
	at java.base/jdk.internal.reflect.DelegatingMethodAccessorImpl.invoke(DelegatingMethodAccessorImpl.java:43)
	at java.base/java.lang.reflect.Method.invoke(Method.java:568)
	at kotlin.reflect.jvm.internal.calls.CallerImpl$Method.callMethod(CallerImpl.kt:97)
	at kotlin.reflect.jvm.internal.calls.CallerImpl$Method$Instance.call(CallerImpl.kt:113)
	at kotlin.reflect.jvm.internal.KCallableImpl.callDefaultMethod$kotlin_reflection(KCallableImpl.kt:207)
	at kotlin.reflect.jvm.internal.KCallableImpl.callBy(KCallableImpl.kt:112)
	at org.springframework.web.method.support.InvocableHandlerMethod$KotlinDelegate.invokeFunction(InvocableHandlerMethod.java:337)
	at org.springframework.web.method.support.InvocableHandlerMethod.doInvoke(InvocableHandlerMethod.java:254)
	at org.springframework.web.method.support.InvocableHandlerMethod.invokeForRequest(InvocableHandlerMethod.java:190)
	at org.springframework.web.servlet.mvc.method.annotation.ServletInvocableHandlerMethod.invokeAndHandle(ServletInvocableHandlerMethod.java:118)
	at org.springframework.web.servlet.mvc.method.annotation.RequestMappingHandlerAdapter.invokeHandlerMethod(RequestMappingHandlerAdapter.java:986)
	at org.springframework.web.servlet.mvc.method.annotation.RequestMappingHandlerAdapter.handleInternal(RequestMappingHandlerAdapter.java:891)
	at org.springframework.web.servlet.mvc.method.AbstractHandlerMethodAdapter.handle(AbstractHandlerMethodAdapter.java:87)
	at org.springframework.web.servlet.DispatcherServlet.doDispatch(DispatcherServlet.java:1088)
	at org.springframework.web.servlet.DispatcherServlet.doService(DispatcherServlet.java:978)
	at org.springframework.web.servlet.FrameworkServlet.processRequest(FrameworkServlet.java:1014)
	at org.springframework.web.servlet.FrameworkServlet.doGet(FrameworkServlet.java:903)
	at jakarta.servlet.http.HttpServlet.service(HttpServlet.java:564)
	at org.springframework.web.servlet.FrameworkServlet.service(FrameworkServlet.java:885)
	at jakarta.servlet.http.HttpServlet.service(HttpServlet.java:658)
	at org.apache.catalina.core.ApplicationFilterChain.internalDoFilter(ApplicationFilterChain.java:195)
	at org.apache.catalina.core.ApplicationFilterChain.doFilter(ApplicationFilterChain.java:140)
	at org.apache.tomcat.websocket.server.WsFilter.doFilter(WsFilter.java:51)
	at org.apache.catalina.core.ApplicationFilterChain.internalDoFilter(ApplicationFilterChain.java:164)
	at org.apache.catalina.core.ApplicationFilterChain.doFilter(ApplicationFilterChain.java:140)
	at org.springframework.web.filter.RequestContextFilter.doFilterInternal(RequestContextFilter.java:100)
	at org.springframework.web.filter.OncePerRequestFilter.doFilter(OncePerRequestFilter.java:116)
	at org.apache.catalina.core.ApplicationFilterChain.internalDoFilter(ApplicationFilterChain.java:164)
	at org.apache.catalina.core.ApplicationFilterChain.doFilter(ApplicationFilterChain.java:140)
	at org.springframework.web.filter.FormContentFilter.doFilterInternal(FormContentFilter.java:93)
	at org.springframework.web.filter.OncePerRequestFilter.doFilter(OncePerRequestFilter.java:116)
	at org.apache.catalina.core.ApplicationFilterChain.internalDoFilter(ApplicationFilterChain.java:164)
	at org.apache.catalina.core.ApplicationFilterChain.doFilter(ApplicationFilterChain.java:140)
	at org.springframework.web.filter.CharacterEncodingFilter.doFilterInternal(CharacterEncodingFilter.java:201)
	at org.springframework.web.filter.OncePerRequestFilter.doFilter(OncePerRequestFilter.java:116)
	at org.apache.catalina.core.ApplicationFilterChain.internalDoFilter(ApplicationFilterChain.java:164)
	at org.apache.catalina.core.ApplicationFilterChain.doFilter(ApplicationFilterChain.java:140)
	at org.apache.catalina.core.StandardWrapperValve.invoke(StandardWrapperValve.java:167)
	at org.apache.catalina.core.StandardContextValve.invoke(StandardContextValve.java:90)
	at org.apache.catalina.authenticator.AuthenticatorBase.invoke(AuthenticatorBase.java:483)
	at org.apache.catalina.core.StandardHostValve.invoke(StandardHostValve.java:115)
	at org.apache.catalina.valves.ErrorReportValve.invoke(ErrorReportValve.java:93)
	at org.apache.catalina.core.StandardEngineValve.invoke(StandardEngineValve.java:74)
	at org.apache.catalina.connector.CoyoteAdapter.service(CoyoteAdapter.java:344)
	at org.apache.coyote.http11.Http11Processor.service(Http11Processor.java:397)
	at org.apache.coyote.AbstractProcessorLight.process(AbstractProcessorLight.java:63)
	at org.apache.coyote.AbstractProtocol$ConnectionHandler.process(AbstractProtocol.java:905)
	at org.apache.tomcat.util.net.NioEndpoint$SocketProcessor.doRun(NioEndpoint.java:1741)
	at org.apache.tomcat.util.net.SocketProcessorBase.run(SocketProcessorBase.java:52)
	at org.apache.tomcat.util.threads.ThreadPoolExecutor.runWorker(ThreadPoolExecutor.java:1190)
	at org.apache.tomcat.util.threads.ThreadPoolExecutor$Worker.run(ThreadPoolExecutor.java:659)
	at org.apache.tomcat.util.threads.TaskThread$WrappingRunnable.run(TaskThread.java:63)
	at java.base/java.lang.Thread.run(Thread.java:842)
Caused by: org.hibernate.exception.ConstraintViolationException: could not execute statement [ERROR: null value in column "status_code" of relation "audit_logs" violates not-null constraint
  Detail: Failing row contains (5, Fetch Users, Users fetched successfully, null, 2025-01-28 14:41:30.292675, 200).] [insert into audit_logs (action,description,statusCode,timestamp) values (?,?,?,?)]
	at org.hibernate.exception.internal.SQLStateConversionDelegate.convert(SQLStateConversionDelegate.java:97)
	at org.hibernate.exception.internal.StandardSQLExceptionConverter.convert(StandardSQLExceptionConverter.java:58)
	at org.hibernate.engine.jdbc.spi.SqlExceptionHelper.convert(SqlExceptionHelper.java:108)
	at org.hibernate.engine.jdbc.internal.ResultSetReturnImpl.executeUpdate(ResultSetReturnImpl.java:197)
	at org.hibernate.id.insert.GetGeneratedKeysDelegate.performMutation(GetGeneratedKeysDelegate.java:116)
	at org.hibernate.engine.jdbc.mutation.internal.MutationExecutorSingleNonBatched.performNonBatchedOperations(MutationExecutorSingleNonBatched.java:47)
	at org.hibernate.engine.jdbc.mutation.internal.AbstractMutationExecutor.execute(AbstractMutationExecutor.java:55)
	at org.hibernate.persister.entity.mutation.InsertCoordinatorStandard.doStaticInserts(InsertCoordinatorStandard.java:194)
	at org.hibernate.persister.entity.mutation.InsertCoordinatorStandard.coordinateInsert(InsertCoordinatorStandard.java:132)
	at org.hibernate.persister.entity.mutation.InsertCoordinatorStandard.insert(InsertCoordinatorStandard.java:95)
	at org.hibernate.action.internal.EntityIdentityInsertAction.execute(EntityIdentityInsertAction.java:85)
	at org.hibernate.engine.spi.ActionQueue.execute(ActionQueue.java:682)
	at org.hibernate.engine.spi.ActionQueue.addResolvedEntityInsertAction(ActionQueue.java:293)
	at org.hibernate.engine.spi.ActionQueue.addInsertAction(ActionQueue.java:274)
	at org.hibernate.engine.spi.ActionQueue.addAction(ActionQueue.java:324)
	at org.hibernate.event.internal.AbstractSaveEventListener.addInsertAction(AbstractSaveEventListener.java:393)
	at org.hibernate.event.internal.AbstractSaveEventListener.performSaveOrReplicate(AbstractSaveEventListener.java:307)
	at org.hibernate.event.internal.AbstractSaveEventListener.performSave(AbstractSaveEventListener.java:223)
	at org.hibernate.event.internal.AbstractSaveEventListener.saveWithGeneratedId(AbstractSaveEventListener.java:136)
	at org.hibernate.event.internal.DefaultPersistEventListener.entityIsTransient(DefaultPersistEventListener.java:177)
	at org.hibernate.event.internal.DefaultPersistEventListener.persist(DefaultPersistEventListener.java:95)
	at org.hibernate.event.internal.DefaultPersistEventListener.onPersist(DefaultPersistEventListener.java:79)
	at org.hibernate.event.internal.DefaultPersistEventListener.onPersist(DefaultPersistEventListener.java:55)
	at org.hibernate.event.service.internal.EventListenerGroupImpl.fireEventOnEachListener(EventListenerGroupImpl.java:127)
	at org.hibernate.internal.SessionImpl.firePersist(SessionImpl.java:761)
	at org.hibernate.internal.SessionImpl.persist(SessionImpl.java:745)
	at java.base/jdk.internal.reflect.NativeMethodAccessorImpl.invoke0(Native Method)
	at java.base/jdk.internal.reflect.NativeMethodAccessorImpl.invoke(NativeMethodAccessorImpl.java:77)
	at java.base/jdk.internal.reflect.DelegatingMethodAccessorImpl.invoke(DelegatingMethodAccessorImpl.java:43)
	at java.base/java.lang.reflect.Method.invoke(Method.java:568)
	at org.springframework.orm.jpa.ExtendedEntityManagerCreator$ExtendedEntityManagerInvocationHandler.invoke(ExtendedEntityManagerCreator.java:364)
	at jdk.proxy4/jdk.proxy4.$Proxy133.persist(Unknown Source)
	at java.base/jdk.internal.reflect.NativeMethodAccessorImpl.invoke0(Native Method)
	at java.base/jdk.internal.reflect.NativeMethodAccessorImpl.invoke(NativeMethodAccessorImpl.java:77)
	at java.base/jdk.internal.reflect.DelegatingMethodAccessorImpl.invoke(DelegatingMethodAccessorImpl.java:43)
	at java.base/java.lang.reflect.Method.invoke(Method.java:568)
	at org.springframework.orm.jpa.SharedEntityManagerCreator$SharedEntityManagerInvocationHandler.invoke(SharedEntityManagerCreator.java:320)
	at jdk.proxy4/jdk.proxy4.$Proxy133.persist(Unknown Source)
	at org.springframework.data.jpa.repository.support.SimpleJpaRepository.save(SimpleJpaRepository.java:627)
	at java.base/jdk.internal.reflect.NativeMethodAccessorImpl.invoke0(Native Method)
	at java.base/jdk.internal.reflect.NativeMethodAccessorImpl.invoke(NativeMethodAccessorImpl.java:77)
	at java.base/jdk.internal.reflect.DelegatingMethodAccessorImpl.invoke(DelegatingMethodAccessorImpl.java:43)
	at java.base/java.lang.reflect.Method.invoke(Method.java:568)
	at org.springframework.aop.support.AopUtils.invokeJoinpointUsingReflection(AopUtils.java:359)
	at org.springframework.data.repository.core.support.RepositoryMethodInvoker$RepositoryFragmentMethodInvoker.lambda$new$0(RepositoryMethodInvoker.java:277)
	at org.springframework.data.repository.core.support.RepositoryMethodInvoker.doInvoke(RepositoryMethodInvoker.java:170)
	at org.springframework.data.repository.core.support.RepositoryMethodInvoker.invoke(RepositoryMethodInvoker.java:158)
	at org.springframework.data.repository.core.support.RepositoryComposition$RepositoryFragments.invoke(RepositoryComposition.java:515)
	at org.springframework.data.repository.core.support.RepositoryComposition.invoke(RepositoryComposition.java:284)
	at org.springframework.data.repository.core.support.RepositoryFactorySupport$ImplementationMethodExecutionInterceptor.invoke(RepositoryFactorySupport.java:752)
	at org.springframework.aop.framework.ReflectiveMethodInvocation.proceed(ReflectiveMethodInvocation.java:184)
	at org.springframework.data.repository.core.support.QueryExecutorMethodInterceptor.doInvoke(QueryExecutorMethodInterceptor.java:174)
	at org.springframework.data.repository.core.support.QueryExecutorMethodInterceptor.invoke(QueryExecutorMethodInterceptor.java:149)
	at org.springframework.aop.framework.ReflectiveMethodInvocation.proceed(ReflectiveMethodInvocation.java:184)
	at org.springframework.data.projection.DefaultMethodInvokingMethodInterceptor.invoke(DefaultMethodInvokingMethodInterceptor.java:69)
	at org.springframework.aop.framework.ReflectiveMethodInvocation.proceed(ReflectiveMethodInvocation.java:184)
	at org.springframework.transaction.interceptor.TransactionAspectSupport.invokeWithinTransaction(TransactionAspectSupport.java:380)
	at org.springframework.transaction.interceptor.TransactionInterceptor.invoke(TransactionInterceptor.java:119)
	at org.springframework.aop.framework.ReflectiveMethodInvocation.proceed(ReflectiveMethodInvocation.java:184)
	at org.springframework.dao.support.PersistenceExceptionTranslationInterceptor.invoke(PersistenceExceptionTranslationInterceptor.java:138)
	... 65 common frames omitted
Caused by: org.postgresql.util.PSQLException: ERROR: null value in column "status_code" of relation "audit_logs" violates not-null constraint
  Detail: Failing row contains (5, Fetch Users, Users fetched successfully, null, 2025-01-28 14:41:30.292675, 200).
	at org.postgresql.core.v3.QueryExecutorImpl.receiveErrorResponse(QueryExecutorImpl.java:2733)
	at org.postgresql.core.v3.QueryExecutorImpl.processResults(QueryExecutorImpl.java:2420)
	at org.postgresql.core.v3.QueryExecutorImpl.execute(QueryExecutorImpl.java:372)
	at org.postgresql.jdbc.PgStatement.executeInternal(PgStatement.java:517)
	at org.postgresql.jdbc.PgStatement.execute(PgStatement.java:434)
	at org.postgresql.jdbc.PgPreparedStatement.executeWithFlags(PgPreparedStatement.java:194)
	at org.postgresql.jdbc.PgPreparedStatement.executeUpdate(PgPreparedStatement.java:155)
	at com.zaxxer.hikari.pool.ProxyPreparedStatement.executeUpdate(ProxyPreparedStatement.java:61)
	at com.zaxxer.hikari.pool.HikariProxyPreparedStatement.executeUpdate(HikariProxyPreparedStatement.java)
	at org.hibernate.engine.jdbc.internal.ResultSetReturnImpl.executeUpdate(ResultSetReturnImpl.java:194)
	... 121 common frames omitted
2025-01-28 14:41:30 [http-nio-9191-exec-3] INFO  c.p.crud_pulsar.EventPublisher - EventPublisher::publishPlainMessage published the event: AuditMessage(action=Fetch Users, description=Internal server error, statusCode=500)
2025-01-28 14:41:30 [org.springframework.Pulsar.PulsarListenerEndpointContainer#0-0-C-1] INFO  c.personal.crud_pulsar.EventConsumer - EventConsumer::consumeTextEvent consumed events Fetched all users
2025-01-28 14:41:30 [org.springframework.Pulsar.PulsarListenerEndpointContainer#0-0-C-1] INFO  c.personal.crud_pulsar.EventConsumer - EventConsumer::consumeTextEvent consumed events AuditMessage(action=Fetch Users, description=Users fetched successfully, statusCode=200)
2025-01-28 14:41:30 [http-nio-9191-exec-3] WARN  o.h.e.jdbc.spi.SqlExceptionHelper - SQL Error: 0, SQLState: 23502
2025-01-28 14:41:30 [http-nio-9191-exec-3] ERROR o.h.e.jdbc.spi.SqlExceptionHelper - ERROR: null value in column "status_code" of relation "audit_logs" violates not-null constraint
  Detail: Failing row contains (6, Fetch Users, Internal server error, null, 2025-01-28 14:41:30.307166, 500).
2025-01-28 14:41:30 [http-nio-9191-exec-3] ERROR o.a.c.c.C.[.[.[.[dispatcherServlet] - Servlet.service() for servlet [dispatcherServlet] in context with path [] threw exception [Request processing failed: org.springframework.dao.DataIntegrityViolationException: could not execute statement [ERROR: null value in column "status_code" of relation "audit_logs" violates not-null constraint
  Detail: Failing row contains (6, Fetch Users, Internal server error, null, 2025-01-28 14:41:30.307166, 500).] [insert into audit_logs (action,description,statusCode,timestamp) values (?,?,?,?)]; SQL [insert into audit_logs (action,description,statusCode,timestamp) values (?,?,?,?)]; constraint [status_code" of relation "audit_logs]] with root cause
org.postgresql.util.PSQLException: ERROR: null value in column "status_code" of relation "audit_logs" violates not-null constraint
  Detail: Failing row contains (6, Fetch Users, Internal server error, null, 2025-01-28 14:41:30.307166, 500).
	at org.postgresql.core.v3.QueryExecutorImpl.receiveErrorResponse(QueryExecutorImpl.java:2733)
	at org.postgresql.core.v3.QueryExecutorImpl.processResults(QueryExecutorImpl.java:2420)
	at org.postgresql.core.v3.QueryExecutorImpl.execute(QueryExecutorImpl.java:372)
	at org.postgresql.jdbc.PgStatement.executeInternal(PgStatement.java:517)
	at org.postgresql.jdbc.PgStatement.execute(PgStatement.java:434)
	at org.postgresql.jdbc.PgPreparedStatement.executeWithFlags(PgPreparedStatement.java:194)
	at org.postgresql.jdbc.PgPreparedStatement.executeUpdate(PgPreparedStatement.java:155)
	at com.zaxxer.hikari.pool.ProxyPreparedStatement.executeUpdate(ProxyPreparedStatement.java:61)
	at com.zaxxer.hikari.pool.HikariProxyPreparedStatement.executeUpdate(HikariProxyPreparedStatement.java)
	at org.hibernate.engine.jdbc.internal.ResultSetReturnImpl.executeUpdate(ResultSetReturnImpl.java:194)
	at org.hibernate.id.insert.GetGeneratedKeysDelegate.performMutation(GetGeneratedKeysDelegate.java:116)
	at org.hibernate.engine.jdbc.mutation.internal.MutationExecutorSingleNonBatched.performNonBatchedOperations(MutationExecutorSingleNonBatched.java:47)
	at org.hibernate.engine.jdbc.mutation.internal.AbstractMutationExecutor.execute(AbstractMutationExecutor.java:55)
	at org.hibernate.persister.entity.mutation.InsertCoordinatorStandard.doStaticInserts(InsertCoordinatorStandard.java:194)
	at org.hibernate.persister.entity.mutation.InsertCoordinatorStandard.coordinateInsert(InsertCoordinatorStandard.java:132)
	at org.hibernate.persister.entity.mutation.InsertCoordinatorStandard.insert(InsertCoordinatorStandard.java:95)
	at org.hibernate.action.internal.EntityIdentityInsertAction.execute(EntityIdentityInsertAction.java:85)
	at org.hibernate.engine.spi.ActionQueue.execute(ActionQueue.java:682)
	at org.hibernate.engine.spi.ActionQueue.addResolvedEntityInsertAction(ActionQueue.java:293)
	at org.hibernate.engine.spi.ActionQueue.addInsertAction(ActionQueue.java:274)
	at org.hibernate.engine.spi.ActionQueue.addAction(ActionQueue.java:324)
	at org.hibernate.event.internal.AbstractSaveEventListener.addInsertAction(AbstractSaveEventListener.java:393)
	at org.hibernate.event.internal.AbstractSaveEventListener.performSaveOrReplicate(AbstractSaveEventListener.java:307)
	at org.hibernate.event.internal.AbstractSaveEventListener.performSave(AbstractSaveEventListener.java:223)
	at org.hibernate.event.internal.AbstractSaveEventListener.saveWithGeneratedId(AbstractSaveEventListener.java:136)
	at org.hibernate.event.internal.DefaultPersistEventListener.entityIsTransient(DefaultPersistEventListener.java:177)
	at org.hibernate.event.internal.DefaultPersistEventListener.persist(DefaultPersistEventListener.java:95)
	at org.hibernate.event.internal.DefaultPersistEventListener.onPersist(DefaultPersistEventListener.java:79)
	at org.hibernate.event.internal.DefaultPersistEventListener.onPersist(DefaultPersistEventListener.java:55)
	at org.hibernate.event.service.internal.EventListenerGroupImpl.fireEventOnEachListener(EventListenerGroupImpl.java:127)
	at org.hibernate.internal.SessionImpl.firePersist(SessionImpl.java:761)
	at org.hibernate.internal.SessionImpl.persist(SessionImpl.java:745)
	at java.base/jdk.internal.reflect.NativeMethodAccessorImpl.invoke0(Native Method)
	at java.base/jdk.internal.reflect.NativeMethodAccessorImpl.invoke(NativeMethodAccessorImpl.java:77)
	at java.base/jdk.internal.reflect.DelegatingMethodAccessorImpl.invoke(DelegatingMethodAccessorImpl.java:43)
	at java.base/java.lang.reflect.Method.invoke(Method.java:568)
	at org.springframework.orm.jpa.ExtendedEntityManagerCreator$ExtendedEntityManagerInvocationHandler.invoke(ExtendedEntityManagerCreator.java:364)
	at jdk.proxy4/jdk.proxy4.$Proxy133.persist(Unknown Source)
	at java.base/jdk.internal.reflect.NativeMethodAccessorImpl.invoke0(Native Method)
	at java.base/jdk.internal.reflect.NativeMethodAccessorImpl.invoke(NativeMethodAccessorImpl.java:77)
	at java.base/jdk.internal.reflect.DelegatingMethodAccessorImpl.invoke(DelegatingMethodAccessorImpl.java:43)
	at java.base/java.lang.reflect.Method.invoke(Method.java:568)
	at org.springframework.orm.jpa.SharedEntityManagerCreator$SharedEntityManagerInvocationHandler.invoke(SharedEntityManagerCreator.java:320)
	at jdk.proxy4/jdk.proxy4.$Proxy133.persist(Unknown Source)
	at org.springframework.data.jpa.repository.support.SimpleJpaRepository.save(SimpleJpaRepository.java:627)
	at java.base/jdk.internal.reflect.NativeMethodAccessorImpl.invoke0(Native Method)
	at java.base/jdk.internal.reflect.NativeMethodAccessorImpl.invoke(NativeMethodAccessorImpl.java:77)
	at java.base/jdk.internal.reflect.DelegatingMethodAccessorImpl.invoke(DelegatingMethodAccessorImpl.java:43)
	at java.base/java.lang.reflect.Method.invoke(Method.java:568)
	at org.springframework.aop.support.AopUtils.invokeJoinpointUsingReflection(AopUtils.java:359)
	at org.springframework.data.repository.core.support.RepositoryMethodInvoker$RepositoryFragmentMethodInvoker.lambda$new$0(RepositoryMethodInvoker.java:277)
	at org.springframework.data.repository.core.support.RepositoryMethodInvoker.doInvoke(RepositoryMethodInvoker.java:170)
	at org.springframework.data.repository.core.support.RepositoryMethodInvoker.invoke(RepositoryMethodInvoker.java:158)
	at org.springframework.data.repository.core.support.RepositoryComposition$RepositoryFragments.invoke(RepositoryComposition.java:515)
	at org.springframework.data.repository.core.support.RepositoryComposition.invoke(RepositoryComposition.java:284)
	at org.springframework.data.repository.core.support.RepositoryFactorySupport$ImplementationMethodExecutionInterceptor.invoke(RepositoryFactorySupport.java:752)
	at org.springframework.aop.framework.ReflectiveMethodInvocation.proceed(ReflectiveMethodInvocation.java:184)
	at org.springframework.data.repository.core.support.QueryExecutorMethodInterceptor.doInvoke(QueryExecutorMethodInterceptor.java:174)
	at org.springframework.data.repository.core.support.QueryExecutorMethodInterceptor.invoke(QueryExecutorMethodInterceptor.java:149)
	at org.springframework.aop.framework.ReflectiveMethodInvocation.proceed(ReflectiveMethodInvocation.java:184)
	at org.springframework.data.projection.DefaultMethodInvokingMethodInterceptor.invoke(DefaultMethodInvokingMethodInterceptor.java:69)
	at org.springframework.aop.framework.ReflectiveMethodInvocation.proceed(ReflectiveMethodInvocation.java:184)
	at org.springframework.transaction.interceptor.TransactionAspectSupport.invokeWithinTransaction(TransactionAspectSupport.java:380)
	at org.springframework.transaction.interceptor.TransactionInterceptor.invoke(TransactionInterceptor.java:119)
	at org.springframework.aop.framework.ReflectiveMethodInvocation.proceed(ReflectiveMethodInvocation.java:184)
	at org.springframework.dao.support.PersistenceExceptionTranslationInterceptor.invoke(PersistenceExceptionTranslationInterceptor.java:138)
	at org.springframework.aop.framework.ReflectiveMethodInvocation.proceed(ReflectiveMethodInvocation.java:184)
	at org.springframework.data.jpa.repository.support.CrudMethodMetadataPostProcessor$CrudMethodMetadataPopulatingMethodInterceptor.invoke(CrudMethodMetadataPostProcessor.java:165)
	at org.springframework.aop.framework.ReflectiveMethodInvocation.proceed(ReflectiveMethodInvocation.java:184)
	at org.springframework.data.repository.core.support.MethodInvocationValidator.invoke(MethodInvocationValidator.java:96)
	at org.springframework.aop.framework.ReflectiveMethodInvocation.proceed(ReflectiveMethodInvocation.java:184)
	at org.springframework.aop.framework.JdkDynamicAopProxy.invoke(JdkDynamicAopProxy.java:223)
	at jdk.proxy4/jdk.proxy4.$Proxy137.save(Unknown Source)
	at com.personal.crud_pulsar.AuditLogService.saveAuditLog(AuditLogService.kt:9)
	at com.personal.crud_pulsar.HelloController.publishAuditEvent(HelloController.kt:298)
	at com.personal.crud_pulsar.HelloController.listUsers(HelloController.kt:195)
	at java.base/jdk.internal.reflect.NativeMethodAccessorImpl.invoke0(Native Method)
	at java.base/jdk.internal.reflect.NativeMethodAccessorImpl.invoke(NativeMethodAccessorImpl.java:77)
	at java.base/jdk.internal.reflect.DelegatingMethodAccessorImpl.invoke(DelegatingMethodAccessorImpl.java:43)
	at java.base/java.lang.reflect.Method.invoke(Method.java:568)
	at kotlin.reflect.jvm.internal.calls.CallerImpl$Method.callMethod(CallerImpl.kt:97)
	at kotlin.reflect.jvm.internal.calls.CallerImpl$Method$Instance.call(CallerImpl.kt:113)
	at kotlin.reflect.jvm.internal.KCallableImpl.callDefaultMethod$kotlin_reflection(KCallableImpl.kt:207)
	at kotlin.reflect.jvm.internal.KCallableImpl.callBy(KCallableImpl.kt:112)
	at org.springframework.web.method.support.InvocableHandlerMethod$KotlinDelegate.invokeFunction(InvocableHandlerMethod.java:337)
	at org.springframework.web.method.support.InvocableHandlerMethod.doInvoke(InvocableHandlerMethod.java:254)
	at org.springframework.web.method.support.InvocableHandlerMethod.invokeForRequest(InvocableHandlerMethod.java:190)
	at org.springframework.web.servlet.mvc.method.annotation.ServletInvocableHandlerMethod.invokeAndHandle(ServletInvocableHandlerMethod.java:118)
	at org.springframework.web.servlet.mvc.method.annotation.RequestMappingHandlerAdapter.invokeHandlerMethod(RequestMappingHandlerAdapter.java:986)
	at org.springframework.web.servlet.mvc.method.annotation.RequestMappingHandlerAdapter.handleInternal(RequestMappingHandlerAdapter.java:891)
	at org.springframework.web.servlet.mvc.method.AbstractHandlerMethodAdapter.handle(AbstractHandlerMethodAdapter.java:87)
	at org.springframework.web.servlet.DispatcherServlet.doDispatch(DispatcherServlet.java:1088)
	at org.springframework.web.servlet.DispatcherServlet.doService(DispatcherServlet.java:978)
	at org.springframework.web.servlet.FrameworkServlet.processRequest(FrameworkServlet.java:1014)
	at org.springframework.web.servlet.FrameworkServlet.doGet(FrameworkServlet.java:903)
	at jakarta.servlet.http.HttpServlet.service(HttpServlet.java:564)
	at org.springframework.web.servlet.FrameworkServlet.service(FrameworkServlet.java:885)
	at jakarta.servlet.http.HttpServlet.service(HttpServlet.java:658)
	at org.apache.catalina.core.ApplicationFilterChain.internalDoFilter(ApplicationFilterChain.java:195)
	at org.apache.catalina.core.ApplicationFilterChain.doFilter(ApplicationFilterChain.java:140)
	at org.apache.tomcat.websocket.server.WsFilter.doFilter(WsFilter.java:51)
	at org.apache.catalina.core.ApplicationFilterChain.internalDoFilter(ApplicationFilterChain.java:164)
	at org.apache.catalina.core.ApplicationFilterChain.doFilter(ApplicationFilterChain.java:140)
	at org.springframework.web.filter.RequestContextFilter.doFilterInternal(RequestContextFilter.java:100)
	at org.springframework.web.filter.OncePerRequestFilter.doFilter(OncePerRequestFilter.java:116)
	at org.apache.catalina.core.ApplicationFilterChain.internalDoFilter(ApplicationFilterChain.java:164)
	at org.apache.catalina.core.ApplicationFilterChain.doFilter(ApplicationFilterChain.java:140)
	at org.springframework.web.filter.FormContentFilter.doFilterInternal(FormContentFilter.java:93)
	at org.springframework.web.filter.OncePerRequestFilter.doFilter(OncePerRequestFilter.java:116)
	at org.apache.catalina.core.ApplicationFilterChain.internalDoFilter(ApplicationFilterChain.java:164)
	at org.apache.catalina.core.ApplicationFilterChain.doFilter(ApplicationFilterChain.java:140)
	at org.springframework.web.filter.CharacterEncodingFilter.doFilterInternal(CharacterEncodingFilter.java:201)
	at org.springframework.web.filter.OncePerRequestFilter.doFilter(OncePerRequestFilter.java:116)
	at org.apache.catalina.core.ApplicationFilterChain.internalDoFilter(ApplicationFilterChain.java:164)
	at org.apache.catalina.core.ApplicationFilterChain.doFilter(ApplicationFilterChain.java:140)
	at org.apache.catalina.core.StandardWrapperValve.invoke(StandardWrapperValve.java:167)
	at org.apache.catalina.core.StandardContextValve.invoke(StandardContextValve.java:90)
	at org.apache.catalina.authenticator.AuthenticatorBase.invoke(AuthenticatorBase.java:483)
	at org.apache.catalina.core.StandardHostValve.invoke(StandardHostValve.java:115)
	at org.apache.catalina.valves.ErrorReportValve.invoke(ErrorReportValve.java:93)
	at org.apache.catalina.core.StandardEngineValve.invoke(StandardEngineValve.java:74)
	at org.apache.catalina.connector.CoyoteAdapter.service(CoyoteAdapter.java:344)
	at org.apache.coyote.http11.Http11Processor.service(Http11Processor.java:397)
	at org.apache.coyote.AbstractProcessorLight.process(AbstractProcessorLight.java:63)
	at org.apache.coyote.AbstractProtocol$ConnectionHandler.process(AbstractProtocol.java:905)
	at org.apache.tomcat.util.net.NioEndpoint$SocketProcessor.doRun(NioEndpoint.java:1741)
	at org.apache.tomcat.util.net.SocketProcessorBase.run(SocketProcessorBase.java:52)
	at org.apache.tomcat.util.threads.ThreadPoolExecutor.runWorker(ThreadPoolExecutor.java:1190)
	at org.apache.tomcat.util.threads.ThreadPoolExecutor$Worker.run(ThreadPoolExecutor.java:659)
	at org.apache.tomcat.util.threads.TaskThread$WrappingRunnable.run(TaskThread.java:63)
	at java.base/java.lang.Thread.run(Thread.java:842)
2025-01-28 14:41:30 [http-nio-9191-exec-4] INFO  c.p.crud_pulsar.HelloController - Fetching all users
2025-01-28 14:41:30 [http-nio-9191-exec-4] INFO  c.p.crud_pulsar.EventPublisher - EventPublisher::publishPlainMessage published the event: Fetched all users
2025-01-28 14:41:30 [http-nio-9191-exec-4] INFO  c.p.crud_pulsar.EventPublisher - EventPublisher::publishPlainMessage published the event: AuditMessage(action=Fetch Users, description=Users fetched successfully, statusCode=200)
2025-01-28 14:41:30 [http-nio-9191-exec-4] WARN  o.h.e.jdbc.spi.SqlExceptionHelper - SQL Error: 0, SQLState: 23502
2025-01-28 14:41:30 [http-nio-9191-exec-4] ERROR o.h.e.jdbc.spi.SqlExceptionHelper - ERROR: null value in column "status_code" of relation "audit_logs" violates not-null constraint
  Detail: Failing row contains (7, Fetch Users, Users fetched successfully, null, 2025-01-28 14:41:30.336123, 200).
2025-01-28 14:41:30 [http-nio-9191-exec-4] ERROR c.p.crud_pulsar.HelloController - Internal server error while fetching users
org.springframework.dao.DataIntegrityViolationException: could not execute statement [ERROR: null value in column "status_code" of relation "audit_logs" violates not-null constraint
  Detail: Failing row contains (7, Fetch Users, Users fetched successfully, null, 2025-01-28 14:41:30.336123, 200).] [insert into audit_logs (action,description,statusCode,timestamp) values (?,?,?,?)]; SQL [insert into audit_logs (action,description,statusCode,timestamp) values (?,?,?,?)]; constraint [status_code" of relation "audit_logs]
	at org.springframework.orm.jpa.vendor.HibernateJpaDialect.convertHibernateAccessException(HibernateJpaDialect.java:290)
	at org.springframework.orm.jpa.vendor.HibernateJpaDialect.translateExceptionIfPossible(HibernateJpaDialect.java:241)
	at org.springframework.orm.jpa.AbstractEntityManagerFactoryBean.translateExceptionIfPossible(AbstractEntityManagerFactoryBean.java:560)
	at org.springframework.dao.support.ChainedPersistenceExceptionTranslator.translateExceptionIfPossible(ChainedPersistenceExceptionTranslator.java:61)
	at org.springframework.dao.support.DataAccessUtils.translateIfNecessary(DataAccessUtils.java:343)
	at org.springframework.dao.support.PersistenceExceptionTranslationInterceptor.invoke(PersistenceExceptionTranslationInterceptor.java:160)
	at org.springframework.aop.framework.ReflectiveMethodInvocation.proceed(ReflectiveMethodInvocation.java:184)
	at org.springframework.data.jpa.repository.support.CrudMethodMetadataPostProcessor$CrudMethodMetadataPopulatingMethodInterceptor.invoke(CrudMethodMetadataPostProcessor.java:165)
	at org.springframework.aop.framework.ReflectiveMethodInvocation.proceed(ReflectiveMethodInvocation.java:184)
	at org.springframework.data.repository.core.support.MethodInvocationValidator.invoke(MethodInvocationValidator.java:96)
	at org.springframework.aop.framework.ReflectiveMethodInvocation.proceed(ReflectiveMethodInvocation.java:184)
	at org.springframework.aop.framework.JdkDynamicAopProxy.invoke(JdkDynamicAopProxy.java:223)
	at jdk.proxy4/jdk.proxy4.$Proxy137.save(Unknown Source)
	at com.personal.crud_pulsar.AuditLogService.saveAuditLog(AuditLogService.kt:9)
	at com.personal.crud_pulsar.HelloController.publishAuditEvent(HelloController.kt:298)
	at com.personal.crud_pulsar.HelloController.listUsers(HelloController.kt:191)
	at java.base/jdk.internal.reflect.NativeMethodAccessorImpl.invoke0(Native Method)
	at java.base/jdk.internal.reflect.NativeMethodAccessorImpl.invoke(NativeMethodAccessorImpl.java:77)
	at java.base/jdk.internal.reflect.DelegatingMethodAccessorImpl.invoke(DelegatingMethodAccessorImpl.java:43)
	at java.base/java.lang.reflect.Method.invoke(Method.java:568)
	at kotlin.reflect.jvm.internal.calls.CallerImpl$Method.callMethod(CallerImpl.kt:97)
	at kotlin.reflect.jvm.internal.calls.CallerImpl$Method$Instance.call(CallerImpl.kt:113)
	at kotlin.reflect.jvm.internal.KCallableImpl.callDefaultMethod$kotlin_reflection(KCallableImpl.kt:207)
	at kotlin.reflect.jvm.internal.KCallableImpl.callBy(KCallableImpl.kt:112)
	at org.springframework.web.method.support.InvocableHandlerMethod$KotlinDelegate.invokeFunction(InvocableHandlerMethod.java:337)
	at org.springframework.web.method.support.InvocableHandlerMethod.doInvoke(InvocableHandlerMethod.java:254)
	at org.springframework.web.method.support.InvocableHandlerMethod.invokeForRequest(InvocableHandlerMethod.java:190)
	at org.springframework.web.servlet.mvc.method.annotation.ServletInvocableHandlerMethod.invokeAndHandle(ServletInvocableHandlerMethod.java:118)
	at org.springframework.web.servlet.mvc.method.annotation.RequestMappingHandlerAdapter.invokeHandlerMethod(RequestMappingHandlerAdapter.java:986)
	at org.springframework.web.servlet.mvc.method.annotation.RequestMappingHandlerAdapter.handleInternal(RequestMappingHandlerAdapter.java:891)
	at org.springframework.web.servlet.mvc.method.AbstractHandlerMethodAdapter.handle(AbstractHandlerMethodAdapter.java:87)
	at org.springframework.web.servlet.DispatcherServlet.doDispatch(DispatcherServlet.java:1088)
	at org.springframework.web.servlet.DispatcherServlet.doService(DispatcherServlet.java:978)
	at org.springframework.web.servlet.FrameworkServlet.processRequest(FrameworkServlet.java:1014)
	at org.springframework.web.servlet.FrameworkServlet.doGet(FrameworkServlet.java:903)
	at jakarta.servlet.http.HttpServlet.service(HttpServlet.java:564)
	at org.springframework.web.servlet.FrameworkServlet.service(FrameworkServlet.java:885)
	at jakarta.servlet.http.HttpServlet.service(HttpServlet.java:658)
	at org.apache.catalina.core.ApplicationFilterChain.internalDoFilter(ApplicationFilterChain.java:195)
	at org.apache.catalina.core.ApplicationFilterChain.doFilter(ApplicationFilterChain.java:140)
	at org.apache.tomcat.websocket.server.WsFilter.doFilter(WsFilter.java:51)
	at org.apache.catalina.core.ApplicationFilterChain.internalDoFilter(ApplicationFilterChain.java:164)
	at org.apache.catalina.core.ApplicationFilterChain.doFilter(ApplicationFilterChain.java:140)
	at org.springframework.web.filter.RequestContextFilter.doFilterInternal(RequestContextFilter.java:100)
	at org.springframework.web.filter.OncePerRequestFilter.doFilter(OncePerRequestFilter.java:116)
	at org.apache.catalina.core.ApplicationFilterChain.internalDoFilter(ApplicationFilterChain.java:164)
	at org.apache.catalina.core.ApplicationFilterChain.doFilter(ApplicationFilterChain.java:140)
	at org.springframework.web.filter.FormContentFilter.doFilterInternal(FormContentFilter.java:93)
	at org.springframework.web.filter.OncePerRequestFilter.doFilter(OncePerRequestFilter.java:116)
	at org.apache.catalina.core.ApplicationFilterChain.internalDoFilter(ApplicationFilterChain.java:164)
	at org.apache.catalina.core.ApplicationFilterChain.doFilter(ApplicationFilterChain.java:140)
	at org.springframework.web.filter.CharacterEncodingFilter.doFilterInternal(CharacterEncodingFilter.java:201)
	at org.springframework.web.filter.OncePerRequestFilter.doFilter(OncePerRequestFilter.java:116)
	at org.apache.catalina.core.ApplicationFilterChain.internalDoFilter(ApplicationFilterChain.java:164)
	at org.apache.catalina.core.ApplicationFilterChain.doFilter(ApplicationFilterChain.java:140)
	at org.apache.catalina.core.StandardWrapperValve.invoke(StandardWrapperValve.java:167)
	at org.apache.catalina.core.StandardContextValve.invoke(StandardContextValve.java:90)
	at org.apache.catalina.authenticator.AuthenticatorBase.invoke(AuthenticatorBase.java:483)
	at org.apache.catalina.core.StandardHostValve.invoke(StandardHostValve.java:115)
	at org.apache.catalina.valves.ErrorReportValve.invoke(ErrorReportValve.java:93)
	at org.apache.catalina.core.StandardEngineValve.invoke(StandardEngineValve.java:74)
	at org.apache.catalina.connector.CoyoteAdapter.service(CoyoteAdapter.java:344)
	at org.apache.coyote.http11.Http11Processor.service(Http11Processor.java:397)
	at org.apache.coyote.AbstractProcessorLight.process(AbstractProcessorLight.java:63)
	at org.apache.coyote.AbstractProtocol$ConnectionHandler.process(AbstractProtocol.java:905)
	at org.apache.tomcat.util.net.NioEndpoint$SocketProcessor.doRun(NioEndpoint.java:1741)
	at org.apache.tomcat.util.net.SocketProcessorBase.run(SocketProcessorBase.java:52)
	at org.apache.tomcat.util.threads.ThreadPoolExecutor.runWorker(ThreadPoolExecutor.java:1190)
	at org.apache.tomcat.util.threads.ThreadPoolExecutor$Worker.run(ThreadPoolExecutor.java:659)
	at org.apache.tomcat.util.threads.TaskThread$WrappingRunnable.run(TaskThread.java:63)
	at java.base/java.lang.Thread.run(Thread.java:842)
Caused by: org.hibernate.exception.ConstraintViolationException: could not execute statement [ERROR: null value in column "status_code" of relation "audit_logs" violates not-null constraint
  Detail: Failing row contains (7, Fetch Users, Users fetched successfully, null, 2025-01-28 14:41:30.336123, 200).] [insert into audit_logs (action,description,statusCode,timestamp) values (?,?,?,?)]
	at org.hibernate.exception.internal.SQLStateConversionDelegate.convert(SQLStateConversionDelegate.java:97)
	at org.hibernate.exception.internal.StandardSQLExceptionConverter.convert(StandardSQLExceptionConverter.java:58)
	at org.hibernate.engine.jdbc.spi.SqlExceptionHelper.convert(SqlExceptionHelper.java:108)
	at org.hibernate.engine.jdbc.internal.ResultSetReturnImpl.executeUpdate(ResultSetReturnImpl.java:197)
	at org.hibernate.id.insert.GetGeneratedKeysDelegate.performMutation(GetGeneratedKeysDelegate.java:116)
	at org.hibernate.engine.jdbc.mutation.internal.MutationExecutorSingleNonBatched.performNonBatchedOperations(MutationExecutorSingleNonBatched.java:47)
	at org.hibernate.engine.jdbc.mutation.internal.AbstractMutationExecutor.execute(AbstractMutationExecutor.java:55)
	at org.hibernate.persister.entity.mutation.InsertCoordinatorStandard.doStaticInserts(InsertCoordinatorStandard.java:194)
	at org.hibernate.persister.entity.mutation.InsertCoordinatorStandard.coordinateInsert(InsertCoordinatorStandard.java:132)
	at org.hibernate.persister.entity.mutation.InsertCoordinatorStandard.insert(InsertCoordinatorStandard.java:95)
	at org.hibernate.action.internal.EntityIdentityInsertAction.execute(EntityIdentityInsertAction.java:85)
	at org.hibernate.engine.spi.ActionQueue.execute(ActionQueue.java:682)
	at org.hibernate.engine.spi.ActionQueue.addResolvedEntityInsertAction(ActionQueue.java:293)
	at org.hibernate.engine.spi.ActionQueue.addInsertAction(ActionQueue.java:274)
	at org.hibernate.engine.spi.ActionQueue.addAction(ActionQueue.java:324)
	at org.hibernate.event.internal.AbstractSaveEventListener.addInsertAction(AbstractSaveEventListener.java:393)
	at org.hibernate.event.internal.AbstractSaveEventListener.performSaveOrReplicate(AbstractSaveEventListener.java:307)
	at org.hibernate.event.internal.AbstractSaveEventListener.performSave(AbstractSaveEventListener.java:223)
	at org.hibernate.event.internal.AbstractSaveEventListener.saveWithGeneratedId(AbstractSaveEventListener.java:136)
	at org.hibernate.event.internal.DefaultPersistEventListener.entityIsTransient(DefaultPersistEventListener.java:177)
	at org.hibernate.event.internal.DefaultPersistEventListener.persist(DefaultPersistEventListener.java:95)
	at org.hibernate.event.internal.DefaultPersistEventListener.onPersist(DefaultPersistEventListener.java:79)
	at org.hibernate.event.internal.DefaultPersistEventListener.onPersist(DefaultPersistEventListener.java:55)
	at org.hibernate.event.service.internal.EventListenerGroupImpl.fireEventOnEachListener(EventListenerGroupImpl.java:127)
	at org.hibernate.internal.SessionImpl.firePersist(SessionImpl.java:761)
	at org.hibernate.internal.SessionImpl.persist(SessionImpl.java:745)
	at java.base/jdk.internal.reflect.NativeMethodAccessorImpl.invoke0(Native Method)
	at java.base/jdk.internal.reflect.NativeMethodAccessorImpl.invoke(NativeMethodAccessorImpl.java:77)
	at java.base/jdk.internal.reflect.DelegatingMethodAccessorImpl.invoke(DelegatingMethodAccessorImpl.java:43)
	at java.base/java.lang.reflect.Method.invoke(Method.java:568)
	at org.springframework.orm.jpa.ExtendedEntityManagerCreator$ExtendedEntityManagerInvocationHandler.invoke(ExtendedEntityManagerCreator.java:364)
	at jdk.proxy4/jdk.proxy4.$Proxy133.persist(Unknown Source)
	at java.base/jdk.internal.reflect.NativeMethodAccessorImpl.invoke0(Native Method)
	at java.base/jdk.internal.reflect.NativeMethodAccessorImpl.invoke(NativeMethodAccessorImpl.java:77)
	at java.base/jdk.internal.reflect.DelegatingMethodAccessorImpl.invoke(DelegatingMethodAccessorImpl.java:43)
	at java.base/java.lang.reflect.Method.invoke(Method.java:568)
	at org.springframework.orm.jpa.SharedEntityManagerCreator$SharedEntityManagerInvocationHandler.invoke(SharedEntityManagerCreator.java:320)
	at jdk.proxy4/jdk.proxy4.$Proxy133.persist(Unknown Source)
	at org.springframework.data.jpa.repository.support.SimpleJpaRepository.save(SimpleJpaRepository.java:627)
	at java.base/jdk.internal.reflect.NativeMethodAccessorImpl.invoke0(Native Method)
	at java.base/jdk.internal.reflect.NativeMethodAccessorImpl.invoke(NativeMethodAccessorImpl.java:77)
	at java.base/jdk.internal.reflect.DelegatingMethodAccessorImpl.invoke(DelegatingMethodAccessorImpl.java:43)
	at java.base/java.lang.reflect.Method.invoke(Method.java:568)
	at org.springframework.aop.support.AopUtils.invokeJoinpointUsingReflection(AopUtils.java:359)
	at org.springframework.data.repository.core.support.RepositoryMethodInvoker$RepositoryFragmentMethodInvoker.lambda$new$0(RepositoryMethodInvoker.java:277)
	at org.springframework.data.repository.core.support.RepositoryMethodInvoker.doInvoke(RepositoryMethodInvoker.java:170)
	at org.springframework.data.repository.core.support.RepositoryMethodInvoker.invoke(RepositoryMethodInvoker.java:158)
	at org.springframework.data.repository.core.support.RepositoryComposition$RepositoryFragments.invoke(RepositoryComposition.java:515)
	at org.springframework.data.repository.core.support.RepositoryComposition.invoke(RepositoryComposition.java:284)
	at org.springframework.data.repository.core.support.RepositoryFactorySupport$ImplementationMethodExecutionInterceptor.invoke(RepositoryFactorySupport.java:752)
	at org.springframework.aop.framework.ReflectiveMethodInvocation.proceed(ReflectiveMethodInvocation.java:184)
	at org.springframework.data.repository.core.support.QueryExecutorMethodInterceptor.doInvoke(QueryExecutorMethodInterceptor.java:174)
	at org.springframework.data.repository.core.support.QueryExecutorMethodInterceptor.invoke(QueryExecutorMethodInterceptor.java:149)
	at org.springframework.aop.framework.ReflectiveMethodInvocation.proceed(ReflectiveMethodInvocation.java:184)
	at org.springframework.data.projection.DefaultMethodInvokingMethodInterceptor.invoke(DefaultMethodInvokingMethodInterceptor.java:69)
	at org.springframework.aop.framework.ReflectiveMethodInvocation.proceed(ReflectiveMethodInvocation.java:184)
	at org.springframework.transaction.interceptor.TransactionAspectSupport.invokeWithinTransaction(TransactionAspectSupport.java:380)
	at org.springframework.transaction.interceptor.TransactionInterceptor.invoke(TransactionInterceptor.java:119)
	at org.springframework.aop.framework.ReflectiveMethodInvocation.proceed(ReflectiveMethodInvocation.java:184)
	at org.springframework.dao.support.PersistenceExceptionTranslationInterceptor.invoke(PersistenceExceptionTranslationInterceptor.java:138)
	... 65 common frames omitted
Caused by: org.postgresql.util.PSQLException: ERROR: null value in column "status_code" of relation "audit_logs" violates not-null constraint
  Detail: Failing row contains (7, Fetch Users, Users fetched successfully, null, 2025-01-28 14:41:30.336123, 200).
	at org.postgresql.core.v3.QueryExecutorImpl.receiveErrorResponse(QueryExecutorImpl.java:2733)
	at org.postgresql.core.v3.QueryExecutorImpl.processResults(QueryExecutorImpl.java:2420)
	at org.postgresql.core.v3.QueryExecutorImpl.execute(QueryExecutorImpl.java:372)
	at org.postgresql.jdbc.PgStatement.executeInternal(PgStatement.java:517)
	at org.postgresql.jdbc.PgStatement.execute(PgStatement.java:434)
	at org.postgresql.jdbc.PgPreparedStatement.executeWithFlags(PgPreparedStatement.java:194)
	at org.postgresql.jdbc.PgPreparedStatement.executeUpdate(PgPreparedStatement.java:155)
	at com.zaxxer.hikari.pool.ProxyPreparedStatement.executeUpdate(ProxyPreparedStatement.java:61)
	at com.zaxxer.hikari.pool.HikariProxyPreparedStatement.executeUpdate(HikariProxyPreparedStatement.java)
	at org.hibernate.engine.jdbc.internal.ResultSetReturnImpl.executeUpdate(ResultSetReturnImpl.java:194)
	... 121 common frames omitted
2025-01-28 14:41:30 [http-nio-9191-exec-4] INFO  c.p.crud_pulsar.EventPublisher - EventPublisher::publishPlainMessage published the event: AuditMessage(action=Fetch Users, description=Internal server error, statusCode=500)
2025-01-28 14:41:30 [http-nio-9191-exec-4] WARN  o.h.e.jdbc.spi.SqlExceptionHelper - SQL Error: 0, SQLState: 23502
2025-01-28 14:41:30 [http-nio-9191-exec-4] ERROR o.h.e.jdbc.spi.SqlExceptionHelper - ERROR: null value in column "status_code" of relation "audit_logs" violates not-null constraint
  Detail: Failing row contains (8, Fetch Users, Internal server error, null, 2025-01-28 14:41:30.347776, 500).
2025-01-28 14:41:30 [http-nio-9191-exec-4] ERROR o.a.c.c.C.[.[.[.[dispatcherServlet] - Servlet.service() for servlet [dispatcherServlet] in context with path [] threw exception [Request processing failed: org.springframework.dao.DataIntegrityViolationException: could not execute statement [ERROR: null value in column "status_code" of relation "audit_logs" violates not-null constraint
  Detail: Failing row contains (8, Fetch Users, Internal server error, null, 2025-01-28 14:41:30.347776, 500).] [insert into audit_logs (action,description,statusCode,timestamp) values (?,?,?,?)]; SQL [insert into audit_logs (action,description,statusCode,timestamp) values (?,?,?,?)]; constraint [status_code" of relation "audit_logs]] with root cause
org.postgresql.util.PSQLException: ERROR: null value in column "status_code" of relation "audit_logs" violates not-null constraint
  Detail: Failing row contains (8, Fetch Users, Internal server error, null, 2025-01-28 14:41:30.347776, 500).
	at org.postgresql.core.v3.QueryExecutorImpl.receiveErrorResponse(QueryExecutorImpl.java:2733)
	at org.postgresql.core.v3.QueryExecutorImpl.processResults(QueryExecutorImpl.java:2420)
	at org.postgresql.core.v3.QueryExecutorImpl.execute(QueryExecutorImpl.java:372)
	at org.postgresql.jdbc.PgStatement.executeInternal(PgStatement.java:517)
	at org.postgresql.jdbc.PgStatement.execute(PgStatement.java:434)
	at org.postgresql.jdbc.PgPreparedStatement.executeWithFlags(PgPreparedStatement.java:194)
	at org.postgresql.jdbc.PgPreparedStatement.executeUpdate(PgPreparedStatement.java:155)
	at com.zaxxer.hikari.pool.ProxyPreparedStatement.executeUpdate(ProxyPreparedStatement.java:61)
	at com.zaxxer.hikari.pool.HikariProxyPreparedStatement.executeUpdate(HikariProxyPreparedStatement.java)
	at org.hibernate.engine.jdbc.internal.ResultSetReturnImpl.executeUpdate(ResultSetReturnImpl.java:194)
	at org.hibernate.id.insert.GetGeneratedKeysDelegate.performMutation(GetGeneratedKeysDelegate.java:116)
	at org.hibernate.engine.jdbc.mutation.internal.MutationExecutorSingleNonBatched.performNonBatchedOperations(MutationExecutorSingleNonBatched.java:47)
	at org.hibernate.engine.jdbc.mutation.internal.AbstractMutationExecutor.execute(AbstractMutationExecutor.java:55)
	at org.hibernate.persister.entity.mutation.InsertCoordinatorStandard.doStaticInserts(InsertCoordinatorStandard.java:194)
	at org.hibernate.persister.entity.mutation.InsertCoordinatorStandard.coordinateInsert(InsertCoordinatorStandard.java:132)
	at org.hibernate.persister.entity.mutation.InsertCoordinatorStandard.insert(InsertCoordinatorStandard.java:95)
	at org.hibernate.action.internal.EntityIdentityInsertAction.execute(EntityIdentityInsertAction.java:85)
	at org.hibernate.engine.spi.ActionQueue.execute(ActionQueue.java:682)
	at org.hibernate.engine.spi.ActionQueue.addResolvedEntityInsertAction(ActionQueue.java:293)
	at org.hibernate.engine.spi.ActionQueue.addInsertAction(ActionQueue.java:274)
	at org.hibernate.engine.spi.ActionQueue.addAction(ActionQueue.java:324)
	at org.hibernate.event.internal.AbstractSaveEventListener.addInsertAction(AbstractSaveEventListener.java:393)
	at org.hibernate.event.internal.AbstractSaveEventListener.performSaveOrReplicate(AbstractSaveEventListener.java:307)
	at org.hibernate.event.internal.AbstractSaveEventListener.performSave(AbstractSaveEventListener.java:223)
	at org.hibernate.event.internal.AbstractSaveEventListener.saveWithGeneratedId(AbstractSaveEventListener.java:136)
	at org.hibernate.event.internal.DefaultPersistEventListener.entityIsTransient(DefaultPersistEventListener.java:177)
	at org.hibernate.event.internal.DefaultPersistEventListener.persist(DefaultPersistEventListener.java:95)
	at org.hibernate.event.internal.DefaultPersistEventListener.onPersist(DefaultPersistEventListener.java:79)
	at org.hibernate.event.internal.DefaultPersistEventListener.onPersist(DefaultPersistEventListener.java:55)
	at org.hibernate.event.service.internal.EventListenerGroupImpl.fireEventOnEachListener(EventListenerGroupImpl.java:127)
	at org.hibernate.internal.SessionImpl.firePersist(SessionImpl.java:761)
	at org.hibernate.internal.SessionImpl.persist(SessionImpl.java:745)
	at java.base/jdk.internal.reflect.NativeMethodAccessorImpl.invoke0(Native Method)
	at java.base/jdk.internal.reflect.NativeMethodAccessorImpl.invoke(NativeMethodAccessorImpl.java:77)
	at java.base/jdk.internal.reflect.DelegatingMethodAccessorImpl.invoke(DelegatingMethodAccessorImpl.java:43)
	at java.base/java.lang.reflect.Method.invoke(Method.java:568)
	at org.springframework.orm.jpa.ExtendedEntityManagerCreator$ExtendedEntityManagerInvocationHandler.invoke(ExtendedEntityManagerCreator.java:364)
	at jdk.proxy4/jdk.proxy4.$Proxy133.persist(Unknown Source)
	at java.base/jdk.internal.reflect.NativeMethodAccessorImpl.invoke0(Native Method)
	at java.base/jdk.internal.reflect.NativeMethodAccessorImpl.invoke(NativeMethodAccessorImpl.java:77)
	at java.base/jdk.internal.reflect.DelegatingMethodAccessorImpl.invoke(DelegatingMethodAccessorImpl.java:43)
	at java.base/java.lang.reflect.Method.invoke(Method.java:568)
	at org.springframework.orm.jpa.SharedEntityManagerCreator$SharedEntityManagerInvocationHandler.invoke(SharedEntityManagerCreator.java:320)
	at jdk.proxy4/jdk.proxy4.$Proxy133.persist(Unknown Source)
	at org.springframework.data.jpa.repository.support.SimpleJpaRepository.save(SimpleJpaRepository.java:627)
	at java.base/jdk.internal.reflect.NativeMethodAccessorImpl.invoke0(Native Method)
	at java.base/jdk.internal.reflect.NativeMethodAccessorImpl.invoke(NativeMethodAccessorImpl.java:77)
	at java.base/jdk.internal.reflect.DelegatingMethodAccessorImpl.invoke(DelegatingMethodAccessorImpl.java:43)
	at java.base/java.lang.reflect.Method.invoke(Method.java:568)
	at org.springframework.aop.support.AopUtils.invokeJoinpointUsingReflection(AopUtils.java:359)
	at org.springframework.data.repository.core.support.RepositoryMethodInvoker$RepositoryFragmentMethodInvoker.lambda$new$0(RepositoryMethodInvoker.java:277)
	at org.springframework.data.repository.core.support.RepositoryMethodInvoker.doInvoke(RepositoryMethodInvoker.java:170)
	at org.springframework.data.repository.core.support.RepositoryMethodInvoker.invoke(RepositoryMethodInvoker.java:158)
	at org.springframework.data.repository.core.support.RepositoryComposition$RepositoryFragments.invoke(RepositoryComposition.java:515)
	at org.springframework.data.repository.core.support.RepositoryComposition.invoke(RepositoryComposition.java:284)
	at org.springframework.data.repository.core.support.RepositoryFactorySupport$ImplementationMethodExecutionInterceptor.invoke(RepositoryFactorySupport.java:752)
	at org.springframework.aop.framework.ReflectiveMethodInvocation.proceed(ReflectiveMethodInvocation.java:184)
	at org.springframework.data.repository.core.support.QueryExecutorMethodInterceptor.doInvoke(QueryExecutorMethodInterceptor.java:174)
	at org.springframework.data.repository.core.support.QueryExecutorMethodInterceptor.invoke(QueryExecutorMethodInterceptor.java:149)
	at org.springframework.aop.framework.ReflectiveMethodInvocation.proceed(ReflectiveMethodInvocation.java:184)
	at org.springframework.data.projection.DefaultMethodInvokingMethodInterceptor.invoke(DefaultMethodInvokingMethodInterceptor.java:69)
	at org.springframework.aop.framework.ReflectiveMethodInvocation.proceed(ReflectiveMethodInvocation.java:184)
	at org.springframework.transaction.interceptor.TransactionAspectSupport.invokeWithinTransaction(TransactionAspectSupport.java:380)
	at org.springframework.transaction.interceptor.TransactionInterceptor.invoke(TransactionInterceptor.java:119)
	at org.springframework.aop.framework.ReflectiveMethodInvocation.proceed(ReflectiveMethodInvocation.java:184)
	at org.springframework.dao.support.PersistenceExceptionTranslationInterceptor.invoke(PersistenceExceptionTranslationInterceptor.java:138)
	at org.springframework.aop.framework.ReflectiveMethodInvocation.proceed(ReflectiveMethodInvocation.java:184)
	at org.springframework.data.jpa.repository.support.CrudMethodMetadataPostProcessor$CrudMethodMetadataPopulatingMethodInterceptor.invoke(CrudMethodMetadataPostProcessor.java:165)
	at org.springframework.aop.framework.ReflectiveMethodInvocation.proceed(ReflectiveMethodInvocation.java:184)
	at org.springframework.data.repository.core.support.MethodInvocationValidator.invoke(MethodInvocationValidator.java:96)
	at org.springframework.aop.framework.ReflectiveMethodInvocation.proceed(ReflectiveMethodInvocation.java:184)
	at org.springframework.aop.framework.JdkDynamicAopProxy.invoke(JdkDynamicAopProxy.java:223)
	at jdk.proxy4/jdk.proxy4.$Proxy137.save(Unknown Source)
	at com.personal.crud_pulsar.AuditLogService.saveAuditLog(AuditLogService.kt:9)
	at com.personal.crud_pulsar.HelloController.publishAuditEvent(HelloController.kt:298)
	at com.personal.crud_pulsar.HelloController.listUsers(HelloController.kt:195)
	at java.base/jdk.internal.reflect.NativeMethodAccessorImpl.invoke0(Native Method)
	at java.base/jdk.internal.reflect.NativeMethodAccessorImpl.invoke(NativeMethodAccessorImpl.java:77)
	at java.base/jdk.internal.reflect.DelegatingMethodAccessorImpl.invoke(DelegatingMethodAccessorImpl.java:43)
	at java.base/java.lang.reflect.Method.invoke(Method.java:568)
	at kotlin.reflect.jvm.internal.calls.CallerImpl$Method.callMethod(CallerImpl.kt:97)
	at kotlin.reflect.jvm.internal.calls.CallerImpl$Method$Instance.call(CallerImpl.kt:113)
	at kotlin.reflect.jvm.internal.KCallableImpl.callDefaultMethod$kotlin_reflection(KCallableImpl.kt:207)
	at kotlin.reflect.jvm.internal.KCallableImpl.callBy(KCallableImpl.kt:112)
	at org.springframework.web.method.support.InvocableHandlerMethod$KotlinDelegate.invokeFunction(InvocableHandlerMethod.java:337)
	at org.springframework.web.method.support.InvocableHandlerMethod.doInvoke(InvocableHandlerMethod.java:254)
	at org.springframework.web.method.support.InvocableHandlerMethod.invokeForRequest(InvocableHandlerMethod.java:190)
	at org.springframework.web.servlet.mvc.method.annotation.ServletInvocableHandlerMethod.invokeAndHandle(ServletInvocableHandlerMethod.java:118)
	at org.springframework.web.servlet.mvc.method.annotation.RequestMappingHandlerAdapter.invokeHandlerMethod(RequestMappingHandlerAdapter.java:986)
	at org.springframework.web.servlet.mvc.method.annotation.RequestMappingHandlerAdapter.handleInternal(RequestMappingHandlerAdapter.java:891)
	at org.springframework.web.servlet.mvc.method.AbstractHandlerMethodAdapter.handle(AbstractHandlerMethodAdapter.java:87)
	at org.springframework.web.servlet.DispatcherServlet.doDispatch(DispatcherServlet.java:1088)
	at org.springframework.web.servlet.DispatcherServlet.doService(DispatcherServlet.java:978)
	at org.springframework.web.servlet.FrameworkServlet.processRequest(FrameworkServlet.java:1014)
	at org.springframework.web.servlet.FrameworkServlet.doGet(FrameworkServlet.java:903)
	at jakarta.servlet.http.HttpServlet.service(HttpServlet.java:564)
	at org.springframework.web.servlet.FrameworkServlet.service(FrameworkServlet.java:885)
	at jakarta.servlet.http.HttpServlet.service(HttpServlet.java:658)
	at org.apache.catalina.core.ApplicationFilterChain.internalDoFilter(ApplicationFilterChain.java:195)
	at org.apache.catalina.core.ApplicationFilterChain.doFilter(ApplicationFilterChain.java:140)
	at org.apache.tomcat.websocket.server.WsFilter.doFilter(WsFilter.java:51)
	at org.apache.catalina.core.ApplicationFilterChain.internalDoFilter(ApplicationFilterChain.java:164)
	at org.apache.catalina.core.ApplicationFilterChain.doFilter(ApplicationFilterChain.java:140)
	at org.springframework.web.filter.RequestContextFilter.doFilterInternal(RequestContextFilter.java:100)
	at org.springframework.web.filter.OncePerRequestFilter.doFilter(OncePerRequestFilter.java:116)
	at org.apache.catalina.core.ApplicationFilterChain.internalDoFilter(ApplicationFilterChain.java:164)
	at org.apache.catalina.core.ApplicationFilterChain.doFilter(ApplicationFilterChain.java:140)
	at org.springframework.web.filter.FormContentFilter.doFilterInternal(FormContentFilter.java:93)
	at org.springframework.web.filter.OncePerRequestFilter.doFilter(OncePerRequestFilter.java:116)
	at org.apache.catalina.core.ApplicationFilterChain.internalDoFilter(ApplicationFilterChain.java:164)
	at org.apache.catalina.core.ApplicationFilterChain.doFilter(ApplicationFilterChain.java:140)
	at org.springframework.web.filter.CharacterEncodingFilter.doFilterInternal(CharacterEncodingFilter.java:201)
	at org.springframework.web.filter.OncePerRequestFilter.doFilter(OncePerRequestFilter.java:116)
	at org.apache.catalina.core.ApplicationFilterChain.internalDoFilter(ApplicationFilterChain.java:164)
	at org.apache.catalina.core.ApplicationFilterChain.doFilter(ApplicationFilterChain.java:140)
	at org.apache.catalina.core.StandardWrapperValve.invoke(StandardWrapperValve.java:167)
	at org.apache.catalina.core.StandardContextValve.invoke(StandardContextValve.java:90)
	at org.apache.catalina.authenticator.AuthenticatorBase.invoke(AuthenticatorBase.java:483)
	at org.apache.catalina.core.StandardHostValve.invoke(StandardHostValve.java:115)
	at org.apache.catalina.valves.ErrorReportValve.invoke(ErrorReportValve.java:93)
	at org.apache.catalina.core.StandardEngineValve.invoke(StandardEngineValve.java:74)
	at org.apache.catalina.connector.CoyoteAdapter.service(CoyoteAdapter.java:344)
	at org.apache.coyote.http11.Http11Processor.service(Http11Processor.java:397)
	at org.apache.coyote.AbstractProcessorLight.process(AbstractProcessorLight.java:63)
	at org.apache.coyote.AbstractProtocol$ConnectionHandler.process(AbstractProtocol.java:905)
	at org.apache.tomcat.util.net.NioEndpoint$SocketProcessor.doRun(NioEndpoint.java:1741)
	at org.apache.tomcat.util.net.SocketProcessorBase.run(SocketProcessorBase.java:52)
	at org.apache.tomcat.util.threads.ThreadPoolExecutor.runWorker(ThreadPoolExecutor.java:1190)
	at org.apache.tomcat.util.threads.ThreadPoolExecutor$Worker.run(ThreadPoolExecutor.java:659)
	at org.apache.tomcat.util.threads.TaskThread$WrappingRunnable.run(TaskThread.java:63)
	at java.base/java.lang.Thread.run(Thread.java:842)
2025-01-28 14:41:30 [org.springframework.Pulsar.PulsarListenerEndpointContainer#0-0-C-1] INFO  c.personal.crud_pulsar.EventConsumer - EventConsumer::consumeTextEvent consumed events AuditMessage(action=Fetch Users, description=Internal server error, statusCode=500)
2025-01-28 14:41:30 [org.springframework.Pulsar.PulsarListenerEndpointContainer#0-0-C-1] INFO  c.personal.crud_pulsar.EventConsumer - EventConsumer::consumeTextEvent consumed events Fetched all users
2025-01-28 14:41:30 [org.springframework.Pulsar.PulsarListenerEndpointContainer#0-0-C-1] INFO  c.personal.crud_pulsar.EventConsumer - EventConsumer::consumeTextEvent consumed events AuditMessage(action=Fetch Users, description=Users fetched successfully, statusCode=200)
2025-01-28 14:41:30 [org.springframework.Pulsar.PulsarListenerEndpointContainer#0-0-C-1] INFO  c.personal.crud_pulsar.EventConsumer - EventConsumer::consumeTextEvent consumed events AuditMessage(action=Fetch Users, description=Internal server error, statusCode=500)
2025-01-28 14:41:37 [http-nio-9191-exec-6] INFO  c.p.crud_pulsar.HelloController - Fetching all users
2025-01-28 14:41:37 [http-nio-9191-exec-6] INFO  c.p.crud_pulsar.EventPublisher - EventPublisher::publishPlainMessage published the event: Fetched all users
2025-01-28 14:41:37 [http-nio-9191-exec-6] INFO  c.p.crud_pulsar.EventPublisher - EventPublisher::publishPlainMessage published the event: AuditMessage(action=Fetch Users, description=Users fetched successfully, statusCode=200)
2025-01-28 14:41:37 [http-nio-9191-exec-6] WARN  o.h.e.jdbc.spi.SqlExceptionHelper - SQL Error: 0, SQLState: 23502
2025-01-28 14:41:37 [http-nio-9191-exec-6] ERROR o.h.e.jdbc.spi.SqlExceptionHelper - ERROR: null value in column "status_code" of relation "audit_logs" violates not-null constraint
  Detail: Failing row contains (9, Fetch Users, Users fetched successfully, null, 2025-01-28 14:41:37.24683, 200).
2025-01-28 14:41:37 [http-nio-9191-exec-6] ERROR c.p.crud_pulsar.HelloController - Internal server error while fetching users
org.springframework.dao.DataIntegrityViolationException: could not execute statement [ERROR: null value in column "status_code" of relation "audit_logs" violates not-null constraint
  Detail: Failing row contains (9, Fetch Users, Users fetched successfully, null, 2025-01-28 14:41:37.24683, 200).] [insert into audit_logs (action,description,statusCode,timestamp) values (?,?,?,?)]; SQL [insert into audit_logs (action,description,statusCode,timestamp) values (?,?,?,?)]; constraint [status_code" of relation "audit_logs]
	at org.springframework.orm.jpa.vendor.HibernateJpaDialect.convertHibernateAccessException(HibernateJpaDialect.java:290)
	at org.springframework.orm.jpa.vendor.HibernateJpaDialect.translateExceptionIfPossible(HibernateJpaDialect.java:241)
	at org.springframework.orm.jpa.AbstractEntityManagerFactoryBean.translateExceptionIfPossible(AbstractEntityManagerFactoryBean.java:560)
	at org.springframework.dao.support.ChainedPersistenceExceptionTranslator.translateExceptionIfPossible(ChainedPersistenceExceptionTranslator.java:61)
	at org.springframework.dao.support.DataAccessUtils.translateIfNecessary(DataAccessUtils.java:343)
	at org.springframework.dao.support.PersistenceExceptionTranslationInterceptor.invoke(PersistenceExceptionTranslationInterceptor.java:160)
	at org.springframework.aop.framework.ReflectiveMethodInvocation.proceed(ReflectiveMethodInvocation.java:184)
	at org.springframework.data.jpa.repository.support.CrudMethodMetadataPostProcessor$CrudMethodMetadataPopulatingMethodInterceptor.invoke(CrudMethodMetadataPostProcessor.java:165)
	at org.springframework.aop.framework.ReflectiveMethodInvocation.proceed(ReflectiveMethodInvocation.java:184)
	at org.springframework.data.repository.core.support.MethodInvocationValidator.invoke(MethodInvocationValidator.java:96)
	at org.springframework.aop.framework.ReflectiveMethodInvocation.proceed(ReflectiveMethodInvocation.java:184)
	at org.springframework.aop.framework.JdkDynamicAopProxy.invoke(JdkDynamicAopProxy.java:223)
	at jdk.proxy4/jdk.proxy4.$Proxy137.save(Unknown Source)
	at com.personal.crud_pulsar.AuditLogService.saveAuditLog(AuditLogService.kt:9)
	at com.personal.crud_pulsar.HelloController.publishAuditEvent(HelloController.kt:298)
	at com.personal.crud_pulsar.HelloController.listUsers(HelloController.kt:191)
	at java.base/jdk.internal.reflect.NativeMethodAccessorImpl.invoke0(Native Method)
	at java.base/jdk.internal.reflect.NativeMethodAccessorImpl.invoke(NativeMethodAccessorImpl.java:77)
	at java.base/jdk.internal.reflect.DelegatingMethodAccessorImpl.invoke(DelegatingMethodAccessorImpl.java:43)
	at java.base/java.lang.reflect.Method.invoke(Method.java:568)
	at kotlin.reflect.jvm.internal.calls.CallerImpl$Method.callMethod(CallerImpl.kt:97)
	at kotlin.reflect.jvm.internal.calls.CallerImpl$Method$Instance.call(CallerImpl.kt:113)
	at kotlin.reflect.jvm.internal.KCallableImpl.callDefaultMethod$kotlin_reflection(KCallableImpl.kt:207)
	at kotlin.reflect.jvm.internal.KCallableImpl.callBy(KCallableImpl.kt:112)
	at org.springframework.web.method.support.InvocableHandlerMethod$KotlinDelegate.invokeFunction(InvocableHandlerMethod.java:337)
	at org.springframework.web.method.support.InvocableHandlerMethod.doInvoke(InvocableHandlerMethod.java:254)
	at org.springframework.web.method.support.InvocableHandlerMethod.invokeForRequest(InvocableHandlerMethod.java:190)
	at org.springframework.web.servlet.mvc.method.annotation.ServletInvocableHandlerMethod.invokeAndHandle(ServletInvocableHandlerMethod.java:118)
	at org.springframework.web.servlet.mvc.method.annotation.RequestMappingHandlerAdapter.invokeHandlerMethod(RequestMappingHandlerAdapter.java:986)
	at org.springframework.web.servlet.mvc.method.annotation.RequestMappingHandlerAdapter.handleInternal(RequestMappingHandlerAdapter.java:891)
	at org.springframework.web.servlet.mvc.method.AbstractHandlerMethodAdapter.handle(AbstractHandlerMethodAdapter.java:87)
	at org.springframework.web.servlet.DispatcherServlet.doDispatch(DispatcherServlet.java:1088)
	at org.springframework.web.servlet.DispatcherServlet.doService(DispatcherServlet.java:978)
	at org.springframework.web.servlet.FrameworkServlet.processRequest(FrameworkServlet.java:1014)
	at org.springframework.web.servlet.FrameworkServlet.doGet(FrameworkServlet.java:903)
	at jakarta.servlet.http.HttpServlet.service(HttpServlet.java:564)
	at org.springframework.web.servlet.FrameworkServlet.service(FrameworkServlet.java:885)
	at jakarta.servlet.http.HttpServlet.service(HttpServlet.java:658)
	at org.apache.catalina.core.ApplicationFilterChain.internalDoFilter(ApplicationFilterChain.java:195)
	at org.apache.catalina.core.ApplicationFilterChain.doFilter(ApplicationFilterChain.java:140)
	at org.apache.tomcat.websocket.server.WsFilter.doFilter(WsFilter.java:51)
	at org.apache.catalina.core.ApplicationFilterChain.internalDoFilter(ApplicationFilterChain.java:164)
	at org.apache.catalina.core.ApplicationFilterChain.doFilter(ApplicationFilterChain.java:140)
	at org.springframework.web.filter.RequestContextFilter.doFilterInternal(RequestContextFilter.java:100)
	at org.springframework.web.filter.OncePerRequestFilter.doFilter(OncePerRequestFilter.java:116)
	at org.apache.catalina.core.ApplicationFilterChain.internalDoFilter(ApplicationFilterChain.java:164)
	at org.apache.catalina.core.ApplicationFilterChain.doFilter(ApplicationFilterChain.java:140)
	at org.springframework.web.filter.FormContentFilter.doFilterInternal(FormContentFilter.java:93)
	at org.springframework.web.filter.OncePerRequestFilter.doFilter(OncePerRequestFilter.java:116)
	at org.apache.catalina.core.ApplicationFilterChain.internalDoFilter(ApplicationFilterChain.java:164)
	at org.apache.catalina.core.ApplicationFilterChain.doFilter(ApplicationFilterChain.java:140)
	at org.springframework.web.filter.CharacterEncodingFilter.doFilterInternal(CharacterEncodingFilter.java:201)
	at org.springframework.web.filter.OncePerRequestFilter.doFilter(OncePerRequestFilter.java:116)
	at org.apache.catalina.core.ApplicationFilterChain.internalDoFilter(ApplicationFilterChain.java:164)
	at org.apache.catalina.core.ApplicationFilterChain.doFilter(ApplicationFilterChain.java:140)
	at org.apache.catalina.core.StandardWrapperValve.invoke(StandardWrapperValve.java:167)
	at org.apache.catalina.core.StandardContextValve.invoke(StandardContextValve.java:90)
	at org.apache.catalina.authenticator.AuthenticatorBase.invoke(AuthenticatorBase.java:483)
	at org.apache.catalina.core.StandardHostValve.invoke(StandardHostValve.java:115)
	at org.apache.catalina.valves.ErrorReportValve.invoke(ErrorReportValve.java:93)
	at org.apache.catalina.core.StandardEngineValve.invoke(StandardEngineValve.java:74)
	at org.apache.catalina.connector.CoyoteAdapter.service(CoyoteAdapter.java:344)
	at org.apache.coyote.http11.Http11Processor.service(Http11Processor.java:397)
	at org.apache.coyote.AbstractProcessorLight.process(AbstractProcessorLight.java:63)
	at org.apache.coyote.AbstractProtocol$ConnectionHandler.process(AbstractProtocol.java:905)
	at org.apache.tomcat.util.net.NioEndpoint$SocketProcessor.doRun(NioEndpoint.java:1741)
	at org.apache.tomcat.util.net.SocketProcessorBase.run(SocketProcessorBase.java:52)
	at org.apache.tomcat.util.threads.ThreadPoolExecutor.runWorker(ThreadPoolExecutor.java:1190)
	at org.apache.tomcat.util.threads.ThreadPoolExecutor$Worker.run(ThreadPoolExecutor.java:659)
	at org.apache.tomcat.util.threads.TaskThread$WrappingRunnable.run(TaskThread.java:63)
	at java.base/java.lang.Thread.run(Thread.java:842)
Caused by: org.hibernate.exception.ConstraintViolationException: could not execute statement [ERROR: null value in column "status_code" of relation "audit_logs" violates not-null constraint
  Detail: Failing row contains (9, Fetch Users, Users fetched successfully, null, 2025-01-28 14:41:37.24683, 200).] [insert into audit_logs (action,description,statusCode,timestamp) values (?,?,?,?)]
	at org.hibernate.exception.internal.SQLStateConversionDelegate.convert(SQLStateConversionDelegate.java:97)
	at org.hibernate.exception.internal.StandardSQLExceptionConverter.convert(StandardSQLExceptionConverter.java:58)
	at org.hibernate.engine.jdbc.spi.SqlExceptionHelper.convert(SqlExceptionHelper.java:108)
	at org.hibernate.engine.jdbc.internal.ResultSetReturnImpl.executeUpdate(ResultSetReturnImpl.java:197)
	at org.hibernate.id.insert.GetGeneratedKeysDelegate.performMutation(GetGeneratedKeysDelegate.java:116)
	at org.hibernate.engine.jdbc.mutation.internal.MutationExecutorSingleNonBatched.performNonBatchedOperations(MutationExecutorSingleNonBatched.java:47)
	at org.hibernate.engine.jdbc.mutation.internal.AbstractMutationExecutor.execute(AbstractMutationExecutor.java:55)
	at org.hibernate.persister.entity.mutation.InsertCoordinatorStandard.doStaticInserts(InsertCoordinatorStandard.java:194)
	at org.hibernate.persister.entity.mutation.InsertCoordinatorStandard.coordinateInsert(InsertCoordinatorStandard.java:132)
	at org.hibernate.persister.entity.mutation.InsertCoordinatorStandard.insert(InsertCoordinatorStandard.java:95)
	at org.hibernate.action.internal.EntityIdentityInsertAction.execute(EntityIdentityInsertAction.java:85)
	at org.hibernate.engine.spi.ActionQueue.execute(ActionQueue.java:682)
	at org.hibernate.engine.spi.ActionQueue.addResolvedEntityInsertAction(ActionQueue.java:293)
	at org.hibernate.engine.spi.ActionQueue.addInsertAction(ActionQueue.java:274)
	at org.hibernate.engine.spi.ActionQueue.addAction(ActionQueue.java:324)
	at org.hibernate.event.internal.AbstractSaveEventListener.addInsertAction(AbstractSaveEventListener.java:393)
	at org.hibernate.event.internal.AbstractSaveEventListener.performSaveOrReplicate(AbstractSaveEventListener.java:307)
	at org.hibernate.event.internal.AbstractSaveEventListener.performSave(AbstractSaveEventListener.java:223)
	at org.hibernate.event.internal.AbstractSaveEventListener.saveWithGeneratedId(AbstractSaveEventListener.java:136)
	at org.hibernate.event.internal.DefaultPersistEventListener.entityIsTransient(DefaultPersistEventListener.java:177)
	at org.hibernate.event.internal.DefaultPersistEventListener.persist(DefaultPersistEventListener.java:95)
	at org.hibernate.event.internal.DefaultPersistEventListener.onPersist(DefaultPersistEventListener.java:79)
	at org.hibernate.event.internal.DefaultPersistEventListener.onPersist(DefaultPersistEventListener.java:55)
	at org.hibernate.event.service.internal.EventListenerGroupImpl.fireEventOnEachListener(EventListenerGroupImpl.java:127)
	at org.hibernate.internal.SessionImpl.firePersist(SessionImpl.java:761)
	at org.hibernate.internal.SessionImpl.persist(SessionImpl.java:745)
	at jdk.internal.reflect.GeneratedMethodAccessor26.invoke(Unknown Source)
	at java.base/jdk.internal.reflect.DelegatingMethodAccessorImpl.invoke(DelegatingMethodAccessorImpl.java:43)
	at java.base/java.lang.reflect.Method.invoke(Method.java:568)
	at org.springframework.orm.jpa.ExtendedEntityManagerCreator$ExtendedEntityManagerInvocationHandler.invoke(ExtendedEntityManagerCreator.java:364)
	at jdk.proxy4/jdk.proxy4.$Proxy133.persist(Unknown Source)
	at jdk.internal.reflect.GeneratedMethodAccessor26.invoke(Unknown Source)
	at java.base/jdk.internal.reflect.DelegatingMethodAccessorImpl.invoke(DelegatingMethodAccessorImpl.java:43)
	at java.base/java.lang.reflect.Method.invoke(Method.java:568)
	at org.springframework.orm.jpa.SharedEntityManagerCreator$SharedEntityManagerInvocationHandler.invoke(SharedEntityManagerCreator.java:320)
	at jdk.proxy4/jdk.proxy4.$Proxy133.persist(Unknown Source)
	at org.springframework.data.jpa.repository.support.SimpleJpaRepository.save(SimpleJpaRepository.java:627)
	at java.base/jdk.internal.reflect.NativeMethodAccessorImpl.invoke0(Native Method)
	at java.base/jdk.internal.reflect.NativeMethodAccessorImpl.invoke(NativeMethodAccessorImpl.java:77)
	at java.base/jdk.internal.reflect.DelegatingMethodAccessorImpl.invoke(DelegatingMethodAccessorImpl.java:43)
	at java.base/java.lang.reflect.Method.invoke(Method.java:568)
	at org.springframework.aop.support.AopUtils.invokeJoinpointUsingReflection(AopUtils.java:359)
	at org.springframework.data.repository.core.support.RepositoryMethodInvoker$RepositoryFragmentMethodInvoker.lambda$new$0(RepositoryMethodInvoker.java:277)
	at org.springframework.data.repository.core.support.RepositoryMethodInvoker.doInvoke(RepositoryMethodInvoker.java:170)
	at org.springframework.data.repository.core.support.RepositoryMethodInvoker.invoke(RepositoryMethodInvoker.java:158)
	at org.springframework.data.repository.core.support.RepositoryComposition$RepositoryFragments.invoke(RepositoryComposition.java:515)
	at org.springframework.data.repository.core.support.RepositoryComposition.invoke(RepositoryComposition.java:284)
	at org.springframework.data.repository.core.support.RepositoryFactorySupport$ImplementationMethodExecutionInterceptor.invoke(RepositoryFactorySupport.java:752)
	at org.springframework.aop.framework.ReflectiveMethodInvocation.proceed(ReflectiveMethodInvocation.java:184)
	at org.springframework.data.repository.core.support.QueryExecutorMethodInterceptor.doInvoke(QueryExecutorMethodInterceptor.java:174)
	at org.springframework.data.repository.core.support.QueryExecutorMethodInterceptor.invoke(QueryExecutorMethodInterceptor.java:149)
	at org.springframework.aop.framework.ReflectiveMethodInvocation.proceed(ReflectiveMethodInvocation.java:184)
	at org.springframework.data.projection.DefaultMethodInvokingMethodInterceptor.invoke(DefaultMethodInvokingMethodInterceptor.java:69)
	at org.springframework.aop.framework.ReflectiveMethodInvocation.proceed(ReflectiveMethodInvocation.java:184)
	at org.springframework.transaction.interceptor.TransactionAspectSupport.invokeWithinTransaction(TransactionAspectSupport.java:380)
	at org.springframework.transaction.interceptor.TransactionInterceptor.invoke(TransactionInterceptor.java:119)
	at org.springframework.aop.framework.ReflectiveMethodInvocation.proceed(ReflectiveMethodInvocation.java:184)
	at org.springframework.dao.support.PersistenceExceptionTranslationInterceptor.invoke(PersistenceExceptionTranslationInterceptor.java:138)
	... 65 common frames omitted
Caused by: org.postgresql.util.PSQLException: ERROR: null value in column "status_code" of relation "audit_logs" violates not-null constraint
  Detail: Failing row contains (9, Fetch Users, Users fetched successfully, null, 2025-01-28 14:41:37.24683, 200).
	at org.postgresql.core.v3.QueryExecutorImpl.receiveErrorResponse(QueryExecutorImpl.java:2733)
	at org.postgresql.core.v3.QueryExecutorImpl.processResults(QueryExecutorImpl.java:2420)
	at org.postgresql.core.v3.QueryExecutorImpl.execute(QueryExecutorImpl.java:372)
	at org.postgresql.jdbc.PgStatement.executeInternal(PgStatement.java:517)
	at org.postgresql.jdbc.PgStatement.execute(PgStatement.java:434)
	at org.postgresql.jdbc.PgPreparedStatement.executeWithFlags(PgPreparedStatement.java:194)
	at org.postgresql.jdbc.PgPreparedStatement.executeUpdate(PgPreparedStatement.java:155)
	at com.zaxxer.hikari.pool.ProxyPreparedStatement.executeUpdate(ProxyPreparedStatement.java:61)
	at com.zaxxer.hikari.pool.HikariProxyPreparedStatement.executeUpdate(HikariProxyPreparedStatement.java)
	at org.hibernate.engine.jdbc.internal.ResultSetReturnImpl.executeUpdate(ResultSetReturnImpl.java:194)
	... 119 common frames omitted
2025-01-28 14:41:37 [http-nio-9191-exec-6] INFO  c.p.crud_pulsar.EventPublisher - EventPublisher::publishPlainMessage published the event: AuditMessage(action=Fetch Users, description=Internal server error, statusCode=500)
2025-01-28 14:41:37 [http-nio-9191-exec-6] WARN  o.h.e.jdbc.spi.SqlExceptionHelper - SQL Error: 0, SQLState: 23502
2025-01-28 14:41:37 [http-nio-9191-exec-6] ERROR o.h.e.jdbc.spi.SqlExceptionHelper - ERROR: null value in column "status_code" of relation "audit_logs" violates not-null constraint
  Detail: Failing row contains (10, Fetch Users, Internal server error, null, 2025-01-28 14:41:37.261945, 500).
2025-01-28 14:41:37 [http-nio-9191-exec-6] ERROR o.a.c.c.C.[.[.[.[dispatcherServlet] - Servlet.service() for servlet [dispatcherServlet] in context with path [] threw exception [Request processing failed: org.springframework.dao.DataIntegrityViolationException: could not execute statement [ERROR: null value in column "status_code" of relation "audit_logs" violates not-null constraint
  Detail: Failing row contains (10, Fetch Users, Internal server error, null, 2025-01-28 14:41:37.261945, 500).] [insert into audit_logs (action,description,statusCode,timestamp) values (?,?,?,?)]; SQL [insert into audit_logs (action,description,statusCode,timestamp) values (?,?,?,?)]; constraint [status_code" of relation "audit_logs]] with root cause
org.postgresql.util.PSQLException: ERROR: null value in column "status_code" of relation "audit_logs" violates not-null constraint
  Detail: Failing row contains (10, Fetch Users, Internal server error, null, 2025-01-28 14:41:37.261945, 500).
	at org.postgresql.core.v3.QueryExecutorImpl.receiveErrorResponse(QueryExecutorImpl.java:2733)
	at org.postgresql.core.v3.QueryExecutorImpl.processResults(QueryExecutorImpl.java:2420)
	at org.postgresql.core.v3.QueryExecutorImpl.execute(QueryExecutorImpl.java:372)
	at org.postgresql.jdbc.PgStatement.executeInternal(PgStatement.java:517)
	at org.postgresql.jdbc.PgStatement.execute(PgStatement.java:434)
	at org.postgresql.jdbc.PgPreparedStatement.executeWithFlags(PgPreparedStatement.java:194)
	at org.postgresql.jdbc.PgPreparedStatement.executeUpdate(PgPreparedStatement.java:155)
	at com.zaxxer.hikari.pool.ProxyPreparedStatement.executeUpdate(ProxyPreparedStatement.java:61)
	at com.zaxxer.hikari.pool.HikariProxyPreparedStatement.executeUpdate(HikariProxyPreparedStatement.java)
	at org.hibernate.engine.jdbc.internal.ResultSetReturnImpl.executeUpdate(ResultSetReturnImpl.java:194)
	at org.hibernate.id.insert.GetGeneratedKeysDelegate.performMutation(GetGeneratedKeysDelegate.java:116)
	at org.hibernate.engine.jdbc.mutation.internal.MutationExecutorSingleNonBatched.performNonBatchedOperations(MutationExecutorSingleNonBatched.java:47)
	at org.hibernate.engine.jdbc.mutation.internal.AbstractMutationExecutor.execute(AbstractMutationExecutor.java:55)
	at org.hibernate.persister.entity.mutation.InsertCoordinatorStandard.doStaticInserts(InsertCoordinatorStandard.java:194)
	at org.hibernate.persister.entity.mutation.InsertCoordinatorStandard.coordinateInsert(InsertCoordinatorStandard.java:132)
	at org.hibernate.persister.entity.mutation.InsertCoordinatorStandard.insert(InsertCoordinatorStandard.java:95)
	at org.hibernate.action.internal.EntityIdentityInsertAction.execute(EntityIdentityInsertAction.java:85)
	at org.hibernate.engine.spi.ActionQueue.execute(ActionQueue.java:682)
	at org.hibernate.engine.spi.ActionQueue.addResolvedEntityInsertAction(ActionQueue.java:293)
	at org.hibernate.engine.spi.ActionQueue.addInsertAction(ActionQueue.java:274)
	at org.hibernate.engine.spi.ActionQueue.addAction(ActionQueue.java:324)
	at org.hibernate.event.internal.AbstractSaveEventListener.addInsertAction(AbstractSaveEventListener.java:393)
	at org.hibernate.event.internal.AbstractSaveEventListener.performSaveOrReplicate(AbstractSaveEventListener.java:307)
	at org.hibernate.event.internal.AbstractSaveEventListener.performSave(AbstractSaveEventListener.java:223)
	at org.hibernate.event.internal.AbstractSaveEventListener.saveWithGeneratedId(AbstractSaveEventListener.java:136)
	at org.hibernate.event.internal.DefaultPersistEventListener.entityIsTransient(DefaultPersistEventListener.java:177)
	at org.hibernate.event.internal.DefaultPersistEventListener.persist(DefaultPersistEventListener.java:95)
	at org.hibernate.event.internal.DefaultPersistEventListener.onPersist(DefaultPersistEventListener.java:79)
	at org.hibernate.event.internal.DefaultPersistEventListener.onPersist(DefaultPersistEventListener.java:55)
	at org.hibernate.event.service.internal.EventListenerGroupImpl.fireEventOnEachListener(EventListenerGroupImpl.java:127)
	at org.hibernate.internal.SessionImpl.firePersist(SessionImpl.java:761)
	at org.hibernate.internal.SessionImpl.persist(SessionImpl.java:745)
	at jdk.internal.reflect.GeneratedMethodAccessor26.invoke(Unknown Source)
	at java.base/jdk.internal.reflect.DelegatingMethodAccessorImpl.invoke(DelegatingMethodAccessorImpl.java:43)
	at java.base/java.lang.reflect.Method.invoke(Method.java:568)
	at org.springframework.orm.jpa.ExtendedEntityManagerCreator$ExtendedEntityManagerInvocationHandler.invoke(ExtendedEntityManagerCreator.java:364)
	at jdk.proxy4/jdk.proxy4.$Proxy133.persist(Unknown Source)
	at jdk.internal.reflect.GeneratedMethodAccessor26.invoke(Unknown Source)
	at java.base/jdk.internal.reflect.DelegatingMethodAccessorImpl.invoke(DelegatingMethodAccessorImpl.java:43)
	at java.base/java.lang.reflect.Method.invoke(Method.java:568)
	at org.springframework.orm.jpa.SharedEntityManagerCreator$SharedEntityManagerInvocationHandler.invoke(SharedEntityManagerCreator.java:320)
	at jdk.proxy4/jdk.proxy4.$Proxy133.persist(Unknown Source)
	at org.springframework.data.jpa.repository.support.SimpleJpaRepository.save(SimpleJpaRepository.java:627)
	at java.base/jdk.internal.reflect.NativeMethodAccessorImpl.invoke0(Native Method)
	at java.base/jdk.internal.reflect.NativeMethodAccessorImpl.invoke(NativeMethodAccessorImpl.java:77)
	at java.base/jdk.internal.reflect.DelegatingMethodAccessorImpl.invoke(DelegatingMethodAccessorImpl.java:43)
	at java.base/java.lang.reflect.Method.invoke(Method.java:568)
	at org.springframework.aop.support.AopUtils.invokeJoinpointUsingReflection(AopUtils.java:359)
	at org.springframework.data.repository.core.support.RepositoryMethodInvoker$RepositoryFragmentMethodInvoker.lambda$new$0(RepositoryMethodInvoker.java:277)
	at org.springframework.data.repository.core.support.RepositoryMethodInvoker.doInvoke(RepositoryMethodInvoker.java:170)
	at org.springframework.data.repository.core.support.RepositoryMethodInvoker.invoke(RepositoryMethodInvoker.java:158)
	at org.springframework.data.repository.core.support.RepositoryComposition$RepositoryFragments.invoke(RepositoryComposition.java:515)
	at org.springframework.data.repository.core.support.RepositoryComposition.invoke(RepositoryComposition.java:284)
	at org.springframework.data.repository.core.support.RepositoryFactorySupport$ImplementationMethodExecutionInterceptor.invoke(RepositoryFactorySupport.java:752)
	at org.springframework.aop.framework.ReflectiveMethodInvocation.proceed(ReflectiveMethodInvocation.java:184)
	at org.springframework.data.repository.core.support.QueryExecutorMethodInterceptor.doInvoke(QueryExecutorMethodInterceptor.java:174)
	at org.springframework.data.repository.core.support.QueryExecutorMethodInterceptor.invoke(QueryExecutorMethodInterceptor.java:149)
	at org.springframework.aop.framework.ReflectiveMethodInvocation.proceed(ReflectiveMethodInvocation.java:184)
	at org.springframework.data.projection.DefaultMethodInvokingMethodInterceptor.invoke(DefaultMethodInvokingMethodInterceptor.java:69)
	at org.springframework.aop.framework.ReflectiveMethodInvocation.proceed(ReflectiveMethodInvocation.java:184)
	at org.springframework.transaction.interceptor.TransactionAspectSupport.invokeWithinTransaction(TransactionAspectSupport.java:380)
	at org.springframework.transaction.interceptor.TransactionInterceptor.invoke(TransactionInterceptor.java:119)
	at org.springframework.aop.framework.ReflectiveMethodInvocation.proceed(ReflectiveMethodInvocation.java:184)
	at org.springframework.dao.support.PersistenceExceptionTranslationInterceptor.invoke(PersistenceExceptionTranslationInterceptor.java:138)
	at org.springframework.aop.framework.ReflectiveMethodInvocation.proceed(ReflectiveMethodInvocation.java:184)
	at org.springframework.data.jpa.repository.support.CrudMethodMetadataPostProcessor$CrudMethodMetadataPopulatingMethodInterceptor.invoke(CrudMethodMetadataPostProcessor.java:165)
	at org.springframework.aop.framework.ReflectiveMethodInvocation.proceed(ReflectiveMethodInvocation.java:184)
	at org.springframework.data.repository.core.support.MethodInvocationValidator.invoke(MethodInvocationValidator.java:96)
	at org.springframework.aop.framework.ReflectiveMethodInvocation.proceed(ReflectiveMethodInvocation.java:184)
	at org.springframework.aop.framework.JdkDynamicAopProxy.invoke(JdkDynamicAopProxy.java:223)
	at jdk.proxy4/jdk.proxy4.$Proxy137.save(Unknown Source)
	at com.personal.crud_pulsar.AuditLogService.saveAuditLog(AuditLogService.kt:9)
	at com.personal.crud_pulsar.HelloController.publishAuditEvent(HelloController.kt:298)
	at com.personal.crud_pulsar.HelloController.listUsers(HelloController.kt:195)
	at java.base/jdk.internal.reflect.NativeMethodAccessorImpl.invoke0(Native Method)
	at java.base/jdk.internal.reflect.NativeMethodAccessorImpl.invoke(NativeMethodAccessorImpl.java:77)
	at java.base/jdk.internal.reflect.DelegatingMethodAccessorImpl.invoke(DelegatingMethodAccessorImpl.java:43)
	at java.base/java.lang.reflect.Method.invoke(Method.java:568)
	at kotlin.reflect.jvm.internal.calls.CallerImpl$Method.callMethod(CallerImpl.kt:97)
	at kotlin.reflect.jvm.internal.calls.CallerImpl$Method$Instance.call(CallerImpl.kt:113)
	at kotlin.reflect.jvm.internal.KCallableImpl.callDefaultMethod$kotlin_reflection(KCallableImpl.kt:207)
	at kotlin.reflect.jvm.internal.KCallableImpl.callBy(KCallableImpl.kt:112)
	at org.springframework.web.method.support.InvocableHandlerMethod$KotlinDelegate.invokeFunction(InvocableHandlerMethod.java:337)
	at org.springframework.web.method.support.InvocableHandlerMethod.doInvoke(InvocableHandlerMethod.java:254)
	at org.springframework.web.method.support.InvocableHandlerMethod.invokeForRequest(InvocableHandlerMethod.java:190)
	at org.springframework.web.servlet.mvc.method.annotation.ServletInvocableHandlerMethod.invokeAndHandle(ServletInvocableHandlerMethod.java:118)
	at org.springframework.web.servlet.mvc.method.annotation.RequestMappingHandlerAdapter.invokeHandlerMethod(RequestMappingHandlerAdapter.java:986)
	at org.springframework.web.servlet.mvc.method.annotation.RequestMappingHandlerAdapter.handleInternal(RequestMappingHandlerAdapter.java:891)
	at org.springframework.web.servlet.mvc.method.AbstractHandlerMethodAdapter.handle(AbstractHandlerMethodAdapter.java:87)
	at org.springframework.web.servlet.DispatcherServlet.doDispatch(DispatcherServlet.java:1088)
	at org.springframework.web.servlet.DispatcherServlet.doService(DispatcherServlet.java:978)
	at org.springframework.web.servlet.FrameworkServlet.processRequest(FrameworkServlet.java:1014)
	at org.springframework.web.servlet.FrameworkServlet.doGet(FrameworkServlet.java:903)
	at jakarta.servlet.http.HttpServlet.service(HttpServlet.java:564)
	at org.springframework.web.servlet.FrameworkServlet.service(FrameworkServlet.java:885)
	at jakarta.servlet.http.HttpServlet.service(HttpServlet.java:658)
	at org.apache.catalina.core.ApplicationFilterChain.internalDoFilter(ApplicationFilterChain.java:195)
	at org.apache.catalina.core.ApplicationFilterChain.doFilter(ApplicationFilterChain.java:140)
	at org.apache.tomcat.websocket.server.WsFilter.doFilter(WsFilter.java:51)
	at org.apache.catalina.core.ApplicationFilterChain.internalDoFilter(ApplicationFilterChain.java:164)
	at org.apache.catalina.core.ApplicationFilterChain.doFilter(ApplicationFilterChain.java:140)
	at org.springframework.web.filter.RequestContextFilter.doFilterInternal(RequestContextFilter.java:100)
	at org.springframework.web.filter.OncePerRequestFilter.doFilter(OncePerRequestFilter.java:116)
	at org.apache.catalina.core.ApplicationFilterChain.internalDoFilter(ApplicationFilterChain.java:164)
	at org.apache.catalina.core.ApplicationFilterChain.doFilter(ApplicationFilterChain.java:140)
	at org.springframework.web.filter.FormContentFilter.doFilterInternal(FormContentFilter.java:93)
	at org.springframework.web.filter.OncePerRequestFilter.doFilter(OncePerRequestFilter.java:116)
	at org.apache.catalina.core.ApplicationFilterChain.internalDoFilter(ApplicationFilterChain.java:164)
	at org.apache.catalina.core.ApplicationFilterChain.doFilter(ApplicationFilterChain.java:140)
	at org.springframework.web.filter.CharacterEncodingFilter.doFilterInternal(CharacterEncodingFilter.java:201)
	at org.springframework.web.filter.OncePerRequestFilter.doFilter(OncePerRequestFilter.java:116)
	at org.apache.catalina.core.ApplicationFilterChain.internalDoFilter(ApplicationFilterChain.java:164)
	at org.apache.catalina.core.ApplicationFilterChain.doFilter(ApplicationFilterChain.java:140)
	at org.apache.catalina.core.StandardWrapperValve.invoke(StandardWrapperValve.java:167)
	at org.apache.catalina.core.StandardContextValve.invoke(StandardContextValve.java:90)
	at org.apache.catalina.authenticator.AuthenticatorBase.invoke(AuthenticatorBase.java:483)
	at org.apache.catalina.core.StandardHostValve.invoke(StandardHostValve.java:115)
	at org.apache.catalina.valves.ErrorReportValve.invoke(ErrorReportValve.java:93)
	at org.apache.catalina.core.StandardEngineValve.invoke(StandardEngineValve.java:74)
	at org.apache.catalina.connector.CoyoteAdapter.service(CoyoteAdapter.java:344)
	at org.apache.coyote.http11.Http11Processor.service(Http11Processor.java:397)
	at org.apache.coyote.AbstractProcessorLight.process(AbstractProcessorLight.java:63)
	at org.apache.coyote.AbstractProtocol$ConnectionHandler.process(AbstractProtocol.java:905)
	at org.apache.tomcat.util.net.NioEndpoint$SocketProcessor.doRun(NioEndpoint.java:1741)
	at org.apache.tomcat.util.net.SocketProcessorBase.run(SocketProcessorBase.java:52)
	at org.apache.tomcat.util.threads.ThreadPoolExecutor.runWorker(ThreadPoolExecutor.java:1190)
	at org.apache.tomcat.util.threads.ThreadPoolExecutor$Worker.run(ThreadPoolExecutor.java:659)
	at org.apache.tomcat.util.threads.TaskThread$WrappingRunnable.run(TaskThread.java:63)
	at java.base/java.lang.Thread.run(Thread.java:842)
2025-01-28 14:41:37 [org.springframework.Pulsar.PulsarListenerEndpointContainer#0-0-C-1] INFO  c.personal.crud_pulsar.EventConsumer - EventConsumer::consumeTextEvent consumed events Fetched all users
2025-01-28 14:41:37 [org.springframework.Pulsar.PulsarListenerEndpointContainer#0-0-C-1] INFO  c.personal.crud_pulsar.EventConsumer - EventConsumer::consumeTextEvent consumed events AuditMessage(action=Fetch Users, description=Users fetched successfully, statusCode=200)
2025-01-28 14:41:37 [org.springframework.Pulsar.PulsarListenerEndpointContainer#0-0-C-1] INFO  c.personal.crud_pulsar.EventConsumer - EventConsumer::consumeTextEvent consumed events AuditMessage(action=Fetch Users, description=Internal server error, statusCode=500)
2025-01-28 14:42:22 [pulsar-timer-27-1] INFO  o.a.p.c.i.ConsumerStatsRecorderImpl - [persistent://public/default/jt-plain-topic] [my-subscription] [35218] Prefetched messages: 0 --- Consume throughput received: 0.25 msgs/s --- 0.00 Mbit/s --- Ack sent rate: 0.25 ack/s --- Failed messages: 0 --- batch messages: 0 ---Failed acks: 0
2025-01-28 14:42:28 [pulsar-timer-27-1] INFO  o.a.p.c.i.ProducerStatsRecorderImpl - [persistent://public/default/jt-plain-topic] [standalone-5-1] --- Publish throughput: 0.25 msg/s --- 0.00 Mbit/s --- Latency: med: 7.000 ms - 95pct: 20.000 ms - 99pct: 20.000 ms - 99.9pct: 20.000 ms - max: 20.000 ms --- BatchSize: med: 1.000 - 95pct: 1.000 - 99pct: 1.000 - 99.9pct: 1.000 - max: 1.000 --- MsgSize: med: 83.000 bytes - 95pct: 88.000 bytes - 99pct: 88.000 bytes - 99.9pct: 88.000 bytes - max: 88.000 bytes --- Ack received rate: 0.25 ack/s --- Failed messages: 0 --- Pending messages: 0
2025-01-28 14:42:31 [SpringApplicationShutdownHook] INFO  o.s.b.w.e.tomcat.GracefulShutdown - Commencing graceful shutdown. Waiting for active requests to complete
2025-01-28 14:42:31 [tomcat-shutdown] INFO  o.s.b.w.e.tomcat.GracefulShutdown - Graceful shutdown complete
2025-01-28 14:42:31 [SpringApplicationShutdownHook] INFO  o.s.p.l.DefaultPulsarMessageListenerContainer - Pausing consumer
2025-01-28 14:42:31 [SpringApplicationShutdownHook] INFO  o.s.p.l.DefaultPulsarMessageListenerContainer - Closing consumer
2025-01-28 14:42:31 [pulsar-client-io-1-3] INFO  o.a.pulsar.client.impl.ConsumerImpl - [persistent://public/default/jt-raw-topic] [my-subscription] Closed consumer
2025-01-28 14:42:31 [SpringApplicationShutdownHook] INFO  o.s.p.l.DefaultPulsarMessageListenerContainer - Pausing consumer
2025-01-28 14:42:31 [SpringApplicationShutdownHook] INFO  o.s.p.l.DefaultPulsarMessageListenerContainer - Closing consumer
2025-01-28 14:42:31 [pulsar-client-io-1-3] INFO  o.a.pulsar.client.impl.ConsumerImpl - [persistent://public/default/jt-plain-topic] [my-subscription] Closed consumer
2025-01-28 14:42:31 [SpringApplicationShutdownHook] INFO  o.s.p.l.DefaultPulsarMessageListenerContainer - Pausing consumer
2025-01-28 14:42:31 [SpringApplicationShutdownHook] INFO  o.s.p.l.DefaultPulsarMessageListenerContainer - Closing consumer
2025-01-28 14:42:31 [pulsar-client-io-1-3] INFO  o.a.pulsar.client.impl.ConsumerImpl - [persistent://public/default/jt-raw-topic-dlq] [my-subscription-dlq] Closed consumer
2025-01-28 14:42:31 [pulsar-client-io-1-3] INFO  o.a.pulsar.client.impl.ProducerImpl - [persistent://public/default/jt-plain-topic] [standalone-5-1] Closed Producer
2025-01-28 14:42:31 [SpringApplicationShutdownHook] INFO  o.a.p.client.impl.PulsarClientImpl - Client closing. URL: pulsar://localhost:6650
2025-01-28 14:42:31 [pulsar-client-io-1-3] INFO  o.a.pulsar.client.impl.ClientCnx - [id: 0xf5a21fe3, L:/127.0.0.1:53105 ! R:localhost/127.0.0.1:6650] Disconnected
2025-01-28 14:42:33 [SpringApplicationShutdownHook] INFO  o.s.o.j.LocalContainerEntityManagerFactoryBean - Closing JPA EntityManagerFactory for persistence unit 'default'
2025-01-28 14:42:33 [SpringApplicationShutdownHook] INFO  com.zaxxer.hikari.HikariDataSource - HikariPool-1 - Shutdown initiated...
2025-01-28 14:42:33 [SpringApplicationShutdownHook] INFO  com.zaxxer.hikari.HikariDataSource - HikariPool-1 - Shutdown completed.
2025-01-28 14:45:19 [restartedMain] INFO  c.p.c.CrudPulsarApplicationKt - Starting CrudPulsarApplicationKt using Java 17.0.12 with PID 35354 (/Users/uttam.gowda/IdeaProjects/crud-pulsar -1/build/classes/kotlin/main started by uttam.gowda in /Users/uttam.gowda/IdeaProjects/crud-pulsar -1)
2025-01-28 14:45:19 [restartedMain] INFO  c.p.c.CrudPulsarApplicationKt - No active profile set, falling back to 1 default profile: "default"
2025-01-28 14:45:19 [restartedMain] INFO  o.s.b.d.restart.ChangeableUrls - The Class-Path manifest attribute in /Users/uttam.gowda/.gradle/caches/modules-2/files-2.1/org.springframework.pulsar/spring-pulsar-cache-provider-caffeine/1.2.1/c2b0ff3dd061069d916cb1df19e539eda19562e0/spring-pulsar-cache-provider-caffeine-1.2.1.jar referenced one or more files that do not exist: file:/Users/uttam.gowda/.gradle/caches/modules-2/files-2.1/org.springframework.pulsar/spring-pulsar-cache-provider-caffeine/1.2.1/c2b0ff3dd061069d916cb1df19e539eda19562e0/spring-pulsar-cache-provider-1.2.1.jar
2025-01-28 14:45:19 [restartedMain] INFO  o.s.b.d.e.DevToolsPropertyDefaultsPostProcessor - Devtools property defaults active! Set 'spring.devtools.add-properties' to 'false' to disable
2025-01-28 14:45:19 [restartedMain] INFO  o.s.b.d.e.DevToolsPropertyDefaultsPostProcessor - For additional web related logging consider setting the 'logging.level.web' property to 'DEBUG'
2025-01-28 14:45:19 [restartedMain] INFO  o.s.d.r.c.RepositoryConfigurationDelegate - Bootstrapping Spring Data JPA repositories in DEFAULT mode.
2025-01-28 14:45:19 [restartedMain] INFO  o.s.d.r.c.RepositoryConfigurationDelegate - Finished Spring Data repository scanning in 27 ms. Found 2 JPA repository interfaces.
2025-01-28 14:45:20 [restartedMain] INFO  o.s.b.w.e.tomcat.TomcatWebServer - Tomcat initialized with port 9191 (http)
2025-01-28 14:45:20 [restartedMain] INFO  o.a.catalina.core.StandardService - Starting service [Tomcat]
2025-01-28 14:45:20 [restartedMain] INFO  o.a.catalina.core.StandardEngine - Starting Servlet engine: [Apache Tomcat/10.1.34]
2025-01-28 14:45:20 [restartedMain] INFO  o.a.c.c.C.[Tomcat].[localhost].[/] - Initializing Spring embedded WebApplicationContext
2025-01-28 14:45:20 [restartedMain] INFO  o.s.b.w.s.c.ServletWebServerApplicationContext - Root WebApplicationContext: initialization completed in 866 ms
2025-01-28 14:45:20 [restartedMain] INFO  o.h.jpa.internal.util.LogHelper - HHH000204: Processing PersistenceUnitInfo [name: default]
2025-01-28 14:45:20 [restartedMain] INFO  org.hibernate.Version - HHH000412: Hibernate ORM core version 6.6.4.Final
2025-01-28 14:45:20 [restartedMain] INFO  o.h.c.i.RegionFactoryInitiator - HHH000026: Second-level cache disabled
2025-01-28 14:45:20 [restartedMain] INFO  o.s.o.j.p.SpringPersistenceUnitInfo - No LoadTimeWeaver setup: ignoring JPA class transformer
2025-01-28 14:45:20 [restartedMain] INFO  com.zaxxer.hikari.HikariDataSource - HikariPool-1 - Starting...
2025-01-28 14:45:20 [restartedMain] INFO  com.zaxxer.hikari.pool.HikariPool - HikariPool-1 - Added connection org.postgresql.jdbc.PgConnection@58386a3c
2025-01-28 14:45:20 [restartedMain] INFO  com.zaxxer.hikari.HikariDataSource - HikariPool-1 - Start completed.
2025-01-28 14:45:20 [restartedMain] WARN  org.hibernate.orm.deprecation - HHH90000025: PostgreSQLDialect does not need to be specified explicitly using 'hibernate.dialect' (remove the property setting and it will be selected by default)
2025-01-28 14:45:20 [restartedMain] INFO  o.hibernate.orm.connections.pooling - HHH10001005: Database info:
	Database JDBC URL [Connecting through datasource 'HikariDataSource (HikariPool-1)']
	Database driver: undefined/unknown
	Database version: 17.2
	Autocommit mode: undefined/unknown
	Isolation level: undefined/unknown
	Minimum pool size: undefined/unknown
	Maximum pool size: undefined/unknown
2025-01-28 14:45:21 [restartedMain] INFO  o.h.e.t.j.p.i.JtaPlatformInitiator - HHH000489: No JTA platform available (set 'hibernate.transaction.jta.platform' to enable JTA platform integration)
2025-01-28 14:45:21 [restartedMain] INFO  o.s.o.j.LocalContainerEntityManagerFactoryBean - Initialized JPA EntityManagerFactory for persistence unit 'default'
2025-01-28 14:45:21 [restartedMain] INFO  o.s.p.c.DefaultPulsarClientFactory - Using restartable client
2025-01-28 14:45:21 [restartedMain] ERROR o.a.p.s.i.n.r.d.DnsServerAddressStreamProviders - Unable to load org.apache.pulsar.shade.io.netty.resolver.dns.macos.MacOSDnsServerAddressStreamProvider, fallback to system defaults. This may result in incorrect DNS resolutions on MacOS. Check whether you have a dependency on 'io.netty:netty-resolver-dns-native-macos'. Use DEBUG level to see the full stack: java.lang.UnsatisfiedLinkError: failed to load the required native library
2025-01-28 14:45:21 [restartedMain] WARN  o.a.p.c.util.netty.DnsResolverUtil - Cannot get DNS TTL settings from sun.net.InetAddressCachePolicy class
java.lang.IllegalAccessException: class org.apache.pulsar.common.util.netty.DnsResolverUtil cannot access class sun.net.InetAddressCachePolicy (in module java.base) because module java.base does not export sun.net to unnamed module @4bdd5b0a
	at java.base/jdk.internal.reflect.Reflection.newIllegalAccessException(Reflection.java:392)
	at java.base/java.lang.reflect.AccessibleObject.checkAccess(AccessibleObject.java:674)
	at java.base/java.lang.reflect.Method.invoke(Method.java:560)
	at org.apache.pulsar.common.util.netty.DnsResolverUtil.<clinit>(DnsResolverUtil.java:46)
	at org.apache.pulsar.client.impl.ConnectionPool.createAddressResolver(ConnectionPool.java:159)
	at org.apache.pulsar.client.impl.ConnectionPool.lambda$new$1(ConnectionPool.java:126)
	at java.base/java.util.Optional.orElseGet(Optional.java:364)
	at org.apache.pulsar.client.impl.ConnectionPool.<init>(ConnectionPool.java:126)
	at org.apache.pulsar.client.impl.ConnectionPool.<init>(ConnectionPool.java:95)
	at org.apache.pulsar.client.impl.ConnectionPool.<init>(ConnectionPool.java:90)
	at org.apache.pulsar.client.impl.PulsarClientImpl.<init>(PulsarClientImpl.java:196)
	at org.apache.pulsar.client.impl.PulsarClientImpl.<init>(PulsarClientImpl.java:153)
	at org.apache.pulsar.client.impl.ClientBuilderImpl.build(ClientBuilderImpl.java:63)
	at org.springframework.pulsar.core.PulsarClientProxy.createInstance(PulsarClientProxy.java:97)
	at org.springframework.pulsar.core.PulsarClientProxy.createInstance(PulsarClientProxy.java:47)
	at org.springframework.pulsar.core.RestartableSingletonFactory.ensureInstanceCreated(RestartableSingletonFactory.java:72)
	at org.springframework.pulsar.core.RestartableSingletonFactory.afterPropertiesSet(RestartableSingletonFactory.java:61)
	at org.springframework.beans.factory.support.AbstractAutowireCapableBeanFactory.invokeInitMethods(AbstractAutowireCapableBeanFactory.java:1855)
	at org.springframework.beans.factory.support.AbstractAutowireCapableBeanFactory.initializeBean(AbstractAutowireCapableBeanFactory.java:1804)
	at org.springframework.beans.factory.support.AbstractAutowireCapableBeanFactory.doCreateBean(AbstractAutowireCapableBeanFactory.java:601)
	at org.springframework.beans.factory.support.AbstractAutowireCapableBeanFactory.createBean(AbstractAutowireCapableBeanFactory.java:523)
	at org.springframework.beans.factory.support.AbstractBeanFactory.lambda$doGetBean$0(AbstractBeanFactory.java:336)
	at org.springframework.beans.factory.support.DefaultSingletonBeanRegistry.getSingleton(DefaultSingletonBeanRegistry.java:289)
	at org.springframework.beans.factory.support.AbstractBeanFactory.doGetBean(AbstractBeanFactory.java:334)
	at org.springframework.beans.factory.support.AbstractBeanFactory.getBean(AbstractBeanFactory.java:199)
	at org.springframework.beans.factory.support.DefaultListableBeanFactory.doResolveDependency(DefaultListableBeanFactory.java:1573)
	at org.springframework.beans.factory.support.DefaultListableBeanFactory.resolveDependency(DefaultListableBeanFactory.java:1519)
	at org.springframework.beans.factory.support.ConstructorResolver.resolveAutowiredArgument(ConstructorResolver.java:913)
	at org.springframework.beans.factory.support.ConstructorResolver.createArgumentArray(ConstructorResolver.java:791)
	at org.springframework.beans.factory.support.ConstructorResolver.instantiateUsingFactoryMethod(ConstructorResolver.java:546)
	at org.springframework.beans.factory.support.AbstractAutowireCapableBeanFactory.instantiateUsingFactoryMethod(AbstractAutowireCapableBeanFactory.java:1357)
	at org.springframework.beans.factory.support.AbstractAutowireCapableBeanFactory.createBeanInstance(AbstractAutowireCapableBeanFactory.java:1187)
	at org.springframework.beans.factory.support.AbstractAutowireCapableBeanFactory.doCreateBean(AbstractAutowireCapableBeanFactory.java:563)
	at org.springframework.beans.factory.support.AbstractAutowireCapableBeanFactory.createBean(AbstractAutowireCapableBeanFactory.java:523)
	at org.springframework.beans.factory.support.AbstractBeanFactory.lambda$doGetBean$0(AbstractBeanFactory.java:336)
	at org.springframework.beans.factory.support.DefaultSingletonBeanRegistry.getSingleton(DefaultSingletonBeanRegistry.java:289)
	at org.springframework.beans.factory.support.AbstractBeanFactory.doGetBean(AbstractBeanFactory.java:334)
	at org.springframework.beans.factory.support.AbstractBeanFactory.getBean(AbstractBeanFactory.java:199)
	at org.springframework.beans.factory.config.DependencyDescriptor.resolveCandidate(DependencyDescriptor.java:254)
	at org.springframework.beans.factory.support.DefaultListableBeanFactory.doResolveDependency(DefaultListableBeanFactory.java:1631)
	at org.springframework.beans.factory.support.DefaultListableBeanFactory.resolveDependency(DefaultListableBeanFactory.java:1519)
	at org.springframework.beans.factory.support.ConstructorResolver.resolveAutowiredArgument(ConstructorResolver.java:913)
	at org.springframework.beans.factory.support.ConstructorResolver.createArgumentArray(ConstructorResolver.java:791)
	at org.springframework.beans.factory.support.ConstructorResolver.instantiateUsingFactoryMethod(ConstructorResolver.java:546)
	at org.springframework.beans.factory.support.AbstractAutowireCapableBeanFactory.instantiateUsingFactoryMethod(AbstractAutowireCapableBeanFactory.java:1357)
	at org.springframework.beans.factory.support.AbstractAutowireCapableBeanFactory.createBeanInstance(AbstractAutowireCapableBeanFactory.java:1187)
	at org.springframework.beans.factory.support.AbstractAutowireCapableBeanFactory.doCreateBean(AbstractAutowireCapableBeanFactory.java:563)
	at org.springframework.beans.factory.support.AbstractAutowireCapableBeanFactory.createBean(AbstractAutowireCapableBeanFactory.java:523)
	at org.springframework.beans.factory.support.AbstractBeanFactory.lambda$doGetBean$0(AbstractBeanFactory.java:336)
	at org.springframework.beans.factory.support.DefaultSingletonBeanRegistry.getSingleton(DefaultSingletonBeanRegistry.java:289)
	at org.springframework.beans.factory.support.AbstractBeanFactory.doGetBean(AbstractBeanFactory.java:334)
	at org.springframework.beans.factory.support.AbstractBeanFactory.getBean(AbstractBeanFactory.java:199)
	at org.springframework.beans.factory.config.DependencyDescriptor.resolveCandidate(DependencyDescriptor.java:254)
	at org.springframework.beans.factory.support.DefaultListableBeanFactory.doResolveDependency(DefaultListableBeanFactory.java:1631)
	at org.springframework.beans.factory.support.DefaultListableBeanFactory.resolveDependency(DefaultListableBeanFactory.java:1519)
	at org.springframework.beans.factory.support.ConstructorResolver.resolveAutowiredArgument(ConstructorResolver.java:913)
	at org.springframework.beans.factory.support.ConstructorResolver.createArgumentArray(ConstructorResolver.java:791)
	at org.springframework.beans.factory.support.ConstructorResolver.autowireConstructor(ConstructorResolver.java:240)
	at org.springframework.beans.factory.support.AbstractAutowireCapableBeanFactory.autowireConstructor(AbstractAutowireCapableBeanFactory.java:1377)
	at org.springframework.beans.factory.support.AbstractAutowireCapableBeanFactory.createBeanInstance(AbstractAutowireCapableBeanFactory.java:1214)
	at org.springframework.beans.factory.support.AbstractAutowireCapableBeanFactory.doCreateBean(AbstractAutowireCapableBeanFactory.java:563)
	at org.springframework.beans.factory.support.AbstractAutowireCapableBeanFactory.createBean(AbstractAutowireCapableBeanFactory.java:523)
	at org.springframework.beans.factory.support.AbstractBeanFactory.lambda$doGetBean$0(AbstractBeanFactory.java:336)
	at org.springframework.beans.factory.support.DefaultSingletonBeanRegistry.getSingleton(DefaultSingletonBeanRegistry.java:289)
	at org.springframework.beans.factory.support.AbstractBeanFactory.doGetBean(AbstractBeanFactory.java:334)
	at org.springframework.beans.factory.support.AbstractBeanFactory.getBean(AbstractBeanFactory.java:199)
	at org.springframework.beans.factory.support.DefaultListableBeanFactory.instantiateSingleton(DefaultListableBeanFactory.java:1122)
	at org.springframework.beans.factory.support.DefaultListableBeanFactory.preInstantiateSingleton(DefaultListableBeanFactory.java:1093)
	at org.springframework.beans.factory.support.DefaultListableBeanFactory.preInstantiateSingletons(DefaultListableBeanFactory.java:1030)
	at org.springframework.context.support.AbstractApplicationContext.finishBeanFactoryInitialization(AbstractApplicationContext.java:987)
	at org.springframework.context.support.AbstractApplicationContext.refresh(AbstractApplicationContext.java:627)
	at org.springframework.boot.web.servlet.context.ServletWebServerApplicationContext.refresh(ServletWebServerApplicationContext.java:146)
	at org.springframework.boot.SpringApplication.refresh(SpringApplication.java:752)
	at org.springframework.boot.SpringApplication.refreshContext(SpringApplication.java:439)
	at org.springframework.boot.SpringApplication.run(SpringApplication.java:318)
	at org.springframework.boot.SpringApplication.run(SpringApplication.java:1361)
	at org.springframework.boot.SpringApplication.run(SpringApplication.java:1350)
	at com.personal.crud_pulsar.CrudPulsarApplicationKt.main(CrudPulsarApplication.kt:15)
	at java.base/jdk.internal.reflect.NativeMethodAccessorImpl.invoke0(Native Method)
	at java.base/jdk.internal.reflect.NativeMethodAccessorImpl.invoke(NativeMethodAccessorImpl.java:77)
	at java.base/jdk.internal.reflect.DelegatingMethodAccessorImpl.invoke(DelegatingMethodAccessorImpl.java:43)
	at java.base/java.lang.reflect.Method.invoke(Method.java:568)
	at org.springframework.boot.devtools.restart.RestartLauncher.run(RestartLauncher.java:50)
2025-01-28 14:45:22 [restartedMain] WARN  o.s.b.a.o.j.JpaBaseConfiguration$JpaWebConfiguration - spring.jpa.open-in-view is enabled by default. Therefore, database queries may be performed during view rendering. Explicitly configure spring.jpa.open-in-view to disable this warning
2025-01-28 14:45:22 [restartedMain] INFO  o.s.b.d.a.OptionalLiveReloadServer - LiveReload server is running on port 35729
2025-01-28 14:45:22 [pulsar-client-io-1-3] INFO  o.a.p.client.impl.ConnectionPool - [[id: 0xe1f6321b, L:/127.0.0.1:53304 - R:localhost/127.0.0.1:6650]] Connected to server
2025-01-28 14:45:22 [pulsar-client-io-1-3] INFO  o.a.p.c.i.ConsumerStatsRecorderImpl - Starting Pulsar consumer status recorder with config: {"topicNames":["persistent://public/default/jt-raw-topic"],"topicsPattern":null,"subscriptionName":"my-subscription","subscriptionType":"Shared","subscriptionProperties":null,"subscriptionMode":"Durable","receiverQueueSize":1000,"acknowledgementsGroupTimeMicros":100000,"maxAcknowledgmentGroupSize":1000,"negativeAckRedeliveryDelayMicros":60000000,"maxTotalReceiverQueueSizeAcrossPartitions":50000,"consumerName":null,"ackTimeoutMillis":0,"tickDurationMillis":1000,"priorityLevel":0,"maxPendingChunkedMessage":10,"autoAckOldestChunkedMessageOnQueueFull":false,"expireTimeOfIncompleteChunkedMessageMillis":60000,"cryptoFailureAction":"FAIL","properties":{},"readCompacted":false,"subscriptionInitialPosition":"Latest","patternAutoDiscoveryPeriod":60,"regexSubscriptionMode":"PersistentOnly","deadLetterPolicy":{"maxRedeliverCount":3,"retryLetterTopic":"jt-raw-topic-retry","deadLetterTopic":"jt-raw-topic-dlq","initialSubscriptionName":null},"retryEnable":false,"autoUpdatePartitions":true,"autoUpdatePartitionsIntervalSeconds":60,"replicateSubscriptionState":false,"resetIncludeHead":false,"batchIndexAckEnabled":false,"ackReceiptEnabled":false,"poolMessages":false,"startPaused":false,"autoScaledReceiverQueueSizeEnabled":false,"topicConfigurations":[],"maxPendingChuckedMessage":10}
2025-01-28 14:45:22 [pulsar-client-io-1-3] INFO  o.a.p.c.i.ConsumerStatsRecorderImpl - Pulsar client config: {"serviceUrl":"pulsar://localhost:6650","authPluginClassName":null,"authParams":null,"authParamMap":null,"operationTimeoutMs":30000,"lookupTimeoutMs":30000,"statsIntervalSeconds":60,"numIoThreads":8,"numListenerThreads":8,"connectionsPerBroker":1,"connectionMaxIdleSeconds":180,"useTcpNoDelay":true,"useTls":false,"tlsKeyFilePath":null,"tlsCertificateFilePath":null,"tlsTrustCertsFilePath":null,"tlsAllowInsecureConnection":false,"tlsHostnameVerificationEnable":false,"concurrentLookupRequest":5000,"maxLookupRequest":50000,"maxLookupRedirects":20,"maxNumberOfRejectedRequestPerConnection":50,"keepAliveIntervalSeconds":30,"connectionTimeoutMs":10000,"requestTimeoutMs":60000,"readTimeoutMs":60000,"autoCertRefreshSeconds":300,"initialBackoffIntervalNanos":100000000,"maxBackoffIntervalNanos":60000000000,"enableBusyWait":false,"listenerName":null,"useKeyStoreTls":false,"sslProvider":null,"tlsKeyStoreType":"JKS","tlsKeyStorePath":null,"tlsKeyStorePassword":null,"tlsTrustStoreType":"JKS","tlsTrustStorePath":null,"tlsTrustStorePassword":null,"tlsCiphers":[],"tlsProtocols":[],"memoryLimitBytes":67108864,"proxyServiceUrl":null,"proxyProtocol":null,"enableTransaction":false,"dnsLookupBindAddress":null,"dnsLookupBindPort":0,"socks5ProxyAddress":null,"socks5ProxyUsername":null,"socks5ProxyPassword":null,"description":null}
2025-01-28 14:45:22 [pulsar-client-io-1-3] INFO  o.a.pulsar.client.impl.ConsumerImpl - [persistent://public/default/jt-raw-topic][my-subscription] Subscribing to topic on cnx [id: 0xe1f6321b, L:/127.0.0.1:53304 - R:localhost/127.0.0.1:6650], consumerId 0
2025-01-28 14:45:24 [pulsar-client-io-1-3] INFO  o.a.pulsar.client.impl.ConsumerImpl - [persistent://public/default/jt-raw-topic][my-subscription] Subscribed to topic on localhost/127.0.0.1:6650 -- consumer: 0
2025-01-28 14:45:24 [pulsar-client-io-1-3] INFO  o.a.p.c.i.ConsumerStatsRecorderImpl - Starting Pulsar consumer status recorder with config: {"topicNames":["persistent://public/default/jt-plain-topic"],"topicsPattern":null,"subscriptionName":"my-subscription","subscriptionType":"Shared","subscriptionProperties":null,"subscriptionMode":"Durable","receiverQueueSize":1000,"acknowledgementsGroupTimeMicros":100000,"maxAcknowledgmentGroupSize":1000,"negativeAckRedeliveryDelayMicros":60000000,"maxTotalReceiverQueueSizeAcrossPartitions":50000,"consumerName":null,"ackTimeoutMillis":0,"tickDurationMillis":1000,"priorityLevel":0,"maxPendingChunkedMessage":10,"autoAckOldestChunkedMessageOnQueueFull":false,"expireTimeOfIncompleteChunkedMessageMillis":60000,"cryptoFailureAction":"FAIL","properties":{},"readCompacted":false,"subscriptionInitialPosition":"Latest","patternAutoDiscoveryPeriod":60,"regexSubscriptionMode":"PersistentOnly","deadLetterPolicy":{"maxRedeliverCount":3,"retryLetterTopic":"jt-raw-topic-retry","deadLetterTopic":"jt-raw-topic-dlq","initialSubscriptionName":null},"retryEnable":false,"autoUpdatePartitions":true,"autoUpdatePartitionsIntervalSeconds":60,"replicateSubscriptionState":false,"resetIncludeHead":false,"batchIndexAckEnabled":false,"ackReceiptEnabled":false,"poolMessages":false,"startPaused":false,"autoScaledReceiverQueueSizeEnabled":false,"topicConfigurations":[],"maxPendingChuckedMessage":10}
2025-01-28 14:45:24 [pulsar-client-io-1-3] INFO  o.a.p.c.i.ConsumerStatsRecorderImpl - Pulsar client config: {"serviceUrl":"pulsar://localhost:6650","authPluginClassName":null,"authParams":null,"authParamMap":null,"operationTimeoutMs":30000,"lookupTimeoutMs":30000,"statsIntervalSeconds":60,"numIoThreads":8,"numListenerThreads":8,"connectionsPerBroker":1,"connectionMaxIdleSeconds":180,"useTcpNoDelay":true,"useTls":false,"tlsKeyFilePath":null,"tlsCertificateFilePath":null,"tlsTrustCertsFilePath":null,"tlsAllowInsecureConnection":false,"tlsHostnameVerificationEnable":false,"concurrentLookupRequest":5000,"maxLookupRequest":50000,"maxLookupRedirects":20,"maxNumberOfRejectedRequestPerConnection":50,"keepAliveIntervalSeconds":30,"connectionTimeoutMs":10000,"requestTimeoutMs":60000,"readTimeoutMs":60000,"autoCertRefreshSeconds":300,"initialBackoffIntervalNanos":100000000,"maxBackoffIntervalNanos":60000000000,"enableBusyWait":false,"listenerName":null,"useKeyStoreTls":false,"sslProvider":null,"tlsKeyStoreType":"JKS","tlsKeyStorePath":null,"tlsKeyStorePassword":null,"tlsTrustStoreType":"JKS","tlsTrustStorePath":null,"tlsTrustStorePassword":null,"tlsCiphers":[],"tlsProtocols":[],"memoryLimitBytes":67108864,"proxyServiceUrl":null,"proxyProtocol":null,"enableTransaction":false,"dnsLookupBindAddress":null,"dnsLookupBindPort":0,"socks5ProxyAddress":null,"socks5ProxyUsername":null,"socks5ProxyPassword":null,"description":null}
2025-01-28 14:45:24 [pulsar-client-io-1-3] INFO  o.a.pulsar.client.impl.ConsumerImpl - [persistent://public/default/jt-plain-topic][my-subscription] Subscribing to topic on cnx [id: 0xe1f6321b, L:/127.0.0.1:53304 - R:localhost/127.0.0.1:6650], consumerId 1
2025-01-28 14:45:24 [pulsar-client-io-1-3] INFO  o.a.pulsar.client.impl.ConsumerImpl - [persistent://public/default/jt-plain-topic][my-subscription] Subscribed to topic on localhost/127.0.0.1:6650 -- consumer: 1
2025-01-28 14:45:24 [pulsar-client-io-1-3] INFO  o.a.p.c.i.ConsumerStatsRecorderImpl - Starting Pulsar consumer status recorder with config: {"topicNames":["persistent://public/default/jt-raw-topic-dlq"],"topicsPattern":null,"subscriptionName":"my-subscription-dlq","subscriptionType":"Exclusive","subscriptionProperties":null,"subscriptionMode":"Durable","receiverQueueSize":1000,"acknowledgementsGroupTimeMicros":100000,"maxAcknowledgmentGroupSize":1000,"negativeAckRedeliveryDelayMicros":60000000,"maxTotalReceiverQueueSizeAcrossPartitions":50000,"consumerName":null,"ackTimeoutMillis":0,"tickDurationMillis":1000,"priorityLevel":0,"maxPendingChunkedMessage":10,"autoAckOldestChunkedMessageOnQueueFull":false,"expireTimeOfIncompleteChunkedMessageMillis":60000,"cryptoFailureAction":"FAIL","properties":{},"readCompacted":false,"subscriptionInitialPosition":"Latest","patternAutoDiscoveryPeriod":60,"regexSubscriptionMode":"PersistentOnly","deadLetterPolicy":{"maxRedeliverCount":3,"retryLetterTopic":"jt-raw-topic-retry","deadLetterTopic":"jt-raw-topic-dlq","initialSubscriptionName":null},"retryEnable":false,"autoUpdatePartitions":true,"autoUpdatePartitionsIntervalSeconds":60,"replicateSubscriptionState":false,"resetIncludeHead":false,"batchIndexAckEnabled":false,"ackReceiptEnabled":false,"poolMessages":false,"startPaused":false,"autoScaledReceiverQueueSizeEnabled":false,"topicConfigurations":[],"maxPendingChuckedMessage":10}
2025-01-28 14:45:24 [pulsar-client-io-1-3] INFO  o.a.p.c.i.ConsumerStatsRecorderImpl - Pulsar client config: {"serviceUrl":"pulsar://localhost:6650","authPluginClassName":null,"authParams":null,"authParamMap":null,"operationTimeoutMs":30000,"lookupTimeoutMs":30000,"statsIntervalSeconds":60,"numIoThreads":8,"numListenerThreads":8,"connectionsPerBroker":1,"connectionMaxIdleSeconds":180,"useTcpNoDelay":true,"useTls":false,"tlsKeyFilePath":null,"tlsCertificateFilePath":null,"tlsTrustCertsFilePath":null,"tlsAllowInsecureConnection":false,"tlsHostnameVerificationEnable":false,"concurrentLookupRequest":5000,"maxLookupRequest":50000,"maxLookupRedirects":20,"maxNumberOfRejectedRequestPerConnection":50,"keepAliveIntervalSeconds":30,"connectionTimeoutMs":10000,"requestTimeoutMs":60000,"readTimeoutMs":60000,"autoCertRefreshSeconds":300,"initialBackoffIntervalNanos":100000000,"maxBackoffIntervalNanos":60000000000,"enableBusyWait":false,"listenerName":null,"useKeyStoreTls":false,"sslProvider":null,"tlsKeyStoreType":"JKS","tlsKeyStorePath":null,"tlsKeyStorePassword":null,"tlsTrustStoreType":"JKS","tlsTrustStorePath":null,"tlsTrustStorePassword":null,"tlsCiphers":[],"tlsProtocols":[],"memoryLimitBytes":67108864,"proxyServiceUrl":null,"proxyProtocol":null,"enableTransaction":false,"dnsLookupBindAddress":null,"dnsLookupBindPort":0,"socks5ProxyAddress":null,"socks5ProxyUsername":null,"socks5ProxyPassword":null,"description":null}
2025-01-28 14:45:24 [pulsar-client-io-1-3] INFO  o.a.pulsar.client.impl.ConsumerImpl - [persistent://public/default/jt-raw-topic-dlq][my-subscription-dlq] Subscribing to topic on cnx [id: 0xe1f6321b, L:/127.0.0.1:53304 - R:localhost/127.0.0.1:6650], consumerId 2
2025-01-28 14:45:24 [pulsar-client-io-1-3] INFO  o.a.pulsar.client.impl.ConsumerImpl - [persistent://public/default/jt-raw-topic-dlq][my-subscription-dlq] Subscribed to topic on localhost/127.0.0.1:6650 -- consumer: 2
2025-01-28 14:45:24 [restartedMain] INFO  o.s.b.w.e.tomcat.TomcatWebServer - Tomcat started on port 9191 (http) with context path '/'
2025-01-28 14:45:24 [restartedMain] INFO  c.p.c.CrudPulsarApplicationKt - Started CrudPulsarApplicationKt in 5.227 seconds (process running for 5.626)
2025-01-28 14:45:31 [http-nio-9191-exec-2] INFO  o.a.c.c.C.[Tomcat].[localhost].[/] - Initializing Spring DispatcherServlet 'dispatcherServlet'
2025-01-28 14:45:31 [http-nio-9191-exec-2] INFO  o.s.web.servlet.DispatcherServlet - Initializing Servlet 'dispatcherServlet'
2025-01-28 14:45:31 [http-nio-9191-exec-2] INFO  o.s.web.servlet.DispatcherServlet - Completed initialization in 3 ms
2025-01-28 14:45:31 [http-nio-9191-exec-2] INFO  c.p.crud_pulsar.HelloController - Fetching all users
2025-01-28 14:45:31 [pulsar-client-io-1-3] INFO  o.a.p.c.i.ProducerStatsRecorderImpl - Starting Pulsar producer perf with config: {"topicName":"persistent://public/default/jt-plain-topic","producerName":null,"sendTimeoutMs":30000,"blockIfQueueFull":false,"maxPendingMessages":0,"maxPendingMessagesAcrossPartitions":0,"messageRoutingMode":"RoundRobinPartition","hashingScheme":"JavaStringHash","cryptoFailureAction":"FAIL","batchingMaxPublishDelayMicros":1000,"batchingPartitionSwitchFrequencyByPublishDelay":10,"batchingMaxMessages":1000,"batchingMaxBytes":131072,"batchingEnabled":true,"chunkingEnabled":false,"chunkMaxMessageSize":-1,"encryptionKeys":[],"compressionType":"NONE","initialSequenceId":null,"autoUpdatePartitions":true,"autoUpdatePartitionsIntervalSeconds":60,"multiSchema":true,"accessMode":"Shared","lazyStartPartitionedProducers":false,"properties":{},"initialSubscriptionName":null}
2025-01-28 14:45:31 [pulsar-client-io-1-3] INFO  o.a.p.c.i.ProducerStatsRecorderImpl - Pulsar client config: {"serviceUrl":"pulsar://localhost:6650","authPluginClassName":null,"authParams":null,"authParamMap":null,"operationTimeoutMs":30000,"lookupTimeoutMs":30000,"statsIntervalSeconds":60,"numIoThreads":8,"numListenerThreads":8,"connectionsPerBroker":1,"connectionMaxIdleSeconds":180,"useTcpNoDelay":true,"useTls":false,"tlsKeyFilePath":null,"tlsCertificateFilePath":null,"tlsTrustCertsFilePath":null,"tlsAllowInsecureConnection":false,"tlsHostnameVerificationEnable":false,"concurrentLookupRequest":5000,"maxLookupRequest":50000,"maxLookupRedirects":20,"maxNumberOfRejectedRequestPerConnection":50,"keepAliveIntervalSeconds":30,"connectionTimeoutMs":10000,"requestTimeoutMs":60000,"readTimeoutMs":60000,"autoCertRefreshSeconds":300,"initialBackoffIntervalNanos":100000000,"maxBackoffIntervalNanos":60000000000,"enableBusyWait":false,"listenerName":null,"useKeyStoreTls":false,"sslProvider":null,"tlsKeyStoreType":"JKS","tlsKeyStorePath":null,"tlsKeyStorePassword":null,"tlsTrustStoreType":"JKS","tlsTrustStorePath":null,"tlsTrustStorePassword":null,"tlsCiphers":[],"tlsProtocols":[],"memoryLimitBytes":67108864,"proxyServiceUrl":null,"proxyProtocol":null,"enableTransaction":false,"dnsLookupBindAddress":null,"dnsLookupBindPort":0,"socks5ProxyAddress":null,"socks5ProxyUsername":null,"socks5ProxyPassword":null,"description":null}
2025-01-28 14:45:31 [pulsar-client-io-1-3] INFO  o.a.pulsar.client.impl.ProducerImpl - [persistent://public/default/jt-plain-topic] [null] Creating producer on cnx [id: 0xe1f6321b, L:/127.0.0.1:53304 - R:localhost/127.0.0.1:6650]
2025-01-28 14:45:32 [pulsar-client-io-1-3] INFO  o.a.pulsar.client.impl.ProducerImpl - [persistent://public/default/jt-plain-topic] [standalone-0-0] Created producer on cnx [id: 0xe1f6321b, L:/127.0.0.1:53304 - R:localhost/127.0.0.1:6650]
2025-01-28 14:45:32 [http-nio-9191-exec-2] INFO  c.p.crud_pulsar.EventPublisher - EventPublisher::publishPlainMessage published the event: Fetched all users
2025-01-28 14:45:32 [http-nio-9191-exec-2] INFO  c.p.crud_pulsar.EventPublisher - EventPublisher::publishPlainMessage published the event: AuditMessage(action=Fetch Users, description=Users fetched successfully, statusCode=200)
2025-01-28 14:45:32 [http-nio-9191-exec-2] WARN  o.h.e.jdbc.spi.SqlExceptionHelper - SQL Error: 0, SQLState: 23502
2025-01-28 14:45:32 [http-nio-9191-exec-2] ERROR o.h.e.jdbc.spi.SqlExceptionHelper - ERROR: null value in column "status_code" of relation "audit_logs" violates not-null constraint
  Detail: Failing row contains (11, Fetch Users, Users fetched successfully, null, 2025-01-28 14:45:32.14138, 200).
2025-01-28 14:45:32 [http-nio-9191-exec-2] ERROR c.p.crud_pulsar.HelloController - Internal server error while fetching users
org.springframework.dao.DataIntegrityViolationException: could not execute statement [ERROR: null value in column "status_code" of relation "audit_logs" violates not-null constraint
  Detail: Failing row contains (11, Fetch Users, Users fetched successfully, null, 2025-01-28 14:45:32.14138, 200).] [insert into audit_logs (action,description,statusCode,timestamp) values (?,?,?,?)]; SQL [insert into audit_logs (action,description,statusCode,timestamp) values (?,?,?,?)]; constraint [status_code" of relation "audit_logs]
	at org.springframework.orm.jpa.vendor.HibernateJpaDialect.convertHibernateAccessException(HibernateJpaDialect.java:290)
	at org.springframework.orm.jpa.vendor.HibernateJpaDialect.translateExceptionIfPossible(HibernateJpaDialect.java:241)
	at org.springframework.orm.jpa.AbstractEntityManagerFactoryBean.translateExceptionIfPossible(AbstractEntityManagerFactoryBean.java:560)
	at org.springframework.dao.support.ChainedPersistenceExceptionTranslator.translateExceptionIfPossible(ChainedPersistenceExceptionTranslator.java:61)
	at org.springframework.dao.support.DataAccessUtils.translateIfNecessary(DataAccessUtils.java:343)
	at org.springframework.dao.support.PersistenceExceptionTranslationInterceptor.invoke(PersistenceExceptionTranslationInterceptor.java:160)
	at org.springframework.aop.framework.ReflectiveMethodInvocation.proceed(ReflectiveMethodInvocation.java:184)
	at org.springframework.data.jpa.repository.support.CrudMethodMetadataPostProcessor$CrudMethodMetadataPopulatingMethodInterceptor.invoke(CrudMethodMetadataPostProcessor.java:165)
	at org.springframework.aop.framework.ReflectiveMethodInvocation.proceed(ReflectiveMethodInvocation.java:184)
	at org.springframework.data.repository.core.support.MethodInvocationValidator.invoke(MethodInvocationValidator.java:96)
	at org.springframework.aop.framework.ReflectiveMethodInvocation.proceed(ReflectiveMethodInvocation.java:184)
	at org.springframework.aop.framework.JdkDynamicAopProxy.invoke(JdkDynamicAopProxy.java:223)
	at jdk.proxy4/jdk.proxy4.$Proxy137.save(Unknown Source)
	at com.personal.crud_pulsar.AuditLogService.saveAuditLog(AuditLogService.kt:9)
	at com.personal.crud_pulsar.HelloController.publishAuditEvent(HelloController.kt:298)
	at com.personal.crud_pulsar.HelloController.listUsers(HelloController.kt:191)
	at java.base/jdk.internal.reflect.NativeMethodAccessorImpl.invoke0(Native Method)
	at java.base/jdk.internal.reflect.NativeMethodAccessorImpl.invoke(NativeMethodAccessorImpl.java:77)
	at java.base/jdk.internal.reflect.DelegatingMethodAccessorImpl.invoke(DelegatingMethodAccessorImpl.java:43)
	at java.base/java.lang.reflect.Method.invoke(Method.java:568)
	at kotlin.reflect.jvm.internal.calls.CallerImpl$Method.callMethod(CallerImpl.kt:97)
	at kotlin.reflect.jvm.internal.calls.CallerImpl$Method$Instance.call(CallerImpl.kt:113)
	at kotlin.reflect.jvm.internal.KCallableImpl.callDefaultMethod$kotlin_reflection(KCallableImpl.kt:207)
	at kotlin.reflect.jvm.internal.KCallableImpl.callBy(KCallableImpl.kt:112)
	at org.springframework.web.method.support.InvocableHandlerMethod$KotlinDelegate.invokeFunction(InvocableHandlerMethod.java:337)
	at org.springframework.web.method.support.InvocableHandlerMethod.doInvoke(InvocableHandlerMethod.java:254)
	at org.springframework.web.method.support.InvocableHandlerMethod.invokeForRequest(InvocableHandlerMethod.java:190)
	at org.springframework.web.servlet.mvc.method.annotation.ServletInvocableHandlerMethod.invokeAndHandle(ServletInvocableHandlerMethod.java:118)
	at org.springframework.web.servlet.mvc.method.annotation.RequestMappingHandlerAdapter.invokeHandlerMethod(RequestMappingHandlerAdapter.java:986)
	at org.springframework.web.servlet.mvc.method.annotation.RequestMappingHandlerAdapter.handleInternal(RequestMappingHandlerAdapter.java:891)
	at org.springframework.web.servlet.mvc.method.AbstractHandlerMethodAdapter.handle(AbstractHandlerMethodAdapter.java:87)
	at org.springframework.web.servlet.DispatcherServlet.doDispatch(DispatcherServlet.java:1088)
	at org.springframework.web.servlet.DispatcherServlet.doService(DispatcherServlet.java:978)
	at org.springframework.web.servlet.FrameworkServlet.processRequest(FrameworkServlet.java:1014)
	at org.springframework.web.servlet.FrameworkServlet.doGet(FrameworkServlet.java:903)
	at jakarta.servlet.http.HttpServlet.service(HttpServlet.java:564)
	at org.springframework.web.servlet.FrameworkServlet.service(FrameworkServlet.java:885)
	at jakarta.servlet.http.HttpServlet.service(HttpServlet.java:658)
	at org.apache.catalina.core.ApplicationFilterChain.internalDoFilter(ApplicationFilterChain.java:195)
	at org.apache.catalina.core.ApplicationFilterChain.doFilter(ApplicationFilterChain.java:140)
	at org.apache.tomcat.websocket.server.WsFilter.doFilter(WsFilter.java:51)
	at org.apache.catalina.core.ApplicationFilterChain.internalDoFilter(ApplicationFilterChain.java:164)
	at org.apache.catalina.core.ApplicationFilterChain.doFilter(ApplicationFilterChain.java:140)
	at org.springframework.web.filter.RequestContextFilter.doFilterInternal(RequestContextFilter.java:100)
	at org.springframework.web.filter.OncePerRequestFilter.doFilter(OncePerRequestFilter.java:116)
	at org.apache.catalina.core.ApplicationFilterChain.internalDoFilter(ApplicationFilterChain.java:164)
	at org.apache.catalina.core.ApplicationFilterChain.doFilter(ApplicationFilterChain.java:140)
	at org.springframework.web.filter.FormContentFilter.doFilterInternal(FormContentFilter.java:93)
	at org.springframework.web.filter.OncePerRequestFilter.doFilter(OncePerRequestFilter.java:116)
	at org.apache.catalina.core.ApplicationFilterChain.internalDoFilter(ApplicationFilterChain.java:164)
	at org.apache.catalina.core.ApplicationFilterChain.doFilter(ApplicationFilterChain.java:140)
	at org.springframework.web.filter.CharacterEncodingFilter.doFilterInternal(CharacterEncodingFilter.java:201)
	at org.springframework.web.filter.OncePerRequestFilter.doFilter(OncePerRequestFilter.java:116)
	at org.apache.catalina.core.ApplicationFilterChain.internalDoFilter(ApplicationFilterChain.java:164)
	at org.apache.catalina.core.ApplicationFilterChain.doFilter(ApplicationFilterChain.java:140)
	at org.apache.catalina.core.StandardWrapperValve.invoke(StandardWrapperValve.java:167)
	at org.apache.catalina.core.StandardContextValve.invoke(StandardContextValve.java:90)
	at org.apache.catalina.authenticator.AuthenticatorBase.invoke(AuthenticatorBase.java:483)
	at org.apache.catalina.core.StandardHostValve.invoke(StandardHostValve.java:115)
	at org.apache.catalina.valves.ErrorReportValve.invoke(ErrorReportValve.java:93)
	at org.apache.catalina.core.StandardEngineValve.invoke(StandardEngineValve.java:74)
	at org.apache.catalina.connector.CoyoteAdapter.service(CoyoteAdapter.java:344)
	at org.apache.coyote.http11.Http11Processor.service(Http11Processor.java:397)
	at org.apache.coyote.AbstractProcessorLight.process(AbstractProcessorLight.java:63)
	at org.apache.coyote.AbstractProtocol$ConnectionHandler.process(AbstractProtocol.java:905)
	at org.apache.tomcat.util.net.NioEndpoint$SocketProcessor.doRun(NioEndpoint.java:1741)
	at org.apache.tomcat.util.net.SocketProcessorBase.run(SocketProcessorBase.java:52)
	at org.apache.tomcat.util.threads.ThreadPoolExecutor.runWorker(ThreadPoolExecutor.java:1190)
	at org.apache.tomcat.util.threads.ThreadPoolExecutor$Worker.run(ThreadPoolExecutor.java:659)
	at org.apache.tomcat.util.threads.TaskThread$WrappingRunnable.run(TaskThread.java:63)
	at java.base/java.lang.Thread.run(Thread.java:842)
Caused by: org.hibernate.exception.ConstraintViolationException: could not execute statement [ERROR: null value in column "status_code" of relation "audit_logs" violates not-null constraint
  Detail: Failing row contains (11, Fetch Users, Users fetched successfully, null, 2025-01-28 14:45:32.14138, 200).] [insert into audit_logs (action,description,statusCode,timestamp) values (?,?,?,?)]
	at org.hibernate.exception.internal.SQLStateConversionDelegate.convert(SQLStateConversionDelegate.java:97)
	at org.hibernate.exception.internal.StandardSQLExceptionConverter.convert(StandardSQLExceptionConverter.java:58)
	at org.hibernate.engine.jdbc.spi.SqlExceptionHelper.convert(SqlExceptionHelper.java:108)
	at org.hibernate.engine.jdbc.internal.ResultSetReturnImpl.executeUpdate(ResultSetReturnImpl.java:197)
	at org.hibernate.id.insert.GetGeneratedKeysDelegate.performMutation(GetGeneratedKeysDelegate.java:116)
	at org.hibernate.engine.jdbc.mutation.internal.MutationExecutorSingleNonBatched.performNonBatchedOperations(MutationExecutorSingleNonBatched.java:47)
	at org.hibernate.engine.jdbc.mutation.internal.AbstractMutationExecutor.execute(AbstractMutationExecutor.java:55)
	at org.hibernate.persister.entity.mutation.InsertCoordinatorStandard.doStaticInserts(InsertCoordinatorStandard.java:194)
	at org.hibernate.persister.entity.mutation.InsertCoordinatorStandard.coordinateInsert(InsertCoordinatorStandard.java:132)
	at org.hibernate.persister.entity.mutation.InsertCoordinatorStandard.insert(InsertCoordinatorStandard.java:95)
	at org.hibernate.action.internal.EntityIdentityInsertAction.execute(EntityIdentityInsertAction.java:85)
	at org.hibernate.engine.spi.ActionQueue.execute(ActionQueue.java:682)
	at org.hibernate.engine.spi.ActionQueue.addResolvedEntityInsertAction(ActionQueue.java:293)
	at org.hibernate.engine.spi.ActionQueue.addInsertAction(ActionQueue.java:274)
	at org.hibernate.engine.spi.ActionQueue.addAction(ActionQueue.java:324)
	at org.hibernate.event.internal.AbstractSaveEventListener.addInsertAction(AbstractSaveEventListener.java:393)
	at org.hibernate.event.internal.AbstractSaveEventListener.performSaveOrReplicate(AbstractSaveEventListener.java:307)
	at org.hibernate.event.internal.AbstractSaveEventListener.performSave(AbstractSaveEventListener.java:223)
	at org.hibernate.event.internal.AbstractSaveEventListener.saveWithGeneratedId(AbstractSaveEventListener.java:136)
	at org.hibernate.event.internal.DefaultPersistEventListener.entityIsTransient(DefaultPersistEventListener.java:177)
	at org.hibernate.event.internal.DefaultPersistEventListener.persist(DefaultPersistEventListener.java:95)
	at org.hibernate.event.internal.DefaultPersistEventListener.onPersist(DefaultPersistEventListener.java:79)
	at org.hibernate.event.internal.DefaultPersistEventListener.onPersist(DefaultPersistEventListener.java:55)
	at org.hibernate.event.service.internal.EventListenerGroupImpl.fireEventOnEachListener(EventListenerGroupImpl.java:127)
	at org.hibernate.internal.SessionImpl.firePersist(SessionImpl.java:761)
	at org.hibernate.internal.SessionImpl.persist(SessionImpl.java:745)
	at java.base/jdk.internal.reflect.NativeMethodAccessorImpl.invoke0(Native Method)
	at java.base/jdk.internal.reflect.NativeMethodAccessorImpl.invoke(NativeMethodAccessorImpl.java:77)
	at java.base/jdk.internal.reflect.DelegatingMethodAccessorImpl.invoke(DelegatingMethodAccessorImpl.java:43)
	at java.base/java.lang.reflect.Method.invoke(Method.java:568)
	at org.springframework.orm.jpa.ExtendedEntityManagerCreator$ExtendedEntityManagerInvocationHandler.invoke(ExtendedEntityManagerCreator.java:364)
	at jdk.proxy4/jdk.proxy4.$Proxy133.persist(Unknown Source)
	at java.base/jdk.internal.reflect.NativeMethodAccessorImpl.invoke0(Native Method)
	at java.base/jdk.internal.reflect.NativeMethodAccessorImpl.invoke(NativeMethodAccessorImpl.java:77)
	at java.base/jdk.internal.reflect.DelegatingMethodAccessorImpl.invoke(DelegatingMethodAccessorImpl.java:43)
	at java.base/java.lang.reflect.Method.invoke(Method.java:568)
	at org.springframework.orm.jpa.SharedEntityManagerCreator$SharedEntityManagerInvocationHandler.invoke(SharedEntityManagerCreator.java:320)
	at jdk.proxy4/jdk.proxy4.$Proxy133.persist(Unknown Source)
	at org.springframework.data.jpa.repository.support.SimpleJpaRepository.save(SimpleJpaRepository.java:627)
	at java.base/jdk.internal.reflect.NativeMethodAccessorImpl.invoke0(Native Method)
	at java.base/jdk.internal.reflect.NativeMethodAccessorImpl.invoke(NativeMethodAccessorImpl.java:77)
	at java.base/jdk.internal.reflect.DelegatingMethodAccessorImpl.invoke(DelegatingMethodAccessorImpl.java:43)
	at java.base/java.lang.reflect.Method.invoke(Method.java:568)
	at org.springframework.aop.support.AopUtils.invokeJoinpointUsingReflection(AopUtils.java:359)
	at org.springframework.data.repository.core.support.RepositoryMethodInvoker$RepositoryFragmentMethodInvoker.lambda$new$0(RepositoryMethodInvoker.java:277)
	at org.springframework.data.repository.core.support.RepositoryMethodInvoker.doInvoke(RepositoryMethodInvoker.java:170)
	at org.springframework.data.repository.core.support.RepositoryMethodInvoker.invoke(RepositoryMethodInvoker.java:158)
	at org.springframework.data.repository.core.support.RepositoryComposition$RepositoryFragments.invoke(RepositoryComposition.java:515)
	at org.springframework.data.repository.core.support.RepositoryComposition.invoke(RepositoryComposition.java:284)
	at org.springframework.data.repository.core.support.RepositoryFactorySupport$ImplementationMethodExecutionInterceptor.invoke(RepositoryFactorySupport.java:752)
	at org.springframework.aop.framework.ReflectiveMethodInvocation.proceed(ReflectiveMethodInvocation.java:184)
	at org.springframework.data.repository.core.support.QueryExecutorMethodInterceptor.doInvoke(QueryExecutorMethodInterceptor.java:174)
	at org.springframework.data.repository.core.support.QueryExecutorMethodInterceptor.invoke(QueryExecutorMethodInterceptor.java:149)
	at org.springframework.aop.framework.ReflectiveMethodInvocation.proceed(ReflectiveMethodInvocation.java:184)
	at org.springframework.data.projection.DefaultMethodInvokingMethodInterceptor.invoke(DefaultMethodInvokingMethodInterceptor.java:69)
	at org.springframework.aop.framework.ReflectiveMethodInvocation.proceed(ReflectiveMethodInvocation.java:184)
	at org.springframework.transaction.interceptor.TransactionAspectSupport.invokeWithinTransaction(TransactionAspectSupport.java:380)
	at org.springframework.transaction.interceptor.TransactionInterceptor.invoke(TransactionInterceptor.java:119)
	at org.springframework.aop.framework.ReflectiveMethodInvocation.proceed(ReflectiveMethodInvocation.java:184)
	at org.springframework.dao.support.PersistenceExceptionTranslationInterceptor.invoke(PersistenceExceptionTranslationInterceptor.java:138)
	... 65 common frames omitted
Caused by: org.postgresql.util.PSQLException: ERROR: null value in column "status_code" of relation "audit_logs" violates not-null constraint
  Detail: Failing row contains (11, Fetch Users, Users fetched successfully, null, 2025-01-28 14:45:32.14138, 200).
	at org.postgresql.core.v3.QueryExecutorImpl.receiveErrorResponse(QueryExecutorImpl.java:2733)
	at org.postgresql.core.v3.QueryExecutorImpl.processResults(QueryExecutorImpl.java:2420)
	at org.postgresql.core.v3.QueryExecutorImpl.execute(QueryExecutorImpl.java:372)
	at org.postgresql.jdbc.PgStatement.executeInternal(PgStatement.java:517)
	at org.postgresql.jdbc.PgStatement.execute(PgStatement.java:434)
	at org.postgresql.jdbc.PgPreparedStatement.executeWithFlags(PgPreparedStatement.java:194)
	at org.postgresql.jdbc.PgPreparedStatement.executeUpdate(PgPreparedStatement.java:155)
	at com.zaxxer.hikari.pool.ProxyPreparedStatement.executeUpdate(ProxyPreparedStatement.java:61)
	at com.zaxxer.hikari.pool.HikariProxyPreparedStatement.executeUpdate(HikariProxyPreparedStatement.java)
	at org.hibernate.engine.jdbc.internal.ResultSetReturnImpl.executeUpdate(ResultSetReturnImpl.java:194)
	... 121 common frames omitted
2025-01-28 14:45:32 [http-nio-9191-exec-2] INFO  c.p.crud_pulsar.EventPublisher - EventPublisher::publishPlainMessage published the event: AuditMessage(action=Fetch Users, description=Internal server error, statusCode=500)
2025-01-28 14:45:32 [http-nio-9191-exec-2] WARN  o.h.e.jdbc.spi.SqlExceptionHelper - SQL Error: 0, SQLState: 23502
2025-01-28 14:45:32 [http-nio-9191-exec-2] ERROR o.h.e.jdbc.spi.SqlExceptionHelper - ERROR: null value in column "status_code" of relation "audit_logs" violates not-null constraint
  Detail: Failing row contains (12, Fetch Users, Internal server error, null, 2025-01-28 14:45:32.173694, 500).
2025-01-28 14:45:32 [http-nio-9191-exec-2] ERROR o.a.c.c.C.[.[.[.[dispatcherServlet] - Servlet.service() for servlet [dispatcherServlet] in context with path [] threw exception [Request processing failed: org.springframework.dao.DataIntegrityViolationException: could not execute statement [ERROR: null value in column "status_code" of relation "audit_logs" violates not-null constraint
  Detail: Failing row contains (12, Fetch Users, Internal server error, null, 2025-01-28 14:45:32.173694, 500).] [insert into audit_logs (action,description,statusCode,timestamp) values (?,?,?,?)]; SQL [insert into audit_logs (action,description,statusCode,timestamp) values (?,?,?,?)]; constraint [status_code" of relation "audit_logs]] with root cause
org.postgresql.util.PSQLException: ERROR: null value in column "status_code" of relation "audit_logs" violates not-null constraint
  Detail: Failing row contains (12, Fetch Users, Internal server error, null, 2025-01-28 14:45:32.173694, 500).
	at org.postgresql.core.v3.QueryExecutorImpl.receiveErrorResponse(QueryExecutorImpl.java:2733)
	at org.postgresql.core.v3.QueryExecutorImpl.processResults(QueryExecutorImpl.java:2420)
	at org.postgresql.core.v3.QueryExecutorImpl.execute(QueryExecutorImpl.java:372)
	at org.postgresql.jdbc.PgStatement.executeInternal(PgStatement.java:517)
	at org.postgresql.jdbc.PgStatement.execute(PgStatement.java:434)
	at org.postgresql.jdbc.PgPreparedStatement.executeWithFlags(PgPreparedStatement.java:194)
	at org.postgresql.jdbc.PgPreparedStatement.executeUpdate(PgPreparedStatement.java:155)
	at com.zaxxer.hikari.pool.ProxyPreparedStatement.executeUpdate(ProxyPreparedStatement.java:61)
	at com.zaxxer.hikari.pool.HikariProxyPreparedStatement.executeUpdate(HikariProxyPreparedStatement.java)
	at org.hibernate.engine.jdbc.internal.ResultSetReturnImpl.executeUpdate(ResultSetReturnImpl.java:194)
	at org.hibernate.id.insert.GetGeneratedKeysDelegate.performMutation(GetGeneratedKeysDelegate.java:116)
	at org.hibernate.engine.jdbc.mutation.internal.MutationExecutorSingleNonBatched.performNonBatchedOperations(MutationExecutorSingleNonBatched.java:47)
	at org.hibernate.engine.jdbc.mutation.internal.AbstractMutationExecutor.execute(AbstractMutationExecutor.java:55)
	at org.hibernate.persister.entity.mutation.InsertCoordinatorStandard.doStaticInserts(InsertCoordinatorStandard.java:194)
	at org.hibernate.persister.entity.mutation.InsertCoordinatorStandard.coordinateInsert(InsertCoordinatorStandard.java:132)
	at org.hibernate.persister.entity.mutation.InsertCoordinatorStandard.insert(InsertCoordinatorStandard.java:95)
	at org.hibernate.action.internal.EntityIdentityInsertAction.execute(EntityIdentityInsertAction.java:85)
	at org.hibernate.engine.spi.ActionQueue.execute(ActionQueue.java:682)
	at org.hibernate.engine.spi.ActionQueue.addResolvedEntityInsertAction(ActionQueue.java:293)
	at org.hibernate.engine.spi.ActionQueue.addInsertAction(ActionQueue.java:274)
	at org.hibernate.engine.spi.ActionQueue.addAction(ActionQueue.java:324)
	at org.hibernate.event.internal.AbstractSaveEventListener.addInsertAction(AbstractSaveEventListener.java:393)
	at org.hibernate.event.internal.AbstractSaveEventListener.performSaveOrReplicate(AbstractSaveEventListener.java:307)
	at org.hibernate.event.internal.AbstractSaveEventListener.performSave(AbstractSaveEventListener.java:223)
	at org.hibernate.event.internal.AbstractSaveEventListener.saveWithGeneratedId(AbstractSaveEventListener.java:136)
	at org.hibernate.event.internal.DefaultPersistEventListener.entityIsTransient(DefaultPersistEventListener.java:177)
	at org.hibernate.event.internal.DefaultPersistEventListener.persist(DefaultPersistEventListener.java:95)
	at org.hibernate.event.internal.DefaultPersistEventListener.onPersist(DefaultPersistEventListener.java:79)
	at org.hibernate.event.internal.DefaultPersistEventListener.onPersist(DefaultPersistEventListener.java:55)
	at org.hibernate.event.service.internal.EventListenerGroupImpl.fireEventOnEachListener(EventListenerGroupImpl.java:127)
	at org.hibernate.internal.SessionImpl.firePersist(SessionImpl.java:761)
	at org.hibernate.internal.SessionImpl.persist(SessionImpl.java:745)
	at java.base/jdk.internal.reflect.NativeMethodAccessorImpl.invoke0(Native Method)
	at java.base/jdk.internal.reflect.NativeMethodAccessorImpl.invoke(NativeMethodAccessorImpl.java:77)
	at java.base/jdk.internal.reflect.DelegatingMethodAccessorImpl.invoke(DelegatingMethodAccessorImpl.java:43)
	at java.base/java.lang.reflect.Method.invoke(Method.java:568)
	at org.springframework.orm.jpa.ExtendedEntityManagerCreator$ExtendedEntityManagerInvocationHandler.invoke(ExtendedEntityManagerCreator.java:364)
	at jdk.proxy4/jdk.proxy4.$Proxy133.persist(Unknown Source)
	at java.base/jdk.internal.reflect.NativeMethodAccessorImpl.invoke0(Native Method)
	at java.base/jdk.internal.reflect.NativeMethodAccessorImpl.invoke(NativeMethodAccessorImpl.java:77)
	at java.base/jdk.internal.reflect.DelegatingMethodAccessorImpl.invoke(DelegatingMethodAccessorImpl.java:43)
	at java.base/java.lang.reflect.Method.invoke(Method.java:568)
	at org.springframework.orm.jpa.SharedEntityManagerCreator$SharedEntityManagerInvocationHandler.invoke(SharedEntityManagerCreator.java:320)
	at jdk.proxy4/jdk.proxy4.$Proxy133.persist(Unknown Source)
	at org.springframework.data.jpa.repository.support.SimpleJpaRepository.save(SimpleJpaRepository.java:627)
	at java.base/jdk.internal.reflect.NativeMethodAccessorImpl.invoke0(Native Method)
	at java.base/jdk.internal.reflect.NativeMethodAccessorImpl.invoke(NativeMethodAccessorImpl.java:77)
	at java.base/jdk.internal.reflect.DelegatingMethodAccessorImpl.invoke(DelegatingMethodAccessorImpl.java:43)
	at java.base/java.lang.reflect.Method.invoke(Method.java:568)
	at org.springframework.aop.support.AopUtils.invokeJoinpointUsingReflection(AopUtils.java:359)
	at org.springframework.data.repository.core.support.RepositoryMethodInvoker$RepositoryFragmentMethodInvoker.lambda$new$0(RepositoryMethodInvoker.java:277)
	at org.springframework.data.repository.core.support.RepositoryMethodInvoker.doInvoke(RepositoryMethodInvoker.java:170)
	at org.springframework.data.repository.core.support.RepositoryMethodInvoker.invoke(RepositoryMethodInvoker.java:158)
	at org.springframework.data.repository.core.support.RepositoryComposition$RepositoryFragments.invoke(RepositoryComposition.java:515)
	at org.springframework.data.repository.core.support.RepositoryComposition.invoke(RepositoryComposition.java:284)
	at org.springframework.data.repository.core.support.RepositoryFactorySupport$ImplementationMethodExecutionInterceptor.invoke(RepositoryFactorySupport.java:752)
	at org.springframework.aop.framework.ReflectiveMethodInvocation.proceed(ReflectiveMethodInvocation.java:184)
	at org.springframework.data.repository.core.support.QueryExecutorMethodInterceptor.doInvoke(QueryExecutorMethodInterceptor.java:174)
	at org.springframework.data.repository.core.support.QueryExecutorMethodInterceptor.invoke(QueryExecutorMethodInterceptor.java:149)
	at org.springframework.aop.framework.ReflectiveMethodInvocation.proceed(ReflectiveMethodInvocation.java:184)
	at org.springframework.data.projection.DefaultMethodInvokingMethodInterceptor.invoke(DefaultMethodInvokingMethodInterceptor.java:69)
	at org.springframework.aop.framework.ReflectiveMethodInvocation.proceed(ReflectiveMethodInvocation.java:184)
	at org.springframework.transaction.interceptor.TransactionAspectSupport.invokeWithinTransaction(TransactionAspectSupport.java:380)
	at org.springframework.transaction.interceptor.TransactionInterceptor.invoke(TransactionInterceptor.java:119)
	at org.springframework.aop.framework.ReflectiveMethodInvocation.proceed(ReflectiveMethodInvocation.java:184)
	at org.springframework.dao.support.PersistenceExceptionTranslationInterceptor.invoke(PersistenceExceptionTranslationInterceptor.java:138)
	at org.springframework.aop.framework.ReflectiveMethodInvocation.proceed(ReflectiveMethodInvocation.java:184)
	at org.springframework.data.jpa.repository.support.CrudMethodMetadataPostProcessor$CrudMethodMetadataPopulatingMethodInterceptor.invoke(CrudMethodMetadataPostProcessor.java:165)
	at org.springframework.aop.framework.ReflectiveMethodInvocation.proceed(ReflectiveMethodInvocation.java:184)
	at org.springframework.data.repository.core.support.MethodInvocationValidator.invoke(MethodInvocationValidator.java:96)
	at org.springframework.aop.framework.ReflectiveMethodInvocation.proceed(ReflectiveMethodInvocation.java:184)
	at org.springframework.aop.framework.JdkDynamicAopProxy.invoke(JdkDynamicAopProxy.java:223)
	at jdk.proxy4/jdk.proxy4.$Proxy137.save(Unknown Source)
	at com.personal.crud_pulsar.AuditLogService.saveAuditLog(AuditLogService.kt:9)
	at com.personal.crud_pulsar.HelloController.publishAuditEvent(HelloController.kt:298)
	at com.personal.crud_pulsar.HelloController.listUsers(HelloController.kt:195)
	at java.base/jdk.internal.reflect.NativeMethodAccessorImpl.invoke0(Native Method)
	at java.base/jdk.internal.reflect.NativeMethodAccessorImpl.invoke(NativeMethodAccessorImpl.java:77)
	at java.base/jdk.internal.reflect.DelegatingMethodAccessorImpl.invoke(DelegatingMethodAccessorImpl.java:43)
	at java.base/java.lang.reflect.Method.invoke(Method.java:568)
	at kotlin.reflect.jvm.internal.calls.CallerImpl$Method.callMethod(CallerImpl.kt:97)
	at kotlin.reflect.jvm.internal.calls.CallerImpl$Method$Instance.call(CallerImpl.kt:113)
	at kotlin.reflect.jvm.internal.KCallableImpl.callDefaultMethod$kotlin_reflection(KCallableImpl.kt:207)
	at kotlin.reflect.jvm.internal.KCallableImpl.callBy(KCallableImpl.kt:112)
	at org.springframework.web.method.support.InvocableHandlerMethod$KotlinDelegate.invokeFunction(InvocableHandlerMethod.java:337)
	at org.springframework.web.method.support.InvocableHandlerMethod.doInvoke(InvocableHandlerMethod.java:254)
	at org.springframework.web.method.support.InvocableHandlerMethod.invokeForRequest(InvocableHandlerMethod.java:190)
	at org.springframework.web.servlet.mvc.method.annotation.ServletInvocableHandlerMethod.invokeAndHandle(ServletInvocableHandlerMethod.java:118)
	at org.springframework.web.servlet.mvc.method.annotation.RequestMappingHandlerAdapter.invokeHandlerMethod(RequestMappingHandlerAdapter.java:986)
	at org.springframework.web.servlet.mvc.method.annotation.RequestMappingHandlerAdapter.handleInternal(RequestMappingHandlerAdapter.java:891)
	at org.springframework.web.servlet.mvc.method.AbstractHandlerMethodAdapter.handle(AbstractHandlerMethodAdapter.java:87)
	at org.springframework.web.servlet.DispatcherServlet.doDispatch(DispatcherServlet.java:1088)
	at org.springframework.web.servlet.DispatcherServlet.doService(DispatcherServlet.java:978)
	at org.springframework.web.servlet.FrameworkServlet.processRequest(FrameworkServlet.java:1014)
	at org.springframework.web.servlet.FrameworkServlet.doGet(FrameworkServlet.java:903)
	at jakarta.servlet.http.HttpServlet.service(HttpServlet.java:564)
	at org.springframework.web.servlet.FrameworkServlet.service(FrameworkServlet.java:885)
	at jakarta.servlet.http.HttpServlet.service(HttpServlet.java:658)
	at org.apache.catalina.core.ApplicationFilterChain.internalDoFilter(ApplicationFilterChain.java:195)
	at org.apache.catalina.core.ApplicationFilterChain.doFilter(ApplicationFilterChain.java:140)
	at org.apache.tomcat.websocket.server.WsFilter.doFilter(WsFilter.java:51)
	at org.apache.catalina.core.ApplicationFilterChain.internalDoFilter(ApplicationFilterChain.java:164)
	at org.apache.catalina.core.ApplicationFilterChain.doFilter(ApplicationFilterChain.java:140)
	at org.springframework.web.filter.RequestContextFilter.doFilterInternal(RequestContextFilter.java:100)
	at org.springframework.web.filter.OncePerRequestFilter.doFilter(OncePerRequestFilter.java:116)
	at org.apache.catalina.core.ApplicationFilterChain.internalDoFilter(ApplicationFilterChain.java:164)
	at org.apache.catalina.core.ApplicationFilterChain.doFilter(ApplicationFilterChain.java:140)
	at org.springframework.web.filter.FormContentFilter.doFilterInternal(FormContentFilter.java:93)
	at org.springframework.web.filter.OncePerRequestFilter.doFilter(OncePerRequestFilter.java:116)
	at org.apache.catalina.core.ApplicationFilterChain.internalDoFilter(ApplicationFilterChain.java:164)
	at org.apache.catalina.core.ApplicationFilterChain.doFilter(ApplicationFilterChain.java:140)
	at org.springframework.web.filter.CharacterEncodingFilter.doFilterInternal(CharacterEncodingFilter.java:201)
	at org.springframework.web.filter.OncePerRequestFilter.doFilter(OncePerRequestFilter.java:116)
	at org.apache.catalina.core.ApplicationFilterChain.internalDoFilter(ApplicationFilterChain.java:164)
	at org.apache.catalina.core.ApplicationFilterChain.doFilter(ApplicationFilterChain.java:140)
	at org.apache.catalina.core.StandardWrapperValve.invoke(StandardWrapperValve.java:167)
	at org.apache.catalina.core.StandardContextValve.invoke(StandardContextValve.java:90)
	at org.apache.catalina.authenticator.AuthenticatorBase.invoke(AuthenticatorBase.java:483)
	at org.apache.catalina.core.StandardHostValve.invoke(StandardHostValve.java:115)
	at org.apache.catalina.valves.ErrorReportValve.invoke(ErrorReportValve.java:93)
	at org.apache.catalina.core.StandardEngineValve.invoke(StandardEngineValve.java:74)
	at org.apache.catalina.connector.CoyoteAdapter.service(CoyoteAdapter.java:344)
	at org.apache.coyote.http11.Http11Processor.service(Http11Processor.java:397)
	at org.apache.coyote.AbstractProcessorLight.process(AbstractProcessorLight.java:63)
	at org.apache.coyote.AbstractProtocol$ConnectionHandler.process(AbstractProtocol.java:905)
	at org.apache.tomcat.util.net.NioEndpoint$SocketProcessor.doRun(NioEndpoint.java:1741)
	at org.apache.tomcat.util.net.SocketProcessorBase.run(SocketProcessorBase.java:52)
	at org.apache.tomcat.util.threads.ThreadPoolExecutor.runWorker(ThreadPoolExecutor.java:1190)
	at org.apache.tomcat.util.threads.ThreadPoolExecutor$Worker.run(ThreadPoolExecutor.java:659)
	at org.apache.tomcat.util.threads.TaskThread$WrappingRunnable.run(TaskThread.java:63)
	at java.base/java.lang.Thread.run(Thread.java:842)
2025-01-28 14:45:32 [org.springframework.Pulsar.PulsarListenerEndpointContainer#0-0-C-1] INFO  c.personal.crud_pulsar.EventConsumer - EventConsumer::consumeTextEvent consumed events Fetched all users
2025-01-28 14:45:32 [org.springframework.Pulsar.PulsarListenerEndpointContainer#0-0-C-1] INFO  c.personal.crud_pulsar.EventConsumer - EventConsumer::consumeTextEvent consumed events AuditMessage(action=Fetch Users, description=Users fetched successfully, statusCode=200)
2025-01-28 14:45:32 [org.springframework.Pulsar.PulsarListenerEndpointContainer#0-0-C-1] INFO  c.personal.crud_pulsar.EventConsumer - EventConsumer::consumeTextEvent consumed events AuditMessage(action=Fetch Users, description=Internal server error, statusCode=500)
2025-01-28 14:46:24 [pulsar-timer-27-1] INFO  o.a.p.c.i.ConsumerStatsRecorderImpl - [persistent://public/default/jt-plain-topic] [my-subscription] [3add8] Prefetched messages: 0 --- Consume throughput received: 0.05 msgs/s --- 0.00 Mbit/s --- Ack sent rate: 0.05 ack/s --- Failed messages: 0 --- batch messages: 0 ---Failed acks: 0
2025-01-28 14:46:31 [pulsar-timer-27-1] INFO  o.a.p.c.i.ProducerStatsRecorderImpl - [persistent://public/default/jt-plain-topic] [standalone-0-0] --- Publish throughput: 0.05 msg/s --- 0.00 Mbit/s --- Latency: med: 18.000 ms - 95pct: 35.000 ms - 99pct: 35.000 ms - 99.9pct: 35.000 ms - max: 35.000 ms --- BatchSize: med: 1.000 - 95pct: 1.000 - 99pct: 1.000 - 99.9pct: 1.000 - max: 1.000 --- MsgSize: med: 83.000 bytes - 95pct: 88.000 bytes - 99pct: 88.000 bytes - 99.9pct: 88.000 bytes - max: 88.000 bytes --- Ack received rate: 0.05 ack/s --- Failed messages: 0 --- Pending messages: 0
2025-01-28 14:46:33 [pulsar-client-io-1-3] INFO  o.a.pulsar.client.impl.ProducerImpl - [persistent://public/default/jt-plain-topic] [standalone-0-0] Closed Producer
2025-01-28 14:46:44 [http-nio-9191-exec-4] INFO  c.p.crud_pulsar.HelloController - Fetching user with ID: 2
2025-01-28 14:46:44 [pulsar-client-io-1-3] INFO  o.a.p.c.i.ProducerStatsRecorderImpl - Starting Pulsar producer perf with config: {"topicName":"persistent://public/default/jt-plain-topic","producerName":null,"sendTimeoutMs":30000,"blockIfQueueFull":false,"maxPendingMessages":0,"maxPendingMessagesAcrossPartitions":0,"messageRoutingMode":"RoundRobinPartition","hashingScheme":"JavaStringHash","cryptoFailureAction":"FAIL","batchingMaxPublishDelayMicros":1000,"batchingPartitionSwitchFrequencyByPublishDelay":10,"batchingMaxMessages":1000,"batchingMaxBytes":131072,"batchingEnabled":true,"chunkingEnabled":false,"chunkMaxMessageSize":-1,"encryptionKeys":[],"compressionType":"NONE","initialSequenceId":null,"autoUpdatePartitions":true,"autoUpdatePartitionsIntervalSeconds":60,"multiSchema":true,"accessMode":"Shared","lazyStartPartitionedProducers":false,"properties":{},"initialSubscriptionName":null}
2025-01-28 14:46:44 [pulsar-client-io-1-3] INFO  o.a.p.c.i.ProducerStatsRecorderImpl - Pulsar client config: {"serviceUrl":"pulsar://localhost:6650","authPluginClassName":null,"authParams":null,"authParamMap":null,"operationTimeoutMs":30000,"lookupTimeoutMs":30000,"statsIntervalSeconds":60,"numIoThreads":8,"numListenerThreads":8,"connectionsPerBroker":1,"connectionMaxIdleSeconds":180,"useTcpNoDelay":true,"useTls":false,"tlsKeyFilePath":null,"tlsCertificateFilePath":null,"tlsTrustCertsFilePath":null,"tlsAllowInsecureConnection":false,"tlsHostnameVerificationEnable":false,"concurrentLookupRequest":5000,"maxLookupRequest":50000,"maxLookupRedirects":20,"maxNumberOfRejectedRequestPerConnection":50,"keepAliveIntervalSeconds":30,"connectionTimeoutMs":10000,"requestTimeoutMs":60000,"readTimeoutMs":60000,"autoCertRefreshSeconds":300,"initialBackoffIntervalNanos":100000000,"maxBackoffIntervalNanos":60000000000,"enableBusyWait":false,"listenerName":null,"useKeyStoreTls":false,"sslProvider":null,"tlsKeyStoreType":"JKS","tlsKeyStorePath":null,"tlsKeyStorePassword":null,"tlsTrustStoreType":"JKS","tlsTrustStorePath":null,"tlsTrustStorePassword":null,"tlsCiphers":[],"tlsProtocols":[],"memoryLimitBytes":67108864,"proxyServiceUrl":null,"proxyProtocol":null,"enableTransaction":false,"dnsLookupBindAddress":null,"dnsLookupBindPort":0,"socks5ProxyAddress":null,"socks5ProxyUsername":null,"socks5ProxyPassword":null,"description":null}
2025-01-28 14:46:44 [pulsar-client-io-1-3] INFO  o.a.pulsar.client.impl.ProducerImpl - [persistent://public/default/jt-plain-topic] [null] Creating producer on cnx [id: 0xe1f6321b, L:/127.0.0.1:53304 - R:localhost/127.0.0.1:6650]
2025-01-28 14:46:44 [pulsar-client-io-1-3] INFO  o.a.pulsar.client.impl.ProducerImpl - [persistent://public/default/jt-plain-topic] [standalone-0-1] Created producer on cnx [id: 0xe1f6321b, L:/127.0.0.1:53304 - R:localhost/127.0.0.1:6650]
2025-01-28 14:46:44 [http-nio-9191-exec-4] INFO  c.p.crud_pulsar.EventPublisher - EventPublisher::publishPlainMessage published the event: Fetched user: 2
2025-01-28 14:46:44 [http-nio-9191-exec-4] INFO  c.p.crud_pulsar.HelloController - User with ID: 2 found.
2025-01-28 14:46:44 [http-nio-9191-exec-4] INFO  c.p.crud_pulsar.EventPublisher - EventPublisher::publishPlainMessage published the event: AuditMessage(action=Fetch User, description=User found, statusCode=200)
2025-01-28 14:46:44 [http-nio-9191-exec-4] WARN  o.h.e.jdbc.spi.SqlExceptionHelper - SQL Error: 0, SQLState: 23502
2025-01-28 14:46:44 [http-nio-9191-exec-4] ERROR o.h.e.jdbc.spi.SqlExceptionHelper - ERROR: null value in column "status_code" of relation "audit_logs" violates not-null constraint
  Detail: Failing row contains (13, Fetch User, User found, null, 2025-01-28 14:46:44.703811, 200).
2025-01-28 14:46:44 [http-nio-9191-exec-4] ERROR o.a.c.c.C.[.[.[.[dispatcherServlet] - Servlet.service() for servlet [dispatcherServlet] in context with path [] threw exception [Request processing failed: org.springframework.dao.DataIntegrityViolationException: could not execute statement [ERROR: null value in column "status_code" of relation "audit_logs" violates not-null constraint
  Detail: Failing row contains (13, Fetch User, User found, null, 2025-01-28 14:46:44.703811, 200).] [insert into audit_logs (action,description,statusCode,timestamp) values (?,?,?,?)]; SQL [insert into audit_logs (action,description,statusCode,timestamp) values (?,?,?,?)]; constraint [status_code" of relation "audit_logs]] with root cause
org.postgresql.util.PSQLException: ERROR: null value in column "status_code" of relation "audit_logs" violates not-null constraint
  Detail: Failing row contains (13, Fetch User, User found, null, 2025-01-28 14:46:44.703811, 200).
	at org.postgresql.core.v3.QueryExecutorImpl.receiveErrorResponse(QueryExecutorImpl.java:2733)
	at org.postgresql.core.v3.QueryExecutorImpl.processResults(QueryExecutorImpl.java:2420)
	at org.postgresql.core.v3.QueryExecutorImpl.execute(QueryExecutorImpl.java:372)
	at org.postgresql.jdbc.PgStatement.executeInternal(PgStatement.java:517)
	at org.postgresql.jdbc.PgStatement.execute(PgStatement.java:434)
	at org.postgresql.jdbc.PgPreparedStatement.executeWithFlags(PgPreparedStatement.java:194)
	at org.postgresql.jdbc.PgPreparedStatement.executeUpdate(PgPreparedStatement.java:155)
	at com.zaxxer.hikari.pool.ProxyPreparedStatement.executeUpdate(ProxyPreparedStatement.java:61)
	at com.zaxxer.hikari.pool.HikariProxyPreparedStatement.executeUpdate(HikariProxyPreparedStatement.java)
	at org.hibernate.engine.jdbc.internal.ResultSetReturnImpl.executeUpdate(ResultSetReturnImpl.java:194)
	at org.hibernate.id.insert.GetGeneratedKeysDelegate.performMutation(GetGeneratedKeysDelegate.java:116)
	at org.hibernate.engine.jdbc.mutation.internal.MutationExecutorSingleNonBatched.performNonBatchedOperations(MutationExecutorSingleNonBatched.java:47)
	at org.hibernate.engine.jdbc.mutation.internal.AbstractMutationExecutor.execute(AbstractMutationExecutor.java:55)
	at org.hibernate.persister.entity.mutation.InsertCoordinatorStandard.doStaticInserts(InsertCoordinatorStandard.java:194)
	at org.hibernate.persister.entity.mutation.InsertCoordinatorStandard.coordinateInsert(InsertCoordinatorStandard.java:132)
	at org.hibernate.persister.entity.mutation.InsertCoordinatorStandard.insert(InsertCoordinatorStandard.java:95)
	at org.hibernate.action.internal.EntityIdentityInsertAction.execute(EntityIdentityInsertAction.java:85)
	at org.hibernate.engine.spi.ActionQueue.execute(ActionQueue.java:682)
	at org.hibernate.engine.spi.ActionQueue.addResolvedEntityInsertAction(ActionQueue.java:293)
	at org.hibernate.engine.spi.ActionQueue.addInsertAction(ActionQueue.java:274)
	at org.hibernate.engine.spi.ActionQueue.addAction(ActionQueue.java:324)
	at org.hibernate.event.internal.AbstractSaveEventListener.addInsertAction(AbstractSaveEventListener.java:393)
	at org.hibernate.event.internal.AbstractSaveEventListener.performSaveOrReplicate(AbstractSaveEventListener.java:307)
	at org.hibernate.event.internal.AbstractSaveEventListener.performSave(AbstractSaveEventListener.java:223)
	at org.hibernate.event.internal.AbstractSaveEventListener.saveWithGeneratedId(AbstractSaveEventListener.java:136)
	at org.hibernate.event.internal.DefaultPersistEventListener.entityIsTransient(DefaultPersistEventListener.java:177)
	at org.hibernate.event.internal.DefaultPersistEventListener.persist(DefaultPersistEventListener.java:95)
	at org.hibernate.event.internal.DefaultPersistEventListener.onPersist(DefaultPersistEventListener.java:79)
	at org.hibernate.event.internal.DefaultPersistEventListener.onPersist(DefaultPersistEventListener.java:55)
	at org.hibernate.event.service.internal.EventListenerGroupImpl.fireEventOnEachListener(EventListenerGroupImpl.java:127)
	at org.hibernate.internal.SessionImpl.firePersist(SessionImpl.java:761)
	at org.hibernate.internal.SessionImpl.persist(SessionImpl.java:745)
	at java.base/jdk.internal.reflect.NativeMethodAccessorImpl.invoke0(Native Method)
	at java.base/jdk.internal.reflect.NativeMethodAccessorImpl.invoke(NativeMethodAccessorImpl.java:77)
	at java.base/jdk.internal.reflect.DelegatingMethodAccessorImpl.invoke(DelegatingMethodAccessorImpl.java:43)
	at java.base/java.lang.reflect.Method.invoke(Method.java:568)
	at org.springframework.orm.jpa.ExtendedEntityManagerCreator$ExtendedEntityManagerInvocationHandler.invoke(ExtendedEntityManagerCreator.java:364)
	at jdk.proxy4/jdk.proxy4.$Proxy133.persist(Unknown Source)
	at java.base/jdk.internal.reflect.NativeMethodAccessorImpl.invoke0(Native Method)
	at java.base/jdk.internal.reflect.NativeMethodAccessorImpl.invoke(NativeMethodAccessorImpl.java:77)
	at java.base/jdk.internal.reflect.DelegatingMethodAccessorImpl.invoke(DelegatingMethodAccessorImpl.java:43)
	at java.base/java.lang.reflect.Method.invoke(Method.java:568)
	at org.springframework.orm.jpa.SharedEntityManagerCreator$SharedEntityManagerInvocationHandler.invoke(SharedEntityManagerCreator.java:320)
	at jdk.proxy4/jdk.proxy4.$Proxy133.persist(Unknown Source)
	at org.springframework.data.jpa.repository.support.SimpleJpaRepository.save(SimpleJpaRepository.java:627)
	at java.base/jdk.internal.reflect.NativeMethodAccessorImpl.invoke0(Native Method)
	at java.base/jdk.internal.reflect.NativeMethodAccessorImpl.invoke(NativeMethodAccessorImpl.java:77)
	at java.base/jdk.internal.reflect.DelegatingMethodAccessorImpl.invoke(DelegatingMethodAccessorImpl.java:43)
	at java.base/java.lang.reflect.Method.invoke(Method.java:568)
	at org.springframework.aop.support.AopUtils.invokeJoinpointUsingReflection(AopUtils.java:359)
	at org.springframework.data.repository.core.support.RepositoryMethodInvoker$RepositoryFragmentMethodInvoker.lambda$new$0(RepositoryMethodInvoker.java:277)
	at org.springframework.data.repository.core.support.RepositoryMethodInvoker.doInvoke(RepositoryMethodInvoker.java:170)
	at org.springframework.data.repository.core.support.RepositoryMethodInvoker.invoke(RepositoryMethodInvoker.java:158)
	at org.springframework.data.repository.core.support.RepositoryComposition$RepositoryFragments.invoke(RepositoryComposition.java:515)
	at org.springframework.data.repository.core.support.RepositoryComposition.invoke(RepositoryComposition.java:284)
	at org.springframework.data.repository.core.support.RepositoryFactorySupport$ImplementationMethodExecutionInterceptor.invoke(RepositoryFactorySupport.java:752)
	at org.springframework.aop.framework.ReflectiveMethodInvocation.proceed(ReflectiveMethodInvocation.java:184)
	at org.springframework.data.repository.core.support.QueryExecutorMethodInterceptor.doInvoke(QueryExecutorMethodInterceptor.java:174)
	at org.springframework.data.repository.core.support.QueryExecutorMethodInterceptor.invoke(QueryExecutorMethodInterceptor.java:149)
	at org.springframework.aop.framework.ReflectiveMethodInvocation.proceed(ReflectiveMethodInvocation.java:184)
	at org.springframework.data.projection.DefaultMethodInvokingMethodInterceptor.invoke(DefaultMethodInvokingMethodInterceptor.java:69)
	at org.springframework.aop.framework.ReflectiveMethodInvocation.proceed(ReflectiveMethodInvocation.java:184)
	at org.springframework.transaction.interceptor.TransactionAspectSupport.invokeWithinTransaction(TransactionAspectSupport.java:380)
	at org.springframework.transaction.interceptor.TransactionInterceptor.invoke(TransactionInterceptor.java:119)
	at org.springframework.aop.framework.ReflectiveMethodInvocation.proceed(ReflectiveMethodInvocation.java:184)
	at org.springframework.dao.support.PersistenceExceptionTranslationInterceptor.invoke(PersistenceExceptionTranslationInterceptor.java:138)
	at org.springframework.aop.framework.ReflectiveMethodInvocation.proceed(ReflectiveMethodInvocation.java:184)
	at org.springframework.data.jpa.repository.support.CrudMethodMetadataPostProcessor$CrudMethodMetadataPopulatingMethodInterceptor.invoke(CrudMethodMetadataPostProcessor.java:165)
	at org.springframework.aop.framework.ReflectiveMethodInvocation.proceed(ReflectiveMethodInvocation.java:184)
	at org.springframework.data.repository.core.support.MethodInvocationValidator.invoke(MethodInvocationValidator.java:96)
	at org.springframework.aop.framework.ReflectiveMethodInvocation.proceed(ReflectiveMethodInvocation.java:184)
	at org.springframework.aop.framework.JdkDynamicAopProxy.invoke(JdkDynamicAopProxy.java:223)
	at jdk.proxy4/jdk.proxy4.$Proxy137.save(Unknown Source)
	at com.personal.crud_pulsar.AuditLogService.saveAuditLog(AuditLogService.kt:9)
	at com.personal.crud_pulsar.HelloController.publishAuditEvent(HelloController.kt:298)
	at com.personal.crud_pulsar.HelloController.access$publishAuditEvent(HelloController.kt:151)
	at com.personal.crud_pulsar.HelloController$getUser$1.invoke(HelloController.kt:206)
	at com.personal.crud_pulsar.HelloController$getUser$1.invoke(HelloController.kt:203)
	at com.personal.crud_pulsar.HelloController.getUser$lambda$1(HelloController.kt:203)
	at java.base/java.util.Optional.map(Optional.java:260)
	at com.personal.crud_pulsar.HelloController.getUser(HelloController.kt:203)
	at java.base/jdk.internal.reflect.NativeMethodAccessorImpl.invoke0(Native Method)
	at java.base/jdk.internal.reflect.NativeMethodAccessorImpl.invoke(NativeMethodAccessorImpl.java:77)
	at java.base/jdk.internal.reflect.DelegatingMethodAccessorImpl.invoke(DelegatingMethodAccessorImpl.java:43)
	at java.base/java.lang.reflect.Method.invoke(Method.java:568)
	at kotlin.reflect.jvm.internal.calls.CallerImpl$Method.callMethod(CallerImpl.kt:97)
	at kotlin.reflect.jvm.internal.calls.CallerImpl$Method$Instance.call(CallerImpl.kt:113)
	at kotlin.reflect.jvm.internal.KCallableImpl.callDefaultMethod$kotlin_reflection(KCallableImpl.kt:207)
	at kotlin.reflect.jvm.internal.KCallableImpl.callBy(KCallableImpl.kt:112)
	at org.springframework.web.method.support.InvocableHandlerMethod$KotlinDelegate.invokeFunction(InvocableHandlerMethod.java:337)
	at org.springframework.web.method.support.InvocableHandlerMethod.doInvoke(InvocableHandlerMethod.java:254)
	at org.springframework.web.method.support.InvocableHandlerMethod.invokeForRequest(InvocableHandlerMethod.java:190)
	at org.springframework.web.servlet.mvc.method.annotation.ServletInvocableHandlerMethod.invokeAndHandle(ServletInvocableHandlerMethod.java:118)
	at org.springframework.web.servlet.mvc.method.annotation.RequestMappingHandlerAdapter.invokeHandlerMethod(RequestMappingHandlerAdapter.java:986)
	at org.springframework.web.servlet.mvc.method.annotation.RequestMappingHandlerAdapter.handleInternal(RequestMappingHandlerAdapter.java:891)
	at org.springframework.web.servlet.mvc.method.AbstractHandlerMethodAdapter.handle(AbstractHandlerMethodAdapter.java:87)
	at org.springframework.web.servlet.DispatcherServlet.doDispatch(DispatcherServlet.java:1088)
	at org.springframework.web.servlet.DispatcherServlet.doService(DispatcherServlet.java:978)
	at org.springframework.web.servlet.FrameworkServlet.processRequest(FrameworkServlet.java:1014)
	at org.springframework.web.servlet.FrameworkServlet.doGet(FrameworkServlet.java:903)
	at jakarta.servlet.http.HttpServlet.service(HttpServlet.java:564)
	at org.springframework.web.servlet.FrameworkServlet.service(FrameworkServlet.java:885)
	at jakarta.servlet.http.HttpServlet.service(HttpServlet.java:658)
	at org.apache.catalina.core.ApplicationFilterChain.internalDoFilter(ApplicationFilterChain.java:195)
	at org.apache.catalina.core.ApplicationFilterChain.doFilter(ApplicationFilterChain.java:140)
	at org.apache.tomcat.websocket.server.WsFilter.doFilter(WsFilter.java:51)
	at org.apache.catalina.core.ApplicationFilterChain.internalDoFilter(ApplicationFilterChain.java:164)
	at org.apache.catalina.core.ApplicationFilterChain.doFilter(ApplicationFilterChain.java:140)
	at org.springframework.web.filter.RequestContextFilter.doFilterInternal(RequestContextFilter.java:100)
	at org.springframework.web.filter.OncePerRequestFilter.doFilter(OncePerRequestFilter.java:116)
	at org.apache.catalina.core.ApplicationFilterChain.internalDoFilter(ApplicationFilterChain.java:164)
	at org.apache.catalina.core.ApplicationFilterChain.doFilter(ApplicationFilterChain.java:140)
	at org.springframework.web.filter.FormContentFilter.doFilterInternal(FormContentFilter.java:93)
	at org.springframework.web.filter.OncePerRequestFilter.doFilter(OncePerRequestFilter.java:116)
	at org.apache.catalina.core.ApplicationFilterChain.internalDoFilter(ApplicationFilterChain.java:164)
	at org.apache.catalina.core.ApplicationFilterChain.doFilter(ApplicationFilterChain.java:140)
	at org.springframework.web.filter.CharacterEncodingFilter.doFilterInternal(CharacterEncodingFilter.java:201)
	at org.springframework.web.filter.OncePerRequestFilter.doFilter(OncePerRequestFilter.java:116)
	at org.apache.catalina.core.ApplicationFilterChain.internalDoFilter(ApplicationFilterChain.java:164)
	at org.apache.catalina.core.ApplicationFilterChain.doFilter(ApplicationFilterChain.java:140)
	at org.apache.catalina.core.StandardWrapperValve.invoke(StandardWrapperValve.java:167)
	at org.apache.catalina.core.StandardContextValve.invoke(StandardContextValve.java:90)
	at org.apache.catalina.authenticator.AuthenticatorBase.invoke(AuthenticatorBase.java:483)
	at org.apache.catalina.core.StandardHostValve.invoke(StandardHostValve.java:115)
	at org.apache.catalina.valves.ErrorReportValve.invoke(ErrorReportValve.java:93)
	at org.apache.catalina.core.StandardEngineValve.invoke(StandardEngineValve.java:74)
	at org.apache.catalina.connector.CoyoteAdapter.service(CoyoteAdapter.java:344)
	at org.apache.coyote.http11.Http11Processor.service(Http11Processor.java:397)
	at org.apache.coyote.AbstractProcessorLight.process(AbstractProcessorLight.java:63)
	at org.apache.coyote.AbstractProtocol$ConnectionHandler.process(AbstractProtocol.java:905)
	at org.apache.tomcat.util.net.NioEndpoint$SocketProcessor.doRun(NioEndpoint.java:1741)
	at org.apache.tomcat.util.net.SocketProcessorBase.run(SocketProcessorBase.java:52)
	at org.apache.tomcat.util.threads.ThreadPoolExecutor.runWorker(ThreadPoolExecutor.java:1190)
	at org.apache.tomcat.util.threads.ThreadPoolExecutor$Worker.run(ThreadPoolExecutor.java:659)
	at org.apache.tomcat.util.threads.TaskThread$WrappingRunnable.run(TaskThread.java:63)
	at java.base/java.lang.Thread.run(Thread.java:842)
2025-01-28 14:46:44 [org.springframework.Pulsar.PulsarListenerEndpointContainer#0-0-C-1] INFO  c.personal.crud_pulsar.EventConsumer - EventConsumer::consumeTextEvent consumed events Fetched user: 2
2025-01-28 14:46:44 [org.springframework.Pulsar.PulsarListenerEndpointContainer#0-0-C-1] INFO  c.personal.crud_pulsar.EventConsumer - EventConsumer::consumeTextEvent consumed events AuditMessage(action=Fetch User, description=User found, statusCode=200)
2025-01-28 14:46:54 [http-nio-9191-exec-6] INFO  c.p.crud_pulsar.HelloController - Fetching all users
2025-01-28 14:46:54 [http-nio-9191-exec-6] INFO  c.p.crud_pulsar.EventPublisher - EventPublisher::publishPlainMessage published the event: Fetched all users
2025-01-28 14:46:54 [http-nio-9191-exec-6] INFO  c.p.crud_pulsar.EventPublisher - EventPublisher::publishPlainMessage published the event: AuditMessage(action=Fetch Users, description=Users fetched successfully, statusCode=200)
2025-01-28 14:46:54 [http-nio-9191-exec-6] WARN  o.h.e.jdbc.spi.SqlExceptionHelper - SQL Error: 0, SQLState: 23502
2025-01-28 14:46:54 [http-nio-9191-exec-6] ERROR o.h.e.jdbc.spi.SqlExceptionHelper - ERROR: null value in column "status_code" of relation "audit_logs" violates not-null constraint
  Detail: Failing row contains (14, Fetch Users, Users fetched successfully, null, 2025-01-28 14:46:54.22989, 200).
2025-01-28 14:46:54 [http-nio-9191-exec-6] ERROR c.p.crud_pulsar.HelloController - Internal server error while fetching users
org.springframework.dao.DataIntegrityViolationException: could not execute statement [ERROR: null value in column "status_code" of relation "audit_logs" violates not-null constraint
  Detail: Failing row contains (14, Fetch Users, Users fetched successfully, null, 2025-01-28 14:46:54.22989, 200).] [insert into audit_logs (action,description,statusCode,timestamp) values (?,?,?,?)]; SQL [insert into audit_logs (action,description,statusCode,timestamp) values (?,?,?,?)]; constraint [status_code" of relation "audit_logs]
	at org.springframework.orm.jpa.vendor.HibernateJpaDialect.convertHibernateAccessException(HibernateJpaDialect.java:290)
	at org.springframework.orm.jpa.vendor.HibernateJpaDialect.translateExceptionIfPossible(HibernateJpaDialect.java:241)
	at org.springframework.orm.jpa.AbstractEntityManagerFactoryBean.translateExceptionIfPossible(AbstractEntityManagerFactoryBean.java:560)
	at org.springframework.dao.support.ChainedPersistenceExceptionTranslator.translateExceptionIfPossible(ChainedPersistenceExceptionTranslator.java:61)
	at org.springframework.dao.support.DataAccessUtils.translateIfNecessary(DataAccessUtils.java:343)
	at org.springframework.dao.support.PersistenceExceptionTranslationInterceptor.invoke(PersistenceExceptionTranslationInterceptor.java:160)
	at org.springframework.aop.framework.ReflectiveMethodInvocation.proceed(ReflectiveMethodInvocation.java:184)
	at org.springframework.data.jpa.repository.support.CrudMethodMetadataPostProcessor$CrudMethodMetadataPopulatingMethodInterceptor.invoke(CrudMethodMetadataPostProcessor.java:165)
	at org.springframework.aop.framework.ReflectiveMethodInvocation.proceed(ReflectiveMethodInvocation.java:184)
	at org.springframework.data.repository.core.support.MethodInvocationValidator.invoke(MethodInvocationValidator.java:96)
	at org.springframework.aop.framework.ReflectiveMethodInvocation.proceed(ReflectiveMethodInvocation.java:184)
	at org.springframework.aop.framework.JdkDynamicAopProxy.invoke(JdkDynamicAopProxy.java:223)
	at jdk.proxy4/jdk.proxy4.$Proxy137.save(Unknown Source)
	at com.personal.crud_pulsar.AuditLogService.saveAuditLog(AuditLogService.kt:9)
	at com.personal.crud_pulsar.HelloController.publishAuditEvent(HelloController.kt:298)
	at com.personal.crud_pulsar.HelloController.listUsers(HelloController.kt:191)
	at java.base/jdk.internal.reflect.NativeMethodAccessorImpl.invoke0(Native Method)
	at java.base/jdk.internal.reflect.NativeMethodAccessorImpl.invoke(NativeMethodAccessorImpl.java:77)
	at java.base/jdk.internal.reflect.DelegatingMethodAccessorImpl.invoke(DelegatingMethodAccessorImpl.java:43)
	at java.base/java.lang.reflect.Method.invoke(Method.java:568)
	at kotlin.reflect.jvm.internal.calls.CallerImpl$Method.callMethod(CallerImpl.kt:97)
	at kotlin.reflect.jvm.internal.calls.CallerImpl$Method$Instance.call(CallerImpl.kt:113)
	at kotlin.reflect.jvm.internal.KCallableImpl.callDefaultMethod$kotlin_reflection(KCallableImpl.kt:207)
	at kotlin.reflect.jvm.internal.KCallableImpl.callBy(KCallableImpl.kt:112)
	at org.springframework.web.method.support.InvocableHandlerMethod$KotlinDelegate.invokeFunction(InvocableHandlerMethod.java:337)
	at org.springframework.web.method.support.InvocableHandlerMethod.doInvoke(InvocableHandlerMethod.java:254)
	at org.springframework.web.method.support.InvocableHandlerMethod.invokeForRequest(InvocableHandlerMethod.java:190)
	at org.springframework.web.servlet.mvc.method.annotation.ServletInvocableHandlerMethod.invokeAndHandle(ServletInvocableHandlerMethod.java:118)
	at org.springframework.web.servlet.mvc.method.annotation.RequestMappingHandlerAdapter.invokeHandlerMethod(RequestMappingHandlerAdapter.java:986)
	at org.springframework.web.servlet.mvc.method.annotation.RequestMappingHandlerAdapter.handleInternal(RequestMappingHandlerAdapter.java:891)
	at org.springframework.web.servlet.mvc.method.AbstractHandlerMethodAdapter.handle(AbstractHandlerMethodAdapter.java:87)
	at org.springframework.web.servlet.DispatcherServlet.doDispatch(DispatcherServlet.java:1088)
	at org.springframework.web.servlet.DispatcherServlet.doService(DispatcherServlet.java:978)
	at org.springframework.web.servlet.FrameworkServlet.processRequest(FrameworkServlet.java:1014)
	at org.springframework.web.servlet.FrameworkServlet.doGet(FrameworkServlet.java:903)
	at jakarta.servlet.http.HttpServlet.service(HttpServlet.java:564)
	at org.springframework.web.servlet.FrameworkServlet.service(FrameworkServlet.java:885)
	at jakarta.servlet.http.HttpServlet.service(HttpServlet.java:658)
	at org.apache.catalina.core.ApplicationFilterChain.internalDoFilter(ApplicationFilterChain.java:195)
	at org.apache.catalina.core.ApplicationFilterChain.doFilter(ApplicationFilterChain.java:140)
	at org.apache.tomcat.websocket.server.WsFilter.doFilter(WsFilter.java:51)
	at org.apache.catalina.core.ApplicationFilterChain.internalDoFilter(ApplicationFilterChain.java:164)
	at org.apache.catalina.core.ApplicationFilterChain.doFilter(ApplicationFilterChain.java:140)
	at org.springframework.web.filter.RequestContextFilter.doFilterInternal(RequestContextFilter.java:100)
	at org.springframework.web.filter.OncePerRequestFilter.doFilter(OncePerRequestFilter.java:116)
	at org.apache.catalina.core.ApplicationFilterChain.internalDoFilter(ApplicationFilterChain.java:164)
	at org.apache.catalina.core.ApplicationFilterChain.doFilter(ApplicationFilterChain.java:140)
	at org.springframework.web.filter.FormContentFilter.doFilterInternal(FormContentFilter.java:93)
	at org.springframework.web.filter.OncePerRequestFilter.doFilter(OncePerRequestFilter.java:116)
	at org.apache.catalina.core.ApplicationFilterChain.internalDoFilter(ApplicationFilterChain.java:164)
	at org.apache.catalina.core.ApplicationFilterChain.doFilter(ApplicationFilterChain.java:140)
	at org.springframework.web.filter.CharacterEncodingFilter.doFilterInternal(CharacterEncodingFilter.java:201)
	at org.springframework.web.filter.OncePerRequestFilter.doFilter(OncePerRequestFilter.java:116)
	at org.apache.catalina.core.ApplicationFilterChain.internalDoFilter(ApplicationFilterChain.java:164)
	at org.apache.catalina.core.ApplicationFilterChain.doFilter(ApplicationFilterChain.java:140)
	at org.apache.catalina.core.StandardWrapperValve.invoke(StandardWrapperValve.java:167)
	at org.apache.catalina.core.StandardContextValve.invoke(StandardContextValve.java:90)
	at org.apache.catalina.authenticator.AuthenticatorBase.invoke(AuthenticatorBase.java:483)
	at org.apache.catalina.core.StandardHostValve.invoke(StandardHostValve.java:115)
	at org.apache.catalina.valves.ErrorReportValve.invoke(ErrorReportValve.java:93)
	at org.apache.catalina.core.StandardEngineValve.invoke(StandardEngineValve.java:74)
	at org.apache.catalina.connector.CoyoteAdapter.service(CoyoteAdapter.java:344)
	at org.apache.coyote.http11.Http11Processor.service(Http11Processor.java:397)
	at org.apache.coyote.AbstractProcessorLight.process(AbstractProcessorLight.java:63)
	at org.apache.coyote.AbstractProtocol$ConnectionHandler.process(AbstractProtocol.java:905)
	at org.apache.tomcat.util.net.NioEndpoint$SocketProcessor.doRun(NioEndpoint.java:1741)
	at org.apache.tomcat.util.net.SocketProcessorBase.run(SocketProcessorBase.java:52)
	at org.apache.tomcat.util.threads.ThreadPoolExecutor.runWorker(ThreadPoolExecutor.java:1190)
	at org.apache.tomcat.util.threads.ThreadPoolExecutor$Worker.run(ThreadPoolExecutor.java:659)
	at org.apache.tomcat.util.threads.TaskThread$WrappingRunnable.run(TaskThread.java:63)
	at java.base/java.lang.Thread.run(Thread.java:842)
Caused by: org.hibernate.exception.ConstraintViolationException: could not execute statement [ERROR: null value in column "status_code" of relation "audit_logs" violates not-null constraint
  Detail: Failing row contains (14, Fetch Users, Users fetched successfully, null, 2025-01-28 14:46:54.22989, 200).] [insert into audit_logs (action,description,statusCode,timestamp) values (?,?,?,?)]
	at org.hibernate.exception.internal.SQLStateConversionDelegate.convert(SQLStateConversionDelegate.java:97)
	at org.hibernate.exception.internal.StandardSQLExceptionConverter.convert(StandardSQLExceptionConverter.java:58)
	at org.hibernate.engine.jdbc.spi.SqlExceptionHelper.convert(SqlExceptionHelper.java:108)
	at org.hibernate.engine.jdbc.internal.ResultSetReturnImpl.executeUpdate(ResultSetReturnImpl.java:197)
	at org.hibernate.id.insert.GetGeneratedKeysDelegate.performMutation(GetGeneratedKeysDelegate.java:116)
	at org.hibernate.engine.jdbc.mutation.internal.MutationExecutorSingleNonBatched.performNonBatchedOperations(MutationExecutorSingleNonBatched.java:47)
	at org.hibernate.engine.jdbc.mutation.internal.AbstractMutationExecutor.execute(AbstractMutationExecutor.java:55)
	at org.hibernate.persister.entity.mutation.InsertCoordinatorStandard.doStaticInserts(InsertCoordinatorStandard.java:194)
	at org.hibernate.persister.entity.mutation.InsertCoordinatorStandard.coordinateInsert(InsertCoordinatorStandard.java:132)
	at org.hibernate.persister.entity.mutation.InsertCoordinatorStandard.insert(InsertCoordinatorStandard.java:95)
	at org.hibernate.action.internal.EntityIdentityInsertAction.execute(EntityIdentityInsertAction.java:85)
	at org.hibernate.engine.spi.ActionQueue.execute(ActionQueue.java:682)
	at org.hibernate.engine.spi.ActionQueue.addResolvedEntityInsertAction(ActionQueue.java:293)
	at org.hibernate.engine.spi.ActionQueue.addInsertAction(ActionQueue.java:274)
	at org.hibernate.engine.spi.ActionQueue.addAction(ActionQueue.java:324)
	at org.hibernate.event.internal.AbstractSaveEventListener.addInsertAction(AbstractSaveEventListener.java:393)
	at org.hibernate.event.internal.AbstractSaveEventListener.performSaveOrReplicate(AbstractSaveEventListener.java:307)
	at org.hibernate.event.internal.AbstractSaveEventListener.performSave(AbstractSaveEventListener.java:223)
	at org.hibernate.event.internal.AbstractSaveEventListener.saveWithGeneratedId(AbstractSaveEventListener.java:136)
	at org.hibernate.event.internal.DefaultPersistEventListener.entityIsTransient(DefaultPersistEventListener.java:177)
	at org.hibernate.event.internal.DefaultPersistEventListener.persist(DefaultPersistEventListener.java:95)
	at org.hibernate.event.internal.DefaultPersistEventListener.onPersist(DefaultPersistEventListener.java:79)
	at org.hibernate.event.internal.DefaultPersistEventListener.onPersist(DefaultPersistEventListener.java:55)
	at org.hibernate.event.service.internal.EventListenerGroupImpl.fireEventOnEachListener(EventListenerGroupImpl.java:127)
	at org.hibernate.internal.SessionImpl.firePersist(SessionImpl.java:761)
	at org.hibernate.internal.SessionImpl.persist(SessionImpl.java:745)
	at java.base/jdk.internal.reflect.NativeMethodAccessorImpl.invoke0(Native Method)
	at java.base/jdk.internal.reflect.NativeMethodAccessorImpl.invoke(NativeMethodAccessorImpl.java:77)
	at java.base/jdk.internal.reflect.DelegatingMethodAccessorImpl.invoke(DelegatingMethodAccessorImpl.java:43)
	at java.base/java.lang.reflect.Method.invoke(Method.java:568)
	at org.springframework.orm.jpa.ExtendedEntityManagerCreator$ExtendedEntityManagerInvocationHandler.invoke(ExtendedEntityManagerCreator.java:364)
	at jdk.proxy4/jdk.proxy4.$Proxy133.persist(Unknown Source)
	at java.base/jdk.internal.reflect.NativeMethodAccessorImpl.invoke0(Native Method)
	at java.base/jdk.internal.reflect.NativeMethodAccessorImpl.invoke(NativeMethodAccessorImpl.java:77)
	at java.base/jdk.internal.reflect.DelegatingMethodAccessorImpl.invoke(DelegatingMethodAccessorImpl.java:43)
	at java.base/java.lang.reflect.Method.invoke(Method.java:568)
	at org.springframework.orm.jpa.SharedEntityManagerCreator$SharedEntityManagerInvocationHandler.invoke(SharedEntityManagerCreator.java:320)
	at jdk.proxy4/jdk.proxy4.$Proxy133.persist(Unknown Source)
	at org.springframework.data.jpa.repository.support.SimpleJpaRepository.save(SimpleJpaRepository.java:627)
	at java.base/jdk.internal.reflect.NativeMethodAccessorImpl.invoke0(Native Method)
	at java.base/jdk.internal.reflect.NativeMethodAccessorImpl.invoke(NativeMethodAccessorImpl.java:77)
	at java.base/jdk.internal.reflect.DelegatingMethodAccessorImpl.invoke(DelegatingMethodAccessorImpl.java:43)
	at java.base/java.lang.reflect.Method.invoke(Method.java:568)
	at org.springframework.aop.support.AopUtils.invokeJoinpointUsingReflection(AopUtils.java:359)
	at org.springframework.data.repository.core.support.RepositoryMethodInvoker$RepositoryFragmentMethodInvoker.lambda$new$0(RepositoryMethodInvoker.java:277)
	at org.springframework.data.repository.core.support.RepositoryMethodInvoker.doInvoke(RepositoryMethodInvoker.java:170)
	at org.springframework.data.repository.core.support.RepositoryMethodInvoker.invoke(RepositoryMethodInvoker.java:158)
	at org.springframework.data.repository.core.support.RepositoryComposition$RepositoryFragments.invoke(RepositoryComposition.java:515)
	at org.springframework.data.repository.core.support.RepositoryComposition.invoke(RepositoryComposition.java:284)
	at org.springframework.data.repository.core.support.RepositoryFactorySupport$ImplementationMethodExecutionInterceptor.invoke(RepositoryFactorySupport.java:752)
	at org.springframework.aop.framework.ReflectiveMethodInvocation.proceed(ReflectiveMethodInvocation.java:184)
	at org.springframework.data.repository.core.support.QueryExecutorMethodInterceptor.doInvoke(QueryExecutorMethodInterceptor.java:174)
	at org.springframework.data.repository.core.support.QueryExecutorMethodInterceptor.invoke(QueryExecutorMethodInterceptor.java:149)
	at org.springframework.aop.framework.ReflectiveMethodInvocation.proceed(ReflectiveMethodInvocation.java:184)
	at org.springframework.data.projection.DefaultMethodInvokingMethodInterceptor.invoke(DefaultMethodInvokingMethodInterceptor.java:69)
	at org.springframework.aop.framework.ReflectiveMethodInvocation.proceed(ReflectiveMethodInvocation.java:184)
	at org.springframework.transaction.interceptor.TransactionAspectSupport.invokeWithinTransaction(TransactionAspectSupport.java:380)
	at org.springframework.transaction.interceptor.TransactionInterceptor.invoke(TransactionInterceptor.java:119)
	at org.springframework.aop.framework.ReflectiveMethodInvocation.proceed(ReflectiveMethodInvocation.java:184)
	at org.springframework.dao.support.PersistenceExceptionTranslationInterceptor.invoke(PersistenceExceptionTranslationInterceptor.java:138)
	... 65 common frames omitted
Caused by: org.postgresql.util.PSQLException: ERROR: null value in column "status_code" of relation "audit_logs" violates not-null constraint
  Detail: Failing row contains (14, Fetch Users, Users fetched successfully, null, 2025-01-28 14:46:54.22989, 200).
	at org.postgresql.core.v3.QueryExecutorImpl.receiveErrorResponse(QueryExecutorImpl.java:2733)
	at org.postgresql.core.v3.QueryExecutorImpl.processResults(QueryExecutorImpl.java:2420)
	at org.postgresql.core.v3.QueryExecutorImpl.execute(QueryExecutorImpl.java:372)
	at org.postgresql.jdbc.PgStatement.executeInternal(PgStatement.java:517)
	at org.postgresql.jdbc.PgStatement.execute(PgStatement.java:434)
	at org.postgresql.jdbc.PgPreparedStatement.executeWithFlags(PgPreparedStatement.java:194)
	at org.postgresql.jdbc.PgPreparedStatement.executeUpdate(PgPreparedStatement.java:155)
	at com.zaxxer.hikari.pool.ProxyPreparedStatement.executeUpdate(ProxyPreparedStatement.java:61)
	at com.zaxxer.hikari.pool.HikariProxyPreparedStatement.executeUpdate(HikariProxyPreparedStatement.java)
	at org.hibernate.engine.jdbc.internal.ResultSetReturnImpl.executeUpdate(ResultSetReturnImpl.java:194)
	... 121 common frames omitted
2025-01-28 14:46:54 [http-nio-9191-exec-6] INFO  c.p.crud_pulsar.EventPublisher - EventPublisher::publishPlainMessage published the event: AuditMessage(action=Fetch Users, description=Internal server error, statusCode=500)
2025-01-28 14:46:54 [http-nio-9191-exec-6] WARN  o.h.e.jdbc.spi.SqlExceptionHelper - SQL Error: 0, SQLState: 23502
2025-01-28 14:46:54 [http-nio-9191-exec-6] ERROR o.h.e.jdbc.spi.SqlExceptionHelper - ERROR: null value in column "status_code" of relation "audit_logs" violates not-null constraint
  Detail: Failing row contains (15, Fetch Users, Internal server error, null, 2025-01-28 14:46:54.247731, 500).
2025-01-28 14:46:54 [http-nio-9191-exec-6] ERROR o.a.c.c.C.[.[.[.[dispatcherServlet] - Servlet.service() for servlet [dispatcherServlet] in context with path [] threw exception [Request processing failed: org.springframework.dao.DataIntegrityViolationException: could not execute statement [ERROR: null value in column "status_code" of relation "audit_logs" violates not-null constraint
  Detail: Failing row contains (15, Fetch Users, Internal server error, null, 2025-01-28 14:46:54.247731, 500).] [insert into audit_logs (action,description,statusCode,timestamp) values (?,?,?,?)]; SQL [insert into audit_logs (action,description,statusCode,timestamp) values (?,?,?,?)]; constraint [status_code" of relation "audit_logs]] with root cause
org.postgresql.util.PSQLException: ERROR: null value in column "status_code" of relation "audit_logs" violates not-null constraint
  Detail: Failing row contains (15, Fetch Users, Internal server error, null, 2025-01-28 14:46:54.247731, 500).
	at org.postgresql.core.v3.QueryExecutorImpl.receiveErrorResponse(QueryExecutorImpl.java:2733)
	at org.postgresql.core.v3.QueryExecutorImpl.processResults(QueryExecutorImpl.java:2420)
	at org.postgresql.core.v3.QueryExecutorImpl.execute(QueryExecutorImpl.java:372)
	at org.postgresql.jdbc.PgStatement.executeInternal(PgStatement.java:517)
	at org.postgresql.jdbc.PgStatement.execute(PgStatement.java:434)
	at org.postgresql.jdbc.PgPreparedStatement.executeWithFlags(PgPreparedStatement.java:194)
	at org.postgresql.jdbc.PgPreparedStatement.executeUpdate(PgPreparedStatement.java:155)
	at com.zaxxer.hikari.pool.ProxyPreparedStatement.executeUpdate(ProxyPreparedStatement.java:61)
	at com.zaxxer.hikari.pool.HikariProxyPreparedStatement.executeUpdate(HikariProxyPreparedStatement.java)
	at org.hibernate.engine.jdbc.internal.ResultSetReturnImpl.executeUpdate(ResultSetReturnImpl.java:194)
	at org.hibernate.id.insert.GetGeneratedKeysDelegate.performMutation(GetGeneratedKeysDelegate.java:116)
	at org.hibernate.engine.jdbc.mutation.internal.MutationExecutorSingleNonBatched.performNonBatchedOperations(MutationExecutorSingleNonBatched.java:47)
	at org.hibernate.engine.jdbc.mutation.internal.AbstractMutationExecutor.execute(AbstractMutationExecutor.java:55)
	at org.hibernate.persister.entity.mutation.InsertCoordinatorStandard.doStaticInserts(InsertCoordinatorStandard.java:194)
	at org.hibernate.persister.entity.mutation.InsertCoordinatorStandard.coordinateInsert(InsertCoordinatorStandard.java:132)
	at org.hibernate.persister.entity.mutation.InsertCoordinatorStandard.insert(InsertCoordinatorStandard.java:95)
	at org.hibernate.action.internal.EntityIdentityInsertAction.execute(EntityIdentityInsertAction.java:85)
	at org.hibernate.engine.spi.ActionQueue.execute(ActionQueue.java:682)
	at org.hibernate.engine.spi.ActionQueue.addResolvedEntityInsertAction(ActionQueue.java:293)
	at org.hibernate.engine.spi.ActionQueue.addInsertAction(ActionQueue.java:274)
	at org.hibernate.engine.spi.ActionQueue.addAction(ActionQueue.java:324)
	at org.hibernate.event.internal.AbstractSaveEventListener.addInsertAction(AbstractSaveEventListener.java:393)
	at org.hibernate.event.internal.AbstractSaveEventListener.performSaveOrReplicate(AbstractSaveEventListener.java:307)
	at org.hibernate.event.internal.AbstractSaveEventListener.performSave(AbstractSaveEventListener.java:223)
	at org.hibernate.event.internal.AbstractSaveEventListener.saveWithGeneratedId(AbstractSaveEventListener.java:136)
	at org.hibernate.event.internal.DefaultPersistEventListener.entityIsTransient(DefaultPersistEventListener.java:177)
	at org.hibernate.event.internal.DefaultPersistEventListener.persist(DefaultPersistEventListener.java:95)
	at org.hibernate.event.internal.DefaultPersistEventListener.onPersist(DefaultPersistEventListener.java:79)
	at org.hibernate.event.internal.DefaultPersistEventListener.onPersist(DefaultPersistEventListener.java:55)
	at org.hibernate.event.service.internal.EventListenerGroupImpl.fireEventOnEachListener(EventListenerGroupImpl.java:127)
	at org.hibernate.internal.SessionImpl.firePersist(SessionImpl.java:761)
	at org.hibernate.internal.SessionImpl.persist(SessionImpl.java:745)
	at java.base/jdk.internal.reflect.NativeMethodAccessorImpl.invoke0(Native Method)
	at java.base/jdk.internal.reflect.NativeMethodAccessorImpl.invoke(NativeMethodAccessorImpl.java:77)
	at java.base/jdk.internal.reflect.DelegatingMethodAccessorImpl.invoke(DelegatingMethodAccessorImpl.java:43)
	at java.base/java.lang.reflect.Method.invoke(Method.java:568)
	at org.springframework.orm.jpa.ExtendedEntityManagerCreator$ExtendedEntityManagerInvocationHandler.invoke(ExtendedEntityManagerCreator.java:364)
	at jdk.proxy4/jdk.proxy4.$Proxy133.persist(Unknown Source)
	at java.base/jdk.internal.reflect.NativeMethodAccessorImpl.invoke0(Native Method)
	at java.base/jdk.internal.reflect.NativeMethodAccessorImpl.invoke(NativeMethodAccessorImpl.java:77)
	at java.base/jdk.internal.reflect.DelegatingMethodAccessorImpl.invoke(DelegatingMethodAccessorImpl.java:43)
	at java.base/java.lang.reflect.Method.invoke(Method.java:568)
	at org.springframework.orm.jpa.SharedEntityManagerCreator$SharedEntityManagerInvocationHandler.invoke(SharedEntityManagerCreator.java:320)
	at jdk.proxy4/jdk.proxy4.$Proxy133.persist(Unknown Source)
	at org.springframework.data.jpa.repository.support.SimpleJpaRepository.save(SimpleJpaRepository.java:627)
	at java.base/jdk.internal.reflect.NativeMethodAccessorImpl.invoke0(Native Method)
	at java.base/jdk.internal.reflect.NativeMethodAccessorImpl.invoke(NativeMethodAccessorImpl.java:77)
	at java.base/jdk.internal.reflect.DelegatingMethodAccessorImpl.invoke(DelegatingMethodAccessorImpl.java:43)
	at java.base/java.lang.reflect.Method.invoke(Method.java:568)
	at org.springframework.aop.support.AopUtils.invokeJoinpointUsingReflection(AopUtils.java:359)
	at org.springframework.data.repository.core.support.RepositoryMethodInvoker$RepositoryFragmentMethodInvoker.lambda$new$0(RepositoryMethodInvoker.java:277)
	at org.springframework.data.repository.core.support.RepositoryMethodInvoker.doInvoke(RepositoryMethodInvoker.java:170)
	at org.springframework.data.repository.core.support.RepositoryMethodInvoker.invoke(RepositoryMethodInvoker.java:158)
	at org.springframework.data.repository.core.support.RepositoryComposition$RepositoryFragments.invoke(RepositoryComposition.java:515)
	at org.springframework.data.repository.core.support.RepositoryComposition.invoke(RepositoryComposition.java:284)
	at org.springframework.data.repository.core.support.RepositoryFactorySupport$ImplementationMethodExecutionInterceptor.invoke(RepositoryFactorySupport.java:752)
	at org.springframework.aop.framework.ReflectiveMethodInvocation.proceed(ReflectiveMethodInvocation.java:184)
	at org.springframework.data.repository.core.support.QueryExecutorMethodInterceptor.doInvoke(QueryExecutorMethodInterceptor.java:174)
	at org.springframework.data.repository.core.support.QueryExecutorMethodInterceptor.invoke(QueryExecutorMethodInterceptor.java:149)
	at org.springframework.aop.framework.ReflectiveMethodInvocation.proceed(ReflectiveMethodInvocation.java:184)
	at org.springframework.data.projection.DefaultMethodInvokingMethodInterceptor.invoke(DefaultMethodInvokingMethodInterceptor.java:69)
	at org.springframework.aop.framework.ReflectiveMethodInvocation.proceed(ReflectiveMethodInvocation.java:184)
	at org.springframework.transaction.interceptor.TransactionAspectSupport.invokeWithinTransaction(TransactionAspectSupport.java:380)
	at org.springframework.transaction.interceptor.TransactionInterceptor.invoke(TransactionInterceptor.java:119)
	at org.springframework.aop.framework.ReflectiveMethodInvocation.proceed(ReflectiveMethodInvocation.java:184)
	at org.springframework.dao.support.PersistenceExceptionTranslationInterceptor.invoke(PersistenceExceptionTranslationInterceptor.java:138)
	at org.springframework.aop.framework.ReflectiveMethodInvocation.proceed(ReflectiveMethodInvocation.java:184)
	at org.springframework.data.jpa.repository.support.CrudMethodMetadataPostProcessor$CrudMethodMetadataPopulatingMethodInterceptor.invoke(CrudMethodMetadataPostProcessor.java:165)
	at org.springframework.aop.framework.ReflectiveMethodInvocation.proceed(ReflectiveMethodInvocation.java:184)
	at org.springframework.data.repository.core.support.MethodInvocationValidator.invoke(MethodInvocationValidator.java:96)
	at org.springframework.aop.framework.ReflectiveMethodInvocation.proceed(ReflectiveMethodInvocation.java:184)
	at org.springframework.aop.framework.JdkDynamicAopProxy.invoke(JdkDynamicAopProxy.java:223)
	at jdk.proxy4/jdk.proxy4.$Proxy137.save(Unknown Source)
	at com.personal.crud_pulsar.AuditLogService.saveAuditLog(AuditLogService.kt:9)
	at com.personal.crud_pulsar.HelloController.publishAuditEvent(HelloController.kt:298)
	at com.personal.crud_pulsar.HelloController.listUsers(HelloController.kt:195)
	at java.base/jdk.internal.reflect.NativeMethodAccessorImpl.invoke0(Native Method)
	at java.base/jdk.internal.reflect.NativeMethodAccessorImpl.invoke(NativeMethodAccessorImpl.java:77)
	at java.base/jdk.internal.reflect.DelegatingMethodAccessorImpl.invoke(DelegatingMethodAccessorImpl.java:43)
	at java.base/java.lang.reflect.Method.invoke(Method.java:568)
	at kotlin.reflect.jvm.internal.calls.CallerImpl$Method.callMethod(CallerImpl.kt:97)
	at kotlin.reflect.jvm.internal.calls.CallerImpl$Method$Instance.call(CallerImpl.kt:113)
	at kotlin.reflect.jvm.internal.KCallableImpl.callDefaultMethod$kotlin_reflection(KCallableImpl.kt:207)
	at kotlin.reflect.jvm.internal.KCallableImpl.callBy(KCallableImpl.kt:112)
	at org.springframework.web.method.support.InvocableHandlerMethod$KotlinDelegate.invokeFunction(InvocableHandlerMethod.java:337)
	at org.springframework.web.method.support.InvocableHandlerMethod.doInvoke(InvocableHandlerMethod.java:254)
	at org.springframework.web.method.support.InvocableHandlerMethod.invokeForRequest(InvocableHandlerMethod.java:190)
	at org.springframework.web.servlet.mvc.method.annotation.ServletInvocableHandlerMethod.invokeAndHandle(ServletInvocableHandlerMethod.java:118)
	at org.springframework.web.servlet.mvc.method.annotation.RequestMappingHandlerAdapter.invokeHandlerMethod(RequestMappingHandlerAdapter.java:986)
	at org.springframework.web.servlet.mvc.method.annotation.RequestMappingHandlerAdapter.handleInternal(RequestMappingHandlerAdapter.java:891)
	at org.springframework.web.servlet.mvc.method.AbstractHandlerMethodAdapter.handle(AbstractHandlerMethodAdapter.java:87)
	at org.springframework.web.servlet.DispatcherServlet.doDispatch(DispatcherServlet.java:1088)
	at org.springframework.web.servlet.DispatcherServlet.doService(DispatcherServlet.java:978)
	at org.springframework.web.servlet.FrameworkServlet.processRequest(FrameworkServlet.java:1014)
	at org.springframework.web.servlet.FrameworkServlet.doGet(FrameworkServlet.java:903)
	at jakarta.servlet.http.HttpServlet.service(HttpServlet.java:564)
	at org.springframework.web.servlet.FrameworkServlet.service(FrameworkServlet.java:885)
	at jakarta.servlet.http.HttpServlet.service(HttpServlet.java:658)
	at org.apache.catalina.core.ApplicationFilterChain.internalDoFilter(ApplicationFilterChain.java:195)
	at org.apache.catalina.core.ApplicationFilterChain.doFilter(ApplicationFilterChain.java:140)
	at org.apache.tomcat.websocket.server.WsFilter.doFilter(WsFilter.java:51)
	at org.apache.catalina.core.ApplicationFilterChain.internalDoFilter(ApplicationFilterChain.java:164)
	at org.apache.catalina.core.ApplicationFilterChain.doFilter(ApplicationFilterChain.java:140)
	at org.springframework.web.filter.RequestContextFilter.doFilterInternal(RequestContextFilter.java:100)
	at org.springframework.web.filter.OncePerRequestFilter.doFilter(OncePerRequestFilter.java:116)
	at org.apache.catalina.core.ApplicationFilterChain.internalDoFilter(ApplicationFilterChain.java:164)
	at org.apache.catalina.core.ApplicationFilterChain.doFilter(ApplicationFilterChain.java:140)
	at org.springframework.web.filter.FormContentFilter.doFilterInternal(FormContentFilter.java:93)
	at org.springframework.web.filter.OncePerRequestFilter.doFilter(OncePerRequestFilter.java:116)
	at org.apache.catalina.core.ApplicationFilterChain.internalDoFilter(ApplicationFilterChain.java:164)
	at org.apache.catalina.core.ApplicationFilterChain.doFilter(ApplicationFilterChain.java:140)
	at org.springframework.web.filter.CharacterEncodingFilter.doFilterInternal(CharacterEncodingFilter.java:201)
	at org.springframework.web.filter.OncePerRequestFilter.doFilter(OncePerRequestFilter.java:116)
	at org.apache.catalina.core.ApplicationFilterChain.internalDoFilter(ApplicationFilterChain.java:164)
	at org.apache.catalina.core.ApplicationFilterChain.doFilter(ApplicationFilterChain.java:140)
	at org.apache.catalina.core.StandardWrapperValve.invoke(StandardWrapperValve.java:167)
	at org.apache.catalina.core.StandardContextValve.invoke(StandardContextValve.java:90)
	at org.apache.catalina.authenticator.AuthenticatorBase.invoke(AuthenticatorBase.java:483)
	at org.apache.catalina.core.StandardHostValve.invoke(StandardHostValve.java:115)
	at org.apache.catalina.valves.ErrorReportValve.invoke(ErrorReportValve.java:93)
	at org.apache.catalina.core.StandardEngineValve.invoke(StandardEngineValve.java:74)
	at org.apache.catalina.connector.CoyoteAdapter.service(CoyoteAdapter.java:344)
	at org.apache.coyote.http11.Http11Processor.service(Http11Processor.java:397)
	at org.apache.coyote.AbstractProcessorLight.process(AbstractProcessorLight.java:63)
	at org.apache.coyote.AbstractProtocol$ConnectionHandler.process(AbstractProtocol.java:905)
	at org.apache.tomcat.util.net.NioEndpoint$SocketProcessor.doRun(NioEndpoint.java:1741)
	at org.apache.tomcat.util.net.SocketProcessorBase.run(SocketProcessorBase.java:52)
	at org.apache.tomcat.util.threads.ThreadPoolExecutor.runWorker(ThreadPoolExecutor.java:1190)
	at org.apache.tomcat.util.threads.ThreadPoolExecutor$Worker.run(ThreadPoolExecutor.java:659)
	at org.apache.tomcat.util.threads.TaskThread$WrappingRunnable.run(TaskThread.java:63)
	at java.base/java.lang.Thread.run(Thread.java:842)
2025-01-28 14:46:54 [org.springframework.Pulsar.PulsarListenerEndpointContainer#0-0-C-1] INFO  c.personal.crud_pulsar.EventConsumer - EventConsumer::consumeTextEvent consumed events Fetched all users
2025-01-28 14:46:54 [org.springframework.Pulsar.PulsarListenerEndpointContainer#0-0-C-1] INFO  c.personal.crud_pulsar.EventConsumer - EventConsumer::consumeTextEvent consumed events AuditMessage(action=Fetch Users, description=Users fetched successfully, statusCode=200)
2025-01-28 14:46:54 [org.springframework.Pulsar.PulsarListenerEndpointContainer#0-0-C-1] INFO  c.personal.crud_pulsar.EventConsumer - EventConsumer::consumeTextEvent consumed events AuditMessage(action=Fetch Users, description=Internal server error, statusCode=500)
2025-01-28 14:47:24 [pulsar-timer-27-1] INFO  o.a.p.c.i.ConsumerStatsRecorderImpl - [persistent://public/default/jt-plain-topic] [my-subscription] [3add8] Prefetched messages: 0 --- Consume throughput received: 0.08 msgs/s --- 0.00 Mbit/s --- Ack sent rate: 0.08 ack/s --- Failed messages: 0 --- batch messages: 0 ---Failed acks: 0
2025-01-28 14:47:44 [pulsar-timer-27-1] INFO  o.a.p.c.i.ProducerStatsRecorderImpl - [persistent://public/default/jt-plain-topic] [standalone-0-1] --- Publish throughput: 0.08 msg/s --- 0.00 Mbit/s --- Latency: med: 10.000 ms - 95pct: 12.000 ms - 99pct: 12.000 ms - 99.9pct: 12.000 ms - max: 12.000 ms --- BatchSize: med: 1.000 - 95pct: 1.000 - 99pct: 1.000 - 99.9pct: 1.000 - max: 1.000 --- MsgSize: med: 71.000 bytes - 95pct: 88.000 bytes - 99pct: 88.000 bytes - 99.9pct: 88.000 bytes - max: 88.000 bytes --- Ack received rate: 0.08 ack/s --- Failed messages: 0 --- Pending messages: 0
2025-01-28 14:47:54 [pulsar-client-io-1-3] INFO  o.a.pulsar.client.impl.ProducerImpl - [persistent://public/default/jt-plain-topic] [standalone-0-1] Closed Producer
2025-01-28 14:48:51 [http-nio-9191-exec-7] INFO  c.p.crud_pulsar.HelloController - Fetching all users
2025-01-28 14:48:51 [pulsar-client-io-1-3] INFO  o.a.p.c.i.ProducerStatsRecorderImpl - Starting Pulsar producer perf with config: {"topicName":"persistent://public/default/jt-plain-topic","producerName":null,"sendTimeoutMs":30000,"blockIfQueueFull":false,"maxPendingMessages":0,"maxPendingMessagesAcrossPartitions":0,"messageRoutingMode":"RoundRobinPartition","hashingScheme":"JavaStringHash","cryptoFailureAction":"FAIL","batchingMaxPublishDelayMicros":1000,"batchingPartitionSwitchFrequencyByPublishDelay":10,"batchingMaxMessages":1000,"batchingMaxBytes":131072,"batchingEnabled":true,"chunkingEnabled":false,"chunkMaxMessageSize":-1,"encryptionKeys":[],"compressionType":"NONE","initialSequenceId":null,"autoUpdatePartitions":true,"autoUpdatePartitionsIntervalSeconds":60,"multiSchema":true,"accessMode":"Shared","lazyStartPartitionedProducers":false,"properties":{},"initialSubscriptionName":null}
2025-01-28 14:48:51 [pulsar-client-io-1-3] INFO  o.a.p.c.i.ProducerStatsRecorderImpl - Pulsar client config: {"serviceUrl":"pulsar://localhost:6650","authPluginClassName":null,"authParams":null,"authParamMap":null,"operationTimeoutMs":30000,"lookupTimeoutMs":30000,"statsIntervalSeconds":60,"numIoThreads":8,"numListenerThreads":8,"connectionsPerBroker":1,"connectionMaxIdleSeconds":180,"useTcpNoDelay":true,"useTls":false,"tlsKeyFilePath":null,"tlsCertificateFilePath":null,"tlsTrustCertsFilePath":null,"tlsAllowInsecureConnection":false,"tlsHostnameVerificationEnable":false,"concurrentLookupRequest":5000,"maxLookupRequest":50000,"maxLookupRedirects":20,"maxNumberOfRejectedRequestPerConnection":50,"keepAliveIntervalSeconds":30,"connectionTimeoutMs":10000,"requestTimeoutMs":60000,"readTimeoutMs":60000,"autoCertRefreshSeconds":300,"initialBackoffIntervalNanos":100000000,"maxBackoffIntervalNanos":60000000000,"enableBusyWait":false,"listenerName":null,"useKeyStoreTls":false,"sslProvider":null,"tlsKeyStoreType":"JKS","tlsKeyStorePath":null,"tlsKeyStorePassword":null,"tlsTrustStoreType":"JKS","tlsTrustStorePath":null,"tlsTrustStorePassword":null,"tlsCiphers":[],"tlsProtocols":[],"memoryLimitBytes":67108864,"proxyServiceUrl":null,"proxyProtocol":null,"enableTransaction":false,"dnsLookupBindAddress":null,"dnsLookupBindPort":0,"socks5ProxyAddress":null,"socks5ProxyUsername":null,"socks5ProxyPassword":null,"description":null}
2025-01-28 14:48:51 [pulsar-client-io-1-3] INFO  o.a.pulsar.client.impl.ProducerImpl - [persistent://public/default/jt-plain-topic] [null] Creating producer on cnx [id: 0xe1f6321b, L:/127.0.0.1:53304 - R:localhost/127.0.0.1:6650]
2025-01-28 14:48:51 [pulsar-client-io-1-3] INFO  o.a.pulsar.client.impl.ProducerImpl - [persistent://public/default/jt-plain-topic] [standalone-0-2] Created producer on cnx [id: 0xe1f6321b, L:/127.0.0.1:53304 - R:localhost/127.0.0.1:6650]
2025-01-28 14:48:51 [http-nio-9191-exec-7] INFO  c.p.crud_pulsar.EventPublisher - EventPublisher::publishPlainMessage published the event: Fetched all users
2025-01-28 14:48:51 [http-nio-9191-exec-7] INFO  c.p.crud_pulsar.EventPublisher - EventPublisher::publishPlainMessage published the event: AuditMessage(action=Fetch Users, description=Users fetched successfully, statusCode=200)
2025-01-28 14:48:51 [http-nio-9191-exec-7] WARN  o.h.e.jdbc.spi.SqlExceptionHelper - SQL Error: 0, SQLState: 23502
2025-01-28 14:48:51 [http-nio-9191-exec-7] ERROR o.h.e.jdbc.spi.SqlExceptionHelper - ERROR: null value in column "status_code" of relation "audit_logs" violates not-null constraint
  Detail: Failing row contains (16, Fetch Users, Users fetched successfully, null, 2025-01-28 14:48:51.162914, 200).
2025-01-28 14:48:51 [http-nio-9191-exec-7] ERROR c.p.crud_pulsar.HelloController - Internal server error while fetching users
org.springframework.dao.DataIntegrityViolationException: could not execute statement [ERROR: null value in column "status_code" of relation "audit_logs" violates not-null constraint
  Detail: Failing row contains (16, Fetch Users, Users fetched successfully, null, 2025-01-28 14:48:51.162914, 200).] [insert into audit_logs (action,description,statusCode,timestamp) values (?,?,?,?)]; SQL [insert into audit_logs (action,description,statusCode,timestamp) values (?,?,?,?)]; constraint [status_code" of relation "audit_logs]
	at org.springframework.orm.jpa.vendor.HibernateJpaDialect.convertHibernateAccessException(HibernateJpaDialect.java:290)
	at org.springframework.orm.jpa.vendor.HibernateJpaDialect.translateExceptionIfPossible(HibernateJpaDialect.java:241)
	at org.springframework.orm.jpa.AbstractEntityManagerFactoryBean.translateExceptionIfPossible(AbstractEntityManagerFactoryBean.java:560)
	at org.springframework.dao.support.ChainedPersistenceExceptionTranslator.translateExceptionIfPossible(ChainedPersistenceExceptionTranslator.java:61)
	at org.springframework.dao.support.DataAccessUtils.translateIfNecessary(DataAccessUtils.java:343)
	at org.springframework.dao.support.PersistenceExceptionTranslationInterceptor.invoke(PersistenceExceptionTranslationInterceptor.java:160)
	at org.springframework.aop.framework.ReflectiveMethodInvocation.proceed(ReflectiveMethodInvocation.java:184)
	at org.springframework.data.jpa.repository.support.CrudMethodMetadataPostProcessor$CrudMethodMetadataPopulatingMethodInterceptor.invoke(CrudMethodMetadataPostProcessor.java:165)
	at org.springframework.aop.framework.ReflectiveMethodInvocation.proceed(ReflectiveMethodInvocation.java:184)
	at org.springframework.data.repository.core.support.MethodInvocationValidator.invoke(MethodInvocationValidator.java:96)
	at org.springframework.aop.framework.ReflectiveMethodInvocation.proceed(ReflectiveMethodInvocation.java:184)
	at org.springframework.aop.framework.JdkDynamicAopProxy.invoke(JdkDynamicAopProxy.java:223)
	at jdk.proxy4/jdk.proxy4.$Proxy137.save(Unknown Source)
	at com.personal.crud_pulsar.AuditLogService.saveAuditLog(AuditLogService.kt:9)
	at com.personal.crud_pulsar.HelloController.publishAuditEvent(HelloController.kt:298)
	at com.personal.crud_pulsar.HelloController.listUsers(HelloController.kt:191)
	at java.base/jdk.internal.reflect.NativeMethodAccessorImpl.invoke0(Native Method)
	at java.base/jdk.internal.reflect.NativeMethodAccessorImpl.invoke(NativeMethodAccessorImpl.java:77)
	at java.base/jdk.internal.reflect.DelegatingMethodAccessorImpl.invoke(DelegatingMethodAccessorImpl.java:43)
	at java.base/java.lang.reflect.Method.invoke(Method.java:568)
	at kotlin.reflect.jvm.internal.calls.CallerImpl$Method.callMethod(CallerImpl.kt:97)
	at kotlin.reflect.jvm.internal.calls.CallerImpl$Method$Instance.call(CallerImpl.kt:113)
	at kotlin.reflect.jvm.internal.KCallableImpl.callDefaultMethod$kotlin_reflection(KCallableImpl.kt:207)
	at kotlin.reflect.jvm.internal.KCallableImpl.callBy(KCallableImpl.kt:112)
	at org.springframework.web.method.support.InvocableHandlerMethod$KotlinDelegate.invokeFunction(InvocableHandlerMethod.java:337)
	at org.springframework.web.method.support.InvocableHandlerMethod.doInvoke(InvocableHandlerMethod.java:254)
	at org.springframework.web.method.support.InvocableHandlerMethod.invokeForRequest(InvocableHandlerMethod.java:190)
	at org.springframework.web.servlet.mvc.method.annotation.ServletInvocableHandlerMethod.invokeAndHandle(ServletInvocableHandlerMethod.java:118)
	at org.springframework.web.servlet.mvc.method.annotation.RequestMappingHandlerAdapter.invokeHandlerMethod(RequestMappingHandlerAdapter.java:986)
	at org.springframework.web.servlet.mvc.method.annotation.RequestMappingHandlerAdapter.handleInternal(RequestMappingHandlerAdapter.java:891)
	at org.springframework.web.servlet.mvc.method.AbstractHandlerMethodAdapter.handle(AbstractHandlerMethodAdapter.java:87)
	at org.springframework.web.servlet.DispatcherServlet.doDispatch(DispatcherServlet.java:1088)
	at org.springframework.web.servlet.DispatcherServlet.doService(DispatcherServlet.java:978)
	at org.springframework.web.servlet.FrameworkServlet.processRequest(FrameworkServlet.java:1014)
	at org.springframework.web.servlet.FrameworkServlet.doGet(FrameworkServlet.java:903)
	at jakarta.servlet.http.HttpServlet.service(HttpServlet.java:564)
	at org.springframework.web.servlet.FrameworkServlet.service(FrameworkServlet.java:885)
	at jakarta.servlet.http.HttpServlet.service(HttpServlet.java:658)
	at org.apache.catalina.core.ApplicationFilterChain.internalDoFilter(ApplicationFilterChain.java:195)
	at org.apache.catalina.core.ApplicationFilterChain.doFilter(ApplicationFilterChain.java:140)
	at org.apache.tomcat.websocket.server.WsFilter.doFilter(WsFilter.java:51)
	at org.apache.catalina.core.ApplicationFilterChain.internalDoFilter(ApplicationFilterChain.java:164)
	at org.apache.catalina.core.ApplicationFilterChain.doFilter(ApplicationFilterChain.java:140)
	at org.springframework.web.filter.RequestContextFilter.doFilterInternal(RequestContextFilter.java:100)
	at org.springframework.web.filter.OncePerRequestFilter.doFilter(OncePerRequestFilter.java:116)
	at org.apache.catalina.core.ApplicationFilterChain.internalDoFilter(ApplicationFilterChain.java:164)
	at org.apache.catalina.core.ApplicationFilterChain.doFilter(ApplicationFilterChain.java:140)
	at org.springframework.web.filter.FormContentFilter.doFilterInternal(FormContentFilter.java:93)
	at org.springframework.web.filter.OncePerRequestFilter.doFilter(OncePerRequestFilter.java:116)
	at org.apache.catalina.core.ApplicationFilterChain.internalDoFilter(ApplicationFilterChain.java:164)
	at org.apache.catalina.core.ApplicationFilterChain.doFilter(ApplicationFilterChain.java:140)
	at org.springframework.web.filter.CharacterEncodingFilter.doFilterInternal(CharacterEncodingFilter.java:201)
	at org.springframework.web.filter.OncePerRequestFilter.doFilter(OncePerRequestFilter.java:116)
	at org.apache.catalina.core.ApplicationFilterChain.internalDoFilter(ApplicationFilterChain.java:164)
	at org.apache.catalina.core.ApplicationFilterChain.doFilter(ApplicationFilterChain.java:140)
	at org.apache.catalina.core.StandardWrapperValve.invoke(StandardWrapperValve.java:167)
	at org.apache.catalina.core.StandardContextValve.invoke(StandardContextValve.java:90)
	at org.apache.catalina.authenticator.AuthenticatorBase.invoke(AuthenticatorBase.java:483)
	at org.apache.catalina.core.StandardHostValve.invoke(StandardHostValve.java:115)
	at org.apache.catalina.valves.ErrorReportValve.invoke(ErrorReportValve.java:93)
	at org.apache.catalina.core.StandardEngineValve.invoke(StandardEngineValve.java:74)
	at org.apache.catalina.connector.CoyoteAdapter.service(CoyoteAdapter.java:344)
	at org.apache.coyote.http11.Http11Processor.service(Http11Processor.java:397)
	at org.apache.coyote.AbstractProcessorLight.process(AbstractProcessorLight.java:63)
	at org.apache.coyote.AbstractProtocol$ConnectionHandler.process(AbstractProtocol.java:905)
	at org.apache.tomcat.util.net.NioEndpoint$SocketProcessor.doRun(NioEndpoint.java:1741)
	at org.apache.tomcat.util.net.SocketProcessorBase.run(SocketProcessorBase.java:52)
	at org.apache.tomcat.util.threads.ThreadPoolExecutor.runWorker(ThreadPoolExecutor.java:1190)
	at org.apache.tomcat.util.threads.ThreadPoolExecutor$Worker.run(ThreadPoolExecutor.java:659)
	at org.apache.tomcat.util.threads.TaskThread$WrappingRunnable.run(TaskThread.java:63)
	at java.base/java.lang.Thread.run(Thread.java:842)
Caused by: org.hibernate.exception.ConstraintViolationException: could not execute statement [ERROR: null value in column "status_code" of relation "audit_logs" violates not-null constraint
  Detail: Failing row contains (16, Fetch Users, Users fetched successfully, null, 2025-01-28 14:48:51.162914, 200).] [insert into audit_logs (action,description,statusCode,timestamp) values (?,?,?,?)]
	at org.hibernate.exception.internal.SQLStateConversionDelegate.convert(SQLStateConversionDelegate.java:97)
	at org.hibernate.exception.internal.StandardSQLExceptionConverter.convert(StandardSQLExceptionConverter.java:58)
	at org.hibernate.engine.jdbc.spi.SqlExceptionHelper.convert(SqlExceptionHelper.java:108)
	at org.hibernate.engine.jdbc.internal.ResultSetReturnImpl.executeUpdate(ResultSetReturnImpl.java:197)
	at org.hibernate.id.insert.GetGeneratedKeysDelegate.performMutation(GetGeneratedKeysDelegate.java:116)
	at org.hibernate.engine.jdbc.mutation.internal.MutationExecutorSingleNonBatched.performNonBatchedOperations(MutationExecutorSingleNonBatched.java:47)
	at org.hibernate.engine.jdbc.mutation.internal.AbstractMutationExecutor.execute(AbstractMutationExecutor.java:55)
	at org.hibernate.persister.entity.mutation.InsertCoordinatorStandard.doStaticInserts(InsertCoordinatorStandard.java:194)
	at org.hibernate.persister.entity.mutation.InsertCoordinatorStandard.coordinateInsert(InsertCoordinatorStandard.java:132)
	at org.hibernate.persister.entity.mutation.InsertCoordinatorStandard.insert(InsertCoordinatorStandard.java:95)
	at org.hibernate.action.internal.EntityIdentityInsertAction.execute(EntityIdentityInsertAction.java:85)
	at org.hibernate.engine.spi.ActionQueue.execute(ActionQueue.java:682)
	at org.hibernate.engine.spi.ActionQueue.addResolvedEntityInsertAction(ActionQueue.java:293)
	at org.hibernate.engine.spi.ActionQueue.addInsertAction(ActionQueue.java:274)
	at org.hibernate.engine.spi.ActionQueue.addAction(ActionQueue.java:324)
	at org.hibernate.event.internal.AbstractSaveEventListener.addInsertAction(AbstractSaveEventListener.java:393)
	at org.hibernate.event.internal.AbstractSaveEventListener.performSaveOrReplicate(AbstractSaveEventListener.java:307)
	at org.hibernate.event.internal.AbstractSaveEventListener.performSave(AbstractSaveEventListener.java:223)
	at org.hibernate.event.internal.AbstractSaveEventListener.saveWithGeneratedId(AbstractSaveEventListener.java:136)
	at org.hibernate.event.internal.DefaultPersistEventListener.entityIsTransient(DefaultPersistEventListener.java:177)
	at org.hibernate.event.internal.DefaultPersistEventListener.persist(DefaultPersistEventListener.java:95)
	at org.hibernate.event.internal.DefaultPersistEventListener.onPersist(DefaultPersistEventListener.java:79)
	at org.hibernate.event.internal.DefaultPersistEventListener.onPersist(DefaultPersistEventListener.java:55)
	at org.hibernate.event.service.internal.EventListenerGroupImpl.fireEventOnEachListener(EventListenerGroupImpl.java:127)
	at org.hibernate.internal.SessionImpl.firePersist(SessionImpl.java:761)
	at org.hibernate.internal.SessionImpl.persist(SessionImpl.java:745)
	at java.base/jdk.internal.reflect.NativeMethodAccessorImpl.invoke0(Native Method)
	at java.base/jdk.internal.reflect.NativeMethodAccessorImpl.invoke(NativeMethodAccessorImpl.java:77)
	at java.base/jdk.internal.reflect.DelegatingMethodAccessorImpl.invoke(DelegatingMethodAccessorImpl.java:43)
	at java.base/java.lang.reflect.Method.invoke(Method.java:568)
	at org.springframework.orm.jpa.ExtendedEntityManagerCreator$ExtendedEntityManagerInvocationHandler.invoke(ExtendedEntityManagerCreator.java:364)
	at jdk.proxy4/jdk.proxy4.$Proxy133.persist(Unknown Source)
	at java.base/jdk.internal.reflect.NativeMethodAccessorImpl.invoke0(Native Method)
	at java.base/jdk.internal.reflect.NativeMethodAccessorImpl.invoke(NativeMethodAccessorImpl.java:77)
	at java.base/jdk.internal.reflect.DelegatingMethodAccessorImpl.invoke(DelegatingMethodAccessorImpl.java:43)
	at java.base/java.lang.reflect.Method.invoke(Method.java:568)
	at org.springframework.orm.jpa.SharedEntityManagerCreator$SharedEntityManagerInvocationHandler.invoke(SharedEntityManagerCreator.java:320)
	at jdk.proxy4/jdk.proxy4.$Proxy133.persist(Unknown Source)
	at org.springframework.data.jpa.repository.support.SimpleJpaRepository.save(SimpleJpaRepository.java:627)
	at java.base/jdk.internal.reflect.NativeMethodAccessorImpl.invoke0(Native Method)
	at java.base/jdk.internal.reflect.NativeMethodAccessorImpl.invoke(NativeMethodAccessorImpl.java:77)
	at java.base/jdk.internal.reflect.DelegatingMethodAccessorImpl.invoke(DelegatingMethodAccessorImpl.java:43)
	at java.base/java.lang.reflect.Method.invoke(Method.java:568)
	at org.springframework.aop.support.AopUtils.invokeJoinpointUsingReflection(AopUtils.java:359)
	at org.springframework.data.repository.core.support.RepositoryMethodInvoker$RepositoryFragmentMethodInvoker.lambda$new$0(RepositoryMethodInvoker.java:277)
	at org.springframework.data.repository.core.support.RepositoryMethodInvoker.doInvoke(RepositoryMethodInvoker.java:170)
	at org.springframework.data.repository.core.support.RepositoryMethodInvoker.invoke(RepositoryMethodInvoker.java:158)
	at org.springframework.data.repository.core.support.RepositoryComposition$RepositoryFragments.invoke(RepositoryComposition.java:515)
	at org.springframework.data.repository.core.support.RepositoryComposition.invoke(RepositoryComposition.java:284)
	at org.springframework.data.repository.core.support.RepositoryFactorySupport$ImplementationMethodExecutionInterceptor.invoke(RepositoryFactorySupport.java:752)
	at org.springframework.aop.framework.ReflectiveMethodInvocation.proceed(ReflectiveMethodInvocation.java:184)
	at org.springframework.data.repository.core.support.QueryExecutorMethodInterceptor.doInvoke(QueryExecutorMethodInterceptor.java:174)
	at org.springframework.data.repository.core.support.QueryExecutorMethodInterceptor.invoke(QueryExecutorMethodInterceptor.java:149)
	at org.springframework.aop.framework.ReflectiveMethodInvocation.proceed(ReflectiveMethodInvocation.java:184)
	at org.springframework.data.projection.DefaultMethodInvokingMethodInterceptor.invoke(DefaultMethodInvokingMethodInterceptor.java:69)
	at org.springframework.aop.framework.ReflectiveMethodInvocation.proceed(ReflectiveMethodInvocation.java:184)
	at org.springframework.transaction.interceptor.TransactionAspectSupport.invokeWithinTransaction(TransactionAspectSupport.java:380)
	at org.springframework.transaction.interceptor.TransactionInterceptor.invoke(TransactionInterceptor.java:119)
	at org.springframework.aop.framework.ReflectiveMethodInvocation.proceed(ReflectiveMethodInvocation.java:184)
	at org.springframework.dao.support.PersistenceExceptionTranslationInterceptor.invoke(PersistenceExceptionTranslationInterceptor.java:138)
	... 65 common frames omitted
Caused by: org.postgresql.util.PSQLException: ERROR: null value in column "status_code" of relation "audit_logs" violates not-null constraint
  Detail: Failing row contains (16, Fetch Users, Users fetched successfully, null, 2025-01-28 14:48:51.162914, 200).
	at org.postgresql.core.v3.QueryExecutorImpl.receiveErrorResponse(QueryExecutorImpl.java:2733)
	at org.postgresql.core.v3.QueryExecutorImpl.processResults(QueryExecutorImpl.java:2420)
	at org.postgresql.core.v3.QueryExecutorImpl.execute(QueryExecutorImpl.java:372)
	at org.postgresql.jdbc.PgStatement.executeInternal(PgStatement.java:517)
	at org.postgresql.jdbc.PgStatement.execute(PgStatement.java:434)
	at org.postgresql.jdbc.PgPreparedStatement.executeWithFlags(PgPreparedStatement.java:194)
	at org.postgresql.jdbc.PgPreparedStatement.executeUpdate(PgPreparedStatement.java:155)
	at com.zaxxer.hikari.pool.ProxyPreparedStatement.executeUpdate(ProxyPreparedStatement.java:61)
	at com.zaxxer.hikari.pool.HikariProxyPreparedStatement.executeUpdate(HikariProxyPreparedStatement.java)
	at org.hibernate.engine.jdbc.internal.ResultSetReturnImpl.executeUpdate(ResultSetReturnImpl.java:194)
	... 121 common frames omitted
2025-01-28 14:48:51 [http-nio-9191-exec-7] INFO  c.p.crud_pulsar.EventPublisher - EventPublisher::publishPlainMessage published the event: AuditMessage(action=Fetch Users, description=Internal server error, statusCode=500)
2025-01-28 14:48:51 [http-nio-9191-exec-7] WARN  o.h.e.jdbc.spi.SqlExceptionHelper - SQL Error: 0, SQLState: 23502
2025-01-28 14:48:51 [http-nio-9191-exec-7] ERROR o.h.e.jdbc.spi.SqlExceptionHelper - ERROR: null value in column "status_code" of relation "audit_logs" violates not-null constraint
  Detail: Failing row contains (17, Fetch Users, Internal server error, null, 2025-01-28 14:48:51.174666, 500).
2025-01-28 14:48:51 [http-nio-9191-exec-7] ERROR o.a.c.c.C.[.[.[.[dispatcherServlet] - Servlet.service() for servlet [dispatcherServlet] in context with path [] threw exception [Request processing failed: org.springframework.dao.DataIntegrityViolationException: could not execute statement [ERROR: null value in column "status_code" of relation "audit_logs" violates not-null constraint
  Detail: Failing row contains (17, Fetch Users, Internal server error, null, 2025-01-28 14:48:51.174666, 500).] [insert into audit_logs (action,description,statusCode,timestamp) values (?,?,?,?)]; SQL [insert into audit_logs (action,description,statusCode,timestamp) values (?,?,?,?)]; constraint [status_code" of relation "audit_logs]] with root cause
org.postgresql.util.PSQLException: ERROR: null value in column "status_code" of relation "audit_logs" violates not-null constraint
  Detail: Failing row contains (17, Fetch Users, Internal server error, null, 2025-01-28 14:48:51.174666, 500).
	at org.postgresql.core.v3.QueryExecutorImpl.receiveErrorResponse(QueryExecutorImpl.java:2733)
	at org.postgresql.core.v3.QueryExecutorImpl.processResults(QueryExecutorImpl.java:2420)
	at org.postgresql.core.v3.QueryExecutorImpl.execute(QueryExecutorImpl.java:372)
	at org.postgresql.jdbc.PgStatement.executeInternal(PgStatement.java:517)
	at org.postgresql.jdbc.PgStatement.execute(PgStatement.java:434)
	at org.postgresql.jdbc.PgPreparedStatement.executeWithFlags(PgPreparedStatement.java:194)
	at org.postgresql.jdbc.PgPreparedStatement.executeUpdate(PgPreparedStatement.java:155)
	at com.zaxxer.hikari.pool.ProxyPreparedStatement.executeUpdate(ProxyPreparedStatement.java:61)
	at com.zaxxer.hikari.pool.HikariProxyPreparedStatement.executeUpdate(HikariProxyPreparedStatement.java)
	at org.hibernate.engine.jdbc.internal.ResultSetReturnImpl.executeUpdate(ResultSetReturnImpl.java:194)
	at org.hibernate.id.insert.GetGeneratedKeysDelegate.performMutation(GetGeneratedKeysDelegate.java:116)
	at org.hibernate.engine.jdbc.mutation.internal.MutationExecutorSingleNonBatched.performNonBatchedOperations(MutationExecutorSingleNonBatched.java:47)
	at org.hibernate.engine.jdbc.mutation.internal.AbstractMutationExecutor.execute(AbstractMutationExecutor.java:55)
	at org.hibernate.persister.entity.mutation.InsertCoordinatorStandard.doStaticInserts(InsertCoordinatorStandard.java:194)
	at org.hibernate.persister.entity.mutation.InsertCoordinatorStandard.coordinateInsert(InsertCoordinatorStandard.java:132)
	at org.hibernate.persister.entity.mutation.InsertCoordinatorStandard.insert(InsertCoordinatorStandard.java:95)
	at org.hibernate.action.internal.EntityIdentityInsertAction.execute(EntityIdentityInsertAction.java:85)
	at org.hibernate.engine.spi.ActionQueue.execute(ActionQueue.java:682)
	at org.hibernate.engine.spi.ActionQueue.addResolvedEntityInsertAction(ActionQueue.java:293)
	at org.hibernate.engine.spi.ActionQueue.addInsertAction(ActionQueue.java:274)
	at org.hibernate.engine.spi.ActionQueue.addAction(ActionQueue.java:324)
	at org.hibernate.event.internal.AbstractSaveEventListener.addInsertAction(AbstractSaveEventListener.java:393)
	at org.hibernate.event.internal.AbstractSaveEventListener.performSaveOrReplicate(AbstractSaveEventListener.java:307)
	at org.hibernate.event.internal.AbstractSaveEventListener.performSave(AbstractSaveEventListener.java:223)
	at org.hibernate.event.internal.AbstractSaveEventListener.saveWithGeneratedId(AbstractSaveEventListener.java:136)
	at org.hibernate.event.internal.DefaultPersistEventListener.entityIsTransient(DefaultPersistEventListener.java:177)
	at org.hibernate.event.internal.DefaultPersistEventListener.persist(DefaultPersistEventListener.java:95)
	at org.hibernate.event.internal.DefaultPersistEventListener.onPersist(DefaultPersistEventListener.java:79)
	at org.hibernate.event.internal.DefaultPersistEventListener.onPersist(DefaultPersistEventListener.java:55)
	at org.hibernate.event.service.internal.EventListenerGroupImpl.fireEventOnEachListener(EventListenerGroupImpl.java:127)
	at org.hibernate.internal.SessionImpl.firePersist(SessionImpl.java:761)
	at org.hibernate.internal.SessionImpl.persist(SessionImpl.java:745)
	at java.base/jdk.internal.reflect.NativeMethodAccessorImpl.invoke0(Native Method)
	at java.base/jdk.internal.reflect.NativeMethodAccessorImpl.invoke(NativeMethodAccessorImpl.java:77)
	at java.base/jdk.internal.reflect.DelegatingMethodAccessorImpl.invoke(DelegatingMethodAccessorImpl.java:43)
	at java.base/java.lang.reflect.Method.invoke(Method.java:568)
	at org.springframework.orm.jpa.ExtendedEntityManagerCreator$ExtendedEntityManagerInvocationHandler.invoke(ExtendedEntityManagerCreator.java:364)
	at jdk.proxy4/jdk.proxy4.$Proxy133.persist(Unknown Source)
	at java.base/jdk.internal.reflect.NativeMethodAccessorImpl.invoke0(Native Method)
	at java.base/jdk.internal.reflect.NativeMethodAccessorImpl.invoke(NativeMethodAccessorImpl.java:77)
	at java.base/jdk.internal.reflect.DelegatingMethodAccessorImpl.invoke(DelegatingMethodAccessorImpl.java:43)
	at java.base/java.lang.reflect.Method.invoke(Method.java:568)
	at org.springframework.orm.jpa.SharedEntityManagerCreator$SharedEntityManagerInvocationHandler.invoke(SharedEntityManagerCreator.java:320)
	at jdk.proxy4/jdk.proxy4.$Proxy133.persist(Unknown Source)
	at org.springframework.data.jpa.repository.support.SimpleJpaRepository.save(SimpleJpaRepository.java:627)
	at java.base/jdk.internal.reflect.NativeMethodAccessorImpl.invoke0(Native Method)
	at java.base/jdk.internal.reflect.NativeMethodAccessorImpl.invoke(NativeMethodAccessorImpl.java:77)
	at java.base/jdk.internal.reflect.DelegatingMethodAccessorImpl.invoke(DelegatingMethodAccessorImpl.java:43)
	at java.base/java.lang.reflect.Method.invoke(Method.java:568)
	at org.springframework.aop.support.AopUtils.invokeJoinpointUsingReflection(AopUtils.java:359)
	at org.springframework.data.repository.core.support.RepositoryMethodInvoker$RepositoryFragmentMethodInvoker.lambda$new$0(RepositoryMethodInvoker.java:277)
	at org.springframework.data.repository.core.support.RepositoryMethodInvoker.doInvoke(RepositoryMethodInvoker.java:170)
	at org.springframework.data.repository.core.support.RepositoryMethodInvoker.invoke(RepositoryMethodInvoker.java:158)
	at org.springframework.data.repository.core.support.RepositoryComposition$RepositoryFragments.invoke(RepositoryComposition.java:515)
	at org.springframework.data.repository.core.support.RepositoryComposition.invoke(RepositoryComposition.java:284)
	at org.springframework.data.repository.core.support.RepositoryFactorySupport$ImplementationMethodExecutionInterceptor.invoke(RepositoryFactorySupport.java:752)
	at org.springframework.aop.framework.ReflectiveMethodInvocation.proceed(ReflectiveMethodInvocation.java:184)
	at org.springframework.data.repository.core.support.QueryExecutorMethodInterceptor.doInvoke(QueryExecutorMethodInterceptor.java:174)
	at org.springframework.data.repository.core.support.QueryExecutorMethodInterceptor.invoke(QueryExecutorMethodInterceptor.java:149)
	at org.springframework.aop.framework.ReflectiveMethodInvocation.proceed(ReflectiveMethodInvocation.java:184)
	at org.springframework.data.projection.DefaultMethodInvokingMethodInterceptor.invoke(DefaultMethodInvokingMethodInterceptor.java:69)
	at org.springframework.aop.framework.ReflectiveMethodInvocation.proceed(ReflectiveMethodInvocation.java:184)
	at org.springframework.transaction.interceptor.TransactionAspectSupport.invokeWithinTransaction(TransactionAspectSupport.java:380)
	at org.springframework.transaction.interceptor.TransactionInterceptor.invoke(TransactionInterceptor.java:119)
	at org.springframework.aop.framework.ReflectiveMethodInvocation.proceed(ReflectiveMethodInvocation.java:184)
	at org.springframework.dao.support.PersistenceExceptionTranslationInterceptor.invoke(PersistenceExceptionTranslationInterceptor.java:138)
	at org.springframework.aop.framework.ReflectiveMethodInvocation.proceed(ReflectiveMethodInvocation.java:184)
	at org.springframework.data.jpa.repository.support.CrudMethodMetadataPostProcessor$CrudMethodMetadataPopulatingMethodInterceptor.invoke(CrudMethodMetadataPostProcessor.java:165)
	at org.springframework.aop.framework.ReflectiveMethodInvocation.proceed(ReflectiveMethodInvocation.java:184)
	at org.springframework.data.repository.core.support.MethodInvocationValidator.invoke(MethodInvocationValidator.java:96)
	at org.springframework.aop.framework.ReflectiveMethodInvocation.proceed(ReflectiveMethodInvocation.java:184)
	at org.springframework.aop.framework.JdkDynamicAopProxy.invoke(JdkDynamicAopProxy.java:223)
	at jdk.proxy4/jdk.proxy4.$Proxy137.save(Unknown Source)
	at com.personal.crud_pulsar.AuditLogService.saveAuditLog(AuditLogService.kt:9)
	at com.personal.crud_pulsar.HelloController.publishAuditEvent(HelloController.kt:298)
	at com.personal.crud_pulsar.HelloController.listUsers(HelloController.kt:195)
	at java.base/jdk.internal.reflect.NativeMethodAccessorImpl.invoke0(Native Method)
	at java.base/jdk.internal.reflect.NativeMethodAccessorImpl.invoke(NativeMethodAccessorImpl.java:77)
	at java.base/jdk.internal.reflect.DelegatingMethodAccessorImpl.invoke(DelegatingMethodAccessorImpl.java:43)
	at java.base/java.lang.reflect.Method.invoke(Method.java:568)
	at kotlin.reflect.jvm.internal.calls.CallerImpl$Method.callMethod(CallerImpl.kt:97)
	at kotlin.reflect.jvm.internal.calls.CallerImpl$Method$Instance.call(CallerImpl.kt:113)
	at kotlin.reflect.jvm.internal.KCallableImpl.callDefaultMethod$kotlin_reflection(KCallableImpl.kt:207)
	at kotlin.reflect.jvm.internal.KCallableImpl.callBy(KCallableImpl.kt:112)
	at org.springframework.web.method.support.InvocableHandlerMethod$KotlinDelegate.invokeFunction(InvocableHandlerMethod.java:337)
	at org.springframework.web.method.support.InvocableHandlerMethod.doInvoke(InvocableHandlerMethod.java:254)
	at org.springframework.web.method.support.InvocableHandlerMethod.invokeForRequest(InvocableHandlerMethod.java:190)
	at org.springframework.web.servlet.mvc.method.annotation.ServletInvocableHandlerMethod.invokeAndHandle(ServletInvocableHandlerMethod.java:118)
	at org.springframework.web.servlet.mvc.method.annotation.RequestMappingHandlerAdapter.invokeHandlerMethod(RequestMappingHandlerAdapter.java:986)
	at org.springframework.web.servlet.mvc.method.annotation.RequestMappingHandlerAdapter.handleInternal(RequestMappingHandlerAdapter.java:891)
	at org.springframework.web.servlet.mvc.method.AbstractHandlerMethodAdapter.handle(AbstractHandlerMethodAdapter.java:87)
	at org.springframework.web.servlet.DispatcherServlet.doDispatch(DispatcherServlet.java:1088)
	at org.springframework.web.servlet.DispatcherServlet.doService(DispatcherServlet.java:978)
	at org.springframework.web.servlet.FrameworkServlet.processRequest(FrameworkServlet.java:1014)
	at org.springframework.web.servlet.FrameworkServlet.doGet(FrameworkServlet.java:903)
	at jakarta.servlet.http.HttpServlet.service(HttpServlet.java:564)
	at org.springframework.web.servlet.FrameworkServlet.service(FrameworkServlet.java:885)
	at jakarta.servlet.http.HttpServlet.service(HttpServlet.java:658)
	at org.apache.catalina.core.ApplicationFilterChain.internalDoFilter(ApplicationFilterChain.java:195)
	at org.apache.catalina.core.ApplicationFilterChain.doFilter(ApplicationFilterChain.java:140)
	at org.apache.tomcat.websocket.server.WsFilter.doFilter(WsFilter.java:51)
	at org.apache.catalina.core.ApplicationFilterChain.internalDoFilter(ApplicationFilterChain.java:164)
	at org.apache.catalina.core.ApplicationFilterChain.doFilter(ApplicationFilterChain.java:140)
	at org.springframework.web.filter.RequestContextFilter.doFilterInternal(RequestContextFilter.java:100)
	at org.springframework.web.filter.OncePerRequestFilter.doFilter(OncePerRequestFilter.java:116)
	at org.apache.catalina.core.ApplicationFilterChain.internalDoFilter(ApplicationFilterChain.java:164)
	at org.apache.catalina.core.ApplicationFilterChain.doFilter(ApplicationFilterChain.java:140)
	at org.springframework.web.filter.FormContentFilter.doFilterInternal(FormContentFilter.java:93)
	at org.springframework.web.filter.OncePerRequestFilter.doFilter(OncePerRequestFilter.java:116)
	at org.apache.catalina.core.ApplicationFilterChain.internalDoFilter(ApplicationFilterChain.java:164)
	at org.apache.catalina.core.ApplicationFilterChain.doFilter(ApplicationFilterChain.java:140)
	at org.springframework.web.filter.CharacterEncodingFilter.doFilterInternal(CharacterEncodingFilter.java:201)
	at org.springframework.web.filter.OncePerRequestFilter.doFilter(OncePerRequestFilter.java:116)
	at org.apache.catalina.core.ApplicationFilterChain.internalDoFilter(ApplicationFilterChain.java:164)
	at org.apache.catalina.core.ApplicationFilterChain.doFilter(ApplicationFilterChain.java:140)
	at org.apache.catalina.core.StandardWrapperValve.invoke(StandardWrapperValve.java:167)
	at org.apache.catalina.core.StandardContextValve.invoke(StandardContextValve.java:90)
	at org.apache.catalina.authenticator.AuthenticatorBase.invoke(AuthenticatorBase.java:483)
	at org.apache.catalina.core.StandardHostValve.invoke(StandardHostValve.java:115)
	at org.apache.catalina.valves.ErrorReportValve.invoke(ErrorReportValve.java:93)
	at org.apache.catalina.core.StandardEngineValve.invoke(StandardEngineValve.java:74)
	at org.apache.catalina.connector.CoyoteAdapter.service(CoyoteAdapter.java:344)
	at org.apache.coyote.http11.Http11Processor.service(Http11Processor.java:397)
	at org.apache.coyote.AbstractProcessorLight.process(AbstractProcessorLight.java:63)
	at org.apache.coyote.AbstractProtocol$ConnectionHandler.process(AbstractProtocol.java:905)
	at org.apache.tomcat.util.net.NioEndpoint$SocketProcessor.doRun(NioEndpoint.java:1741)
	at org.apache.tomcat.util.net.SocketProcessorBase.run(SocketProcessorBase.java:52)
	at org.apache.tomcat.util.threads.ThreadPoolExecutor.runWorker(ThreadPoolExecutor.java:1190)
	at org.apache.tomcat.util.threads.ThreadPoolExecutor$Worker.run(ThreadPoolExecutor.java:659)
	at org.apache.tomcat.util.threads.TaskThread$WrappingRunnable.run(TaskThread.java:63)
	at java.base/java.lang.Thread.run(Thread.java:842)
2025-01-28 14:48:51 [http-nio-9191-exec-8] INFO  c.p.crud_pulsar.HelloController - Fetching all users
2025-01-28 14:48:51 [http-nio-9191-exec-8] INFO  c.p.crud_pulsar.EventPublisher - EventPublisher::publishPlainMessage published the event: Fetched all users
2025-01-28 14:48:51 [http-nio-9191-exec-8] INFO  c.p.crud_pulsar.EventPublisher - EventPublisher::publishPlainMessage published the event: AuditMessage(action=Fetch Users, description=Users fetched successfully, statusCode=200)
2025-01-28 14:48:51 [http-nio-9191-exec-8] WARN  o.h.e.jdbc.spi.SqlExceptionHelper - SQL Error: 0, SQLState: 23502
2025-01-28 14:48:51 [http-nio-9191-exec-8] ERROR o.h.e.jdbc.spi.SqlExceptionHelper - ERROR: null value in column "status_code" of relation "audit_logs" violates not-null constraint
  Detail: Failing row contains (18, Fetch Users, Users fetched successfully, null, 2025-01-28 14:48:51.200264, 200).
2025-01-28 14:48:51 [http-nio-9191-exec-8] ERROR c.p.crud_pulsar.HelloController - Internal server error while fetching users
org.springframework.dao.DataIntegrityViolationException: could not execute statement [ERROR: null value in column "status_code" of relation "audit_logs" violates not-null constraint
  Detail: Failing row contains (18, Fetch Users, Users fetched successfully, null, 2025-01-28 14:48:51.200264, 200).] [insert into audit_logs (action,description,statusCode,timestamp) values (?,?,?,?)]; SQL [insert into audit_logs (action,description,statusCode,timestamp) values (?,?,?,?)]; constraint [status_code" of relation "audit_logs]
	at org.springframework.orm.jpa.vendor.HibernateJpaDialect.convertHibernateAccessException(HibernateJpaDialect.java:290)
	at org.springframework.orm.jpa.vendor.HibernateJpaDialect.translateExceptionIfPossible(HibernateJpaDialect.java:241)
	at org.springframework.orm.jpa.AbstractEntityManagerFactoryBean.translateExceptionIfPossible(AbstractEntityManagerFactoryBean.java:560)
	at org.springframework.dao.support.ChainedPersistenceExceptionTranslator.translateExceptionIfPossible(ChainedPersistenceExceptionTranslator.java:61)
	at org.springframework.dao.support.DataAccessUtils.translateIfNecessary(DataAccessUtils.java:343)
	at org.springframework.dao.support.PersistenceExceptionTranslationInterceptor.invoke(PersistenceExceptionTranslationInterceptor.java:160)
	at org.springframework.aop.framework.ReflectiveMethodInvocation.proceed(ReflectiveMethodInvocation.java:184)
	at org.springframework.data.jpa.repository.support.CrudMethodMetadataPostProcessor$CrudMethodMetadataPopulatingMethodInterceptor.invoke(CrudMethodMetadataPostProcessor.java:165)
	at org.springframework.aop.framework.ReflectiveMethodInvocation.proceed(ReflectiveMethodInvocation.java:184)
	at org.springframework.data.repository.core.support.MethodInvocationValidator.invoke(MethodInvocationValidator.java:96)
	at org.springframework.aop.framework.ReflectiveMethodInvocation.proceed(ReflectiveMethodInvocation.java:184)
	at org.springframework.aop.framework.JdkDynamicAopProxy.invoke(JdkDynamicAopProxy.java:223)
	at jdk.proxy4/jdk.proxy4.$Proxy137.save(Unknown Source)
	at com.personal.crud_pulsar.AuditLogService.saveAuditLog(AuditLogService.kt:9)
	at com.personal.crud_pulsar.HelloController.publishAuditEvent(HelloController.kt:298)
	at com.personal.crud_pulsar.HelloController.listUsers(HelloController.kt:191)
	at java.base/jdk.internal.reflect.NativeMethodAccessorImpl.invoke0(Native Method)
	at java.base/jdk.internal.reflect.NativeMethodAccessorImpl.invoke(NativeMethodAccessorImpl.java:77)
	at java.base/jdk.internal.reflect.DelegatingMethodAccessorImpl.invoke(DelegatingMethodAccessorImpl.java:43)
	at java.base/java.lang.reflect.Method.invoke(Method.java:568)
	at kotlin.reflect.jvm.internal.calls.CallerImpl$Method.callMethod(CallerImpl.kt:97)
	at kotlin.reflect.jvm.internal.calls.CallerImpl$Method$Instance.call(CallerImpl.kt:113)
	at kotlin.reflect.jvm.internal.KCallableImpl.callDefaultMethod$kotlin_reflection(KCallableImpl.kt:207)
	at kotlin.reflect.jvm.internal.KCallableImpl.callBy(KCallableImpl.kt:112)
	at org.springframework.web.method.support.InvocableHandlerMethod$KotlinDelegate.invokeFunction(InvocableHandlerMethod.java:337)
	at org.springframework.web.method.support.InvocableHandlerMethod.doInvoke(InvocableHandlerMethod.java:254)
	at org.springframework.web.method.support.InvocableHandlerMethod.invokeForRequest(InvocableHandlerMethod.java:190)
	at org.springframework.web.servlet.mvc.method.annotation.ServletInvocableHandlerMethod.invokeAndHandle(ServletInvocableHandlerMethod.java:118)
	at org.springframework.web.servlet.mvc.method.annotation.RequestMappingHandlerAdapter.invokeHandlerMethod(RequestMappingHandlerAdapter.java:986)
	at org.springframework.web.servlet.mvc.method.annotation.RequestMappingHandlerAdapter.handleInternal(RequestMappingHandlerAdapter.java:891)
	at org.springframework.web.servlet.mvc.method.AbstractHandlerMethodAdapter.handle(AbstractHandlerMethodAdapter.java:87)
	at org.springframework.web.servlet.DispatcherServlet.doDispatch(DispatcherServlet.java:1088)
	at org.springframework.web.servlet.DispatcherServlet.doService(DispatcherServlet.java:978)
	at org.springframework.web.servlet.FrameworkServlet.processRequest(FrameworkServlet.java:1014)
	at org.springframework.web.servlet.FrameworkServlet.doGet(FrameworkServlet.java:903)
	at jakarta.servlet.http.HttpServlet.service(HttpServlet.java:564)
	at org.springframework.web.servlet.FrameworkServlet.service(FrameworkServlet.java:885)
	at jakarta.servlet.http.HttpServlet.service(HttpServlet.java:658)
	at org.apache.catalina.core.ApplicationFilterChain.internalDoFilter(ApplicationFilterChain.java:195)
	at org.apache.catalina.core.ApplicationFilterChain.doFilter(ApplicationFilterChain.java:140)
	at org.apache.tomcat.websocket.server.WsFilter.doFilter(WsFilter.java:51)
	at org.apache.catalina.core.ApplicationFilterChain.internalDoFilter(ApplicationFilterChain.java:164)
	at org.apache.catalina.core.ApplicationFilterChain.doFilter(ApplicationFilterChain.java:140)
	at org.springframework.web.filter.RequestContextFilter.doFilterInternal(RequestContextFilter.java:100)
	at org.springframework.web.filter.OncePerRequestFilter.doFilter(OncePerRequestFilter.java:116)
	at org.apache.catalina.core.ApplicationFilterChain.internalDoFilter(ApplicationFilterChain.java:164)
	at org.apache.catalina.core.ApplicationFilterChain.doFilter(ApplicationFilterChain.java:140)
	at org.springframework.web.filter.FormContentFilter.doFilterInternal(FormContentFilter.java:93)
	at org.springframework.web.filter.OncePerRequestFilter.doFilter(OncePerRequestFilter.java:116)
	at org.apache.catalina.core.ApplicationFilterChain.internalDoFilter(ApplicationFilterChain.java:164)
	at org.apache.catalina.core.ApplicationFilterChain.doFilter(ApplicationFilterChain.java:140)
	at org.springframework.web.filter.CharacterEncodingFilter.doFilterInternal(CharacterEncodingFilter.java:201)
	at org.springframework.web.filter.OncePerRequestFilter.doFilter(OncePerRequestFilter.java:116)
	at org.apache.catalina.core.ApplicationFilterChain.internalDoFilter(ApplicationFilterChain.java:164)
	at org.apache.catalina.core.ApplicationFilterChain.doFilter(ApplicationFilterChain.java:140)
	at org.apache.catalina.core.StandardWrapperValve.invoke(StandardWrapperValve.java:167)
	at org.apache.catalina.core.StandardContextValve.invoke(StandardContextValve.java:90)
	at org.apache.catalina.authenticator.AuthenticatorBase.invoke(AuthenticatorBase.java:483)
	at org.apache.catalina.core.StandardHostValve.invoke(StandardHostValve.java:115)
	at org.apache.catalina.valves.ErrorReportValve.invoke(ErrorReportValve.java:93)
	at org.apache.catalina.core.StandardEngineValve.invoke(StandardEngineValve.java:74)
	at org.apache.catalina.connector.CoyoteAdapter.service(CoyoteAdapter.java:344)
	at org.apache.coyote.http11.Http11Processor.service(Http11Processor.java:397)
	at org.apache.coyote.AbstractProcessorLight.process(AbstractProcessorLight.java:63)
	at org.apache.coyote.AbstractProtocol$ConnectionHandler.process(AbstractProtocol.java:905)
	at org.apache.tomcat.util.net.NioEndpoint$SocketProcessor.doRun(NioEndpoint.java:1741)
	at org.apache.tomcat.util.net.SocketProcessorBase.run(SocketProcessorBase.java:52)
	at org.apache.tomcat.util.threads.ThreadPoolExecutor.runWorker(ThreadPoolExecutor.java:1190)
	at org.apache.tomcat.util.threads.ThreadPoolExecutor$Worker.run(ThreadPoolExecutor.java:659)
	at org.apache.tomcat.util.threads.TaskThread$WrappingRunnable.run(TaskThread.java:63)
	at java.base/java.lang.Thread.run(Thread.java:842)
Caused by: org.hibernate.exception.ConstraintViolationException: could not execute statement [ERROR: null value in column "status_code" of relation "audit_logs" violates not-null constraint
  Detail: Failing row contains (18, Fetch Users, Users fetched successfully, null, 2025-01-28 14:48:51.200264, 200).] [insert into audit_logs (action,description,statusCode,timestamp) values (?,?,?,?)]
	at org.hibernate.exception.internal.SQLStateConversionDelegate.convert(SQLStateConversionDelegate.java:97)
	at org.hibernate.exception.internal.StandardSQLExceptionConverter.convert(StandardSQLExceptionConverter.java:58)
	at org.hibernate.engine.jdbc.spi.SqlExceptionHelper.convert(SqlExceptionHelper.java:108)
	at org.hibernate.engine.jdbc.internal.ResultSetReturnImpl.executeUpdate(ResultSetReturnImpl.java:197)
	at org.hibernate.id.insert.GetGeneratedKeysDelegate.performMutation(GetGeneratedKeysDelegate.java:116)
	at org.hibernate.engine.jdbc.mutation.internal.MutationExecutorSingleNonBatched.performNonBatchedOperations(MutationExecutorSingleNonBatched.java:47)
	at org.hibernate.engine.jdbc.mutation.internal.AbstractMutationExecutor.execute(AbstractMutationExecutor.java:55)
	at org.hibernate.persister.entity.mutation.InsertCoordinatorStandard.doStaticInserts(InsertCoordinatorStandard.java:194)
	at org.hibernate.persister.entity.mutation.InsertCoordinatorStandard.coordinateInsert(InsertCoordinatorStandard.java:132)
	at org.hibernate.persister.entity.mutation.InsertCoordinatorStandard.insert(InsertCoordinatorStandard.java:95)
	at org.hibernate.action.internal.EntityIdentityInsertAction.execute(EntityIdentityInsertAction.java:85)
	at org.hibernate.engine.spi.ActionQueue.execute(ActionQueue.java:682)
	at org.hibernate.engine.spi.ActionQueue.addResolvedEntityInsertAction(ActionQueue.java:293)
	at org.hibernate.engine.spi.ActionQueue.addInsertAction(ActionQueue.java:274)
	at org.hibernate.engine.spi.ActionQueue.addAction(ActionQueue.java:324)
	at org.hibernate.event.internal.AbstractSaveEventListener.addInsertAction(AbstractSaveEventListener.java:393)
	at org.hibernate.event.internal.AbstractSaveEventListener.performSaveOrReplicate(AbstractSaveEventListener.java:307)
	at org.hibernate.event.internal.AbstractSaveEventListener.performSave(AbstractSaveEventListener.java:223)
	at org.hibernate.event.internal.AbstractSaveEventListener.saveWithGeneratedId(AbstractSaveEventListener.java:136)
	at org.hibernate.event.internal.DefaultPersistEventListener.entityIsTransient(DefaultPersistEventListener.java:177)
	at org.hibernate.event.internal.DefaultPersistEventListener.persist(DefaultPersistEventListener.java:95)
	at org.hibernate.event.internal.DefaultPersistEventListener.onPersist(DefaultPersistEventListener.java:79)
	at org.hibernate.event.internal.DefaultPersistEventListener.onPersist(DefaultPersistEventListener.java:55)
	at org.hibernate.event.service.internal.EventListenerGroupImpl.fireEventOnEachListener(EventListenerGroupImpl.java:127)
	at org.hibernate.internal.SessionImpl.firePersist(SessionImpl.java:761)
	at org.hibernate.internal.SessionImpl.persist(SessionImpl.java:745)
	at java.base/jdk.internal.reflect.NativeMethodAccessorImpl.invoke0(Native Method)
	at java.base/jdk.internal.reflect.NativeMethodAccessorImpl.invoke(NativeMethodAccessorImpl.java:77)
	at java.base/jdk.internal.reflect.DelegatingMethodAccessorImpl.invoke(DelegatingMethodAccessorImpl.java:43)
	at java.base/java.lang.reflect.Method.invoke(Method.java:568)
	at org.springframework.orm.jpa.ExtendedEntityManagerCreator$ExtendedEntityManagerInvocationHandler.invoke(ExtendedEntityManagerCreator.java:364)
	at jdk.proxy4/jdk.proxy4.$Proxy133.persist(Unknown Source)
	at java.base/jdk.internal.reflect.NativeMethodAccessorImpl.invoke0(Native Method)
	at java.base/jdk.internal.reflect.NativeMethodAccessorImpl.invoke(NativeMethodAccessorImpl.java:77)
	at java.base/jdk.internal.reflect.DelegatingMethodAccessorImpl.invoke(DelegatingMethodAccessorImpl.java:43)
	at java.base/java.lang.reflect.Method.invoke(Method.java:568)
	at org.springframework.orm.jpa.SharedEntityManagerCreator$SharedEntityManagerInvocationHandler.invoke(SharedEntityManagerCreator.java:320)
	at jdk.proxy4/jdk.proxy4.$Proxy133.persist(Unknown Source)
	at org.springframework.data.jpa.repository.support.SimpleJpaRepository.save(SimpleJpaRepository.java:627)
	at java.base/jdk.internal.reflect.NativeMethodAccessorImpl.invoke0(Native Method)
	at java.base/jdk.internal.reflect.NativeMethodAccessorImpl.invoke(NativeMethodAccessorImpl.java:77)
	at java.base/jdk.internal.reflect.DelegatingMethodAccessorImpl.invoke(DelegatingMethodAccessorImpl.java:43)
	at java.base/java.lang.reflect.Method.invoke(Method.java:568)
	at org.springframework.aop.support.AopUtils.invokeJoinpointUsingReflection(AopUtils.java:359)
	at org.springframework.data.repository.core.support.RepositoryMethodInvoker$RepositoryFragmentMethodInvoker.lambda$new$0(RepositoryMethodInvoker.java:277)
	at org.springframework.data.repository.core.support.RepositoryMethodInvoker.doInvoke(RepositoryMethodInvoker.java:170)
	at org.springframework.data.repository.core.support.RepositoryMethodInvoker.invoke(RepositoryMethodInvoker.java:158)
	at org.springframework.data.repository.core.support.RepositoryComposition$RepositoryFragments.invoke(RepositoryComposition.java:515)
	at org.springframework.data.repository.core.support.RepositoryComposition.invoke(RepositoryComposition.java:284)
	at org.springframework.data.repository.core.support.RepositoryFactorySupport$ImplementationMethodExecutionInterceptor.invoke(RepositoryFactorySupport.java:752)
	at org.springframework.aop.framework.ReflectiveMethodInvocation.proceed(ReflectiveMethodInvocation.java:184)
	at org.springframework.data.repository.core.support.QueryExecutorMethodInterceptor.doInvoke(QueryExecutorMethodInterceptor.java:174)
	at org.springframework.data.repository.core.support.QueryExecutorMethodInterceptor.invoke(QueryExecutorMethodInterceptor.java:149)
	at org.springframework.aop.framework.ReflectiveMethodInvocation.proceed(ReflectiveMethodInvocation.java:184)
	at org.springframework.data.projection.DefaultMethodInvokingMethodInterceptor.invoke(DefaultMethodInvokingMethodInterceptor.java:69)
	at org.springframework.aop.framework.ReflectiveMethodInvocation.proceed(ReflectiveMethodInvocation.java:184)
	at org.springframework.transaction.interceptor.TransactionAspectSupport.invokeWithinTransaction(TransactionAspectSupport.java:380)
	at org.springframework.transaction.interceptor.TransactionInterceptor.invoke(TransactionInterceptor.java:119)
	at org.springframework.aop.framework.ReflectiveMethodInvocation.proceed(ReflectiveMethodInvocation.java:184)
	at org.springframework.dao.support.PersistenceExceptionTranslationInterceptor.invoke(PersistenceExceptionTranslationInterceptor.java:138)
	... 65 common frames omitted
Caused by: org.postgresql.util.PSQLException: ERROR: null value in column "status_code" of relation "audit_logs" violates not-null constraint
  Detail: Failing row contains (18, Fetch Users, Users fetched successfully, null, 2025-01-28 14:48:51.200264, 200).
	at org.postgresql.core.v3.QueryExecutorImpl.receiveErrorResponse(QueryExecutorImpl.java:2733)
	at org.postgresql.core.v3.QueryExecutorImpl.processResults(QueryExecutorImpl.java:2420)
	at org.postgresql.core.v3.QueryExecutorImpl.execute(QueryExecutorImpl.java:372)
	at org.postgresql.jdbc.PgStatement.executeInternal(PgStatement.java:517)
	at org.postgresql.jdbc.PgStatement.execute(PgStatement.java:434)
	at org.postgresql.jdbc.PgPreparedStatement.executeWithFlags(PgPreparedStatement.java:194)
	at org.postgresql.jdbc.PgPreparedStatement.executeUpdate(PgPreparedStatement.java:155)
	at com.zaxxer.hikari.pool.ProxyPreparedStatement.executeUpdate(ProxyPreparedStatement.java:61)
	at com.zaxxer.hikari.pool.HikariProxyPreparedStatement.executeUpdate(HikariProxyPreparedStatement.java)
	at org.hibernate.engine.jdbc.internal.ResultSetReturnImpl.executeUpdate(ResultSetReturnImpl.java:194)
	... 121 common frames omitted
2025-01-28 14:48:51 [http-nio-9191-exec-8] INFO  c.p.crud_pulsar.EventPublisher - EventPublisher::publishPlainMessage published the event: AuditMessage(action=Fetch Users, description=Internal server error, statusCode=500)
2025-01-28 14:48:51 [http-nio-9191-exec-8] WARN  o.h.e.jdbc.spi.SqlExceptionHelper - SQL Error: 0, SQLState: 23502
2025-01-28 14:48:51 [http-nio-9191-exec-8] ERROR o.h.e.jdbc.spi.SqlExceptionHelper - ERROR: null value in column "status_code" of relation "audit_logs" violates not-null constraint
  Detail: Failing row contains (19, Fetch Users, Internal server error, null, 2025-01-28 14:48:51.212357, 500).
2025-01-28 14:48:51 [http-nio-9191-exec-8] ERROR o.a.c.c.C.[.[.[.[dispatcherServlet] - Servlet.service() for servlet [dispatcherServlet] in context with path [] threw exception [Request processing failed: org.springframework.dao.DataIntegrityViolationException: could not execute statement [ERROR: null value in column "status_code" of relation "audit_logs" violates not-null constraint
  Detail: Failing row contains (19, Fetch Users, Internal server error, null, 2025-01-28 14:48:51.212357, 500).] [insert into audit_logs (action,description,statusCode,timestamp) values (?,?,?,?)]; SQL [insert into audit_logs (action,description,statusCode,timestamp) values (?,?,?,?)]; constraint [status_code" of relation "audit_logs]] with root cause
org.postgresql.util.PSQLException: ERROR: null value in column "status_code" of relation "audit_logs" violates not-null constraint
  Detail: Failing row contains (19, Fetch Users, Internal server error, null, 2025-01-28 14:48:51.212357, 500).
	at org.postgresql.core.v3.QueryExecutorImpl.receiveErrorResponse(QueryExecutorImpl.java:2733)
	at org.postgresql.core.v3.QueryExecutorImpl.processResults(QueryExecutorImpl.java:2420)
	at org.postgresql.core.v3.QueryExecutorImpl.execute(QueryExecutorImpl.java:372)
	at org.postgresql.jdbc.PgStatement.executeInternal(PgStatement.java:517)
	at org.postgresql.jdbc.PgStatement.execute(PgStatement.java:434)
	at org.postgresql.jdbc.PgPreparedStatement.executeWithFlags(PgPreparedStatement.java:194)
	at org.postgresql.jdbc.PgPreparedStatement.executeUpdate(PgPreparedStatement.java:155)
	at com.zaxxer.hikari.pool.ProxyPreparedStatement.executeUpdate(ProxyPreparedStatement.java:61)
	at com.zaxxer.hikari.pool.HikariProxyPreparedStatement.executeUpdate(HikariProxyPreparedStatement.java)
	at org.hibernate.engine.jdbc.internal.ResultSetReturnImpl.executeUpdate(ResultSetReturnImpl.java:194)
	at org.hibernate.id.insert.GetGeneratedKeysDelegate.performMutation(GetGeneratedKeysDelegate.java:116)
	at org.hibernate.engine.jdbc.mutation.internal.MutationExecutorSingleNonBatched.performNonBatchedOperations(MutationExecutorSingleNonBatched.java:47)
	at org.hibernate.engine.jdbc.mutation.internal.AbstractMutationExecutor.execute(AbstractMutationExecutor.java:55)
	at org.hibernate.persister.entity.mutation.InsertCoordinatorStandard.doStaticInserts(InsertCoordinatorStandard.java:194)
	at org.hibernate.persister.entity.mutation.InsertCoordinatorStandard.coordinateInsert(InsertCoordinatorStandard.java:132)
	at org.hibernate.persister.entity.mutation.InsertCoordinatorStandard.insert(InsertCoordinatorStandard.java:95)
	at org.hibernate.action.internal.EntityIdentityInsertAction.execute(EntityIdentityInsertAction.java:85)
	at org.hibernate.engine.spi.ActionQueue.execute(ActionQueue.java:682)
	at org.hibernate.engine.spi.ActionQueue.addResolvedEntityInsertAction(ActionQueue.java:293)
	at org.hibernate.engine.spi.ActionQueue.addInsertAction(ActionQueue.java:274)
	at org.hibernate.engine.spi.ActionQueue.addAction(ActionQueue.java:324)
	at org.hibernate.event.internal.AbstractSaveEventListener.addInsertAction(AbstractSaveEventListener.java:393)
	at org.hibernate.event.internal.AbstractSaveEventListener.performSaveOrReplicate(AbstractSaveEventListener.java:307)
	at org.hibernate.event.internal.AbstractSaveEventListener.performSave(AbstractSaveEventListener.java:223)
	at org.hibernate.event.internal.AbstractSaveEventListener.saveWithGeneratedId(AbstractSaveEventListener.java:136)
	at org.hibernate.event.internal.DefaultPersistEventListener.entityIsTransient(DefaultPersistEventListener.java:177)
	at org.hibernate.event.internal.DefaultPersistEventListener.persist(DefaultPersistEventListener.java:95)
	at org.hibernate.event.internal.DefaultPersistEventListener.onPersist(DefaultPersistEventListener.java:79)
	at org.hibernate.event.internal.DefaultPersistEventListener.onPersist(DefaultPersistEventListener.java:55)
	at org.hibernate.event.service.internal.EventListenerGroupImpl.fireEventOnEachListener(EventListenerGroupImpl.java:127)
	at org.hibernate.internal.SessionImpl.firePersist(SessionImpl.java:761)
	at org.hibernate.internal.SessionImpl.persist(SessionImpl.java:745)
	at jdk.internal.reflect.GeneratedMethodAccessor27.invoke(Unknown Source)
	at java.base/jdk.internal.reflect.DelegatingMethodAccessorImpl.invoke(DelegatingMethodAccessorImpl.java:43)
	at java.base/java.lang.reflect.Method.invoke(Method.java:568)
	at org.springframework.orm.jpa.ExtendedEntityManagerCreator$ExtendedEntityManagerInvocationHandler.invoke(ExtendedEntityManagerCreator.java:364)
	at jdk.proxy4/jdk.proxy4.$Proxy133.persist(Unknown Source)
	at jdk.internal.reflect.GeneratedMethodAccessor27.invoke(Unknown Source)
	at java.base/jdk.internal.reflect.DelegatingMethodAccessorImpl.invoke(DelegatingMethodAccessorImpl.java:43)
	at java.base/java.lang.reflect.Method.invoke(Method.java:568)
	at org.springframework.orm.jpa.SharedEntityManagerCreator$SharedEntityManagerInvocationHandler.invoke(SharedEntityManagerCreator.java:320)
	at jdk.proxy4/jdk.proxy4.$Proxy133.persist(Unknown Source)
	at org.springframework.data.jpa.repository.support.SimpleJpaRepository.save(SimpleJpaRepository.java:627)
	at java.base/jdk.internal.reflect.NativeMethodAccessorImpl.invoke0(Native Method)
	at java.base/jdk.internal.reflect.NativeMethodAccessorImpl.invoke(NativeMethodAccessorImpl.java:77)
	at java.base/jdk.internal.reflect.DelegatingMethodAccessorImpl.invoke(DelegatingMethodAccessorImpl.java:43)
	at java.base/java.lang.reflect.Method.invoke(Method.java:568)
	at org.springframework.aop.support.AopUtils.invokeJoinpointUsingReflection(AopUtils.java:359)
	at org.springframework.data.repository.core.support.RepositoryMethodInvoker$RepositoryFragmentMethodInvoker.lambda$new$0(RepositoryMethodInvoker.java:277)
	at org.springframework.data.repository.core.support.RepositoryMethodInvoker.doInvoke(RepositoryMethodInvoker.java:170)
	at org.springframework.data.repository.core.support.RepositoryMethodInvoker.invoke(RepositoryMethodInvoker.java:158)
	at org.springframework.data.repository.core.support.RepositoryComposition$RepositoryFragments.invoke(RepositoryComposition.java:515)
	at org.springframework.data.repository.core.support.RepositoryComposition.invoke(RepositoryComposition.java:284)
	at org.springframework.data.repository.core.support.RepositoryFactorySupport$ImplementationMethodExecutionInterceptor.invoke(RepositoryFactorySupport.java:752)
	at org.springframework.aop.framework.ReflectiveMethodInvocation.proceed(ReflectiveMethodInvocation.java:184)
	at org.springframework.data.repository.core.support.QueryExecutorMethodInterceptor.doInvoke(QueryExecutorMethodInterceptor.java:174)
	at org.springframework.data.repository.core.support.QueryExecutorMethodInterceptor.invoke(QueryExecutorMethodInterceptor.java:149)
	at org.springframework.aop.framework.ReflectiveMethodInvocation.proceed(ReflectiveMethodInvocation.java:184)
	at org.springframework.data.projection.DefaultMethodInvokingMethodInterceptor.invoke(DefaultMethodInvokingMethodInterceptor.java:69)
	at org.springframework.aop.framework.ReflectiveMethodInvocation.proceed(ReflectiveMethodInvocation.java:184)
	at org.springframework.transaction.interceptor.TransactionAspectSupport.invokeWithinTransaction(TransactionAspectSupport.java:380)
	at org.springframework.transaction.interceptor.TransactionInterceptor.invoke(TransactionInterceptor.java:119)
	at org.springframework.aop.framework.ReflectiveMethodInvocation.proceed(ReflectiveMethodInvocation.java:184)
	at org.springframework.dao.support.PersistenceExceptionTranslationInterceptor.invoke(PersistenceExceptionTranslationInterceptor.java:138)
	at org.springframework.aop.framework.ReflectiveMethodInvocation.proceed(ReflectiveMethodInvocation.java:184)
	at org.springframework.data.jpa.repository.support.CrudMethodMetadataPostProcessor$CrudMethodMetadataPopulatingMethodInterceptor.invoke(CrudMethodMetadataPostProcessor.java:165)
	at org.springframework.aop.framework.ReflectiveMethodInvocation.proceed(ReflectiveMethodInvocation.java:184)
	at org.springframework.data.repository.core.support.MethodInvocationValidator.invoke(MethodInvocationValidator.java:96)
	at org.springframework.aop.framework.ReflectiveMethodInvocation.proceed(ReflectiveMethodInvocation.java:184)
	at org.springframework.aop.framework.JdkDynamicAopProxy.invoke(JdkDynamicAopProxy.java:223)
	at jdk.proxy4/jdk.proxy4.$Proxy137.save(Unknown Source)
	at com.personal.crud_pulsar.AuditLogService.saveAuditLog(AuditLogService.kt:9)
	at com.personal.crud_pulsar.HelloController.publishAuditEvent(HelloController.kt:298)
	at com.personal.crud_pulsar.HelloController.listUsers(HelloController.kt:195)
	at java.base/jdk.internal.reflect.NativeMethodAccessorImpl.invoke0(Native Method)
	at java.base/jdk.internal.reflect.NativeMethodAccessorImpl.invoke(NativeMethodAccessorImpl.java:77)
	at java.base/jdk.internal.reflect.DelegatingMethodAccessorImpl.invoke(DelegatingMethodAccessorImpl.java:43)
	at java.base/java.lang.reflect.Method.invoke(Method.java:568)
	at kotlin.reflect.jvm.internal.calls.CallerImpl$Method.callMethod(CallerImpl.kt:97)
	at kotlin.reflect.jvm.internal.calls.CallerImpl$Method$Instance.call(CallerImpl.kt:113)
	at kotlin.reflect.jvm.internal.KCallableImpl.callDefaultMethod$kotlin_reflection(KCallableImpl.kt:207)
	at kotlin.reflect.jvm.internal.KCallableImpl.callBy(KCallableImpl.kt:112)
	at org.springframework.web.method.support.InvocableHandlerMethod$KotlinDelegate.invokeFunction(InvocableHandlerMethod.java:337)
	at org.springframework.web.method.support.InvocableHandlerMethod.doInvoke(InvocableHandlerMethod.java:254)
	at org.springframework.web.method.support.InvocableHandlerMethod.invokeForRequest(InvocableHandlerMethod.java:190)
	at org.springframework.web.servlet.mvc.method.annotation.ServletInvocableHandlerMethod.invokeAndHandle(ServletInvocableHandlerMethod.java:118)
	at org.springframework.web.servlet.mvc.method.annotation.RequestMappingHandlerAdapter.invokeHandlerMethod(RequestMappingHandlerAdapter.java:986)
	at org.springframework.web.servlet.mvc.method.annotation.RequestMappingHandlerAdapter.handleInternal(RequestMappingHandlerAdapter.java:891)
	at org.springframework.web.servlet.mvc.method.AbstractHandlerMethodAdapter.handle(AbstractHandlerMethodAdapter.java:87)
	at org.springframework.web.servlet.DispatcherServlet.doDispatch(DispatcherServlet.java:1088)
	at org.springframework.web.servlet.DispatcherServlet.doService(DispatcherServlet.java:978)
	at org.springframework.web.servlet.FrameworkServlet.processRequest(FrameworkServlet.java:1014)
	at org.springframework.web.servlet.FrameworkServlet.doGet(FrameworkServlet.java:903)
	at jakarta.servlet.http.HttpServlet.service(HttpServlet.java:564)
	at org.springframework.web.servlet.FrameworkServlet.service(FrameworkServlet.java:885)
	at jakarta.servlet.http.HttpServlet.service(HttpServlet.java:658)
	at org.apache.catalina.core.ApplicationFilterChain.internalDoFilter(ApplicationFilterChain.java:195)
	at org.apache.catalina.core.ApplicationFilterChain.doFilter(ApplicationFilterChain.java:140)
	at org.apache.tomcat.websocket.server.WsFilter.doFilter(WsFilter.java:51)
	at org.apache.catalina.core.ApplicationFilterChain.internalDoFilter(ApplicationFilterChain.java:164)
	at org.apache.catalina.core.ApplicationFilterChain.doFilter(ApplicationFilterChain.java:140)
	at org.springframework.web.filter.RequestContextFilter.doFilterInternal(RequestContextFilter.java:100)
	at org.springframework.web.filter.OncePerRequestFilter.doFilter(OncePerRequestFilter.java:116)
	at org.apache.catalina.core.ApplicationFilterChain.internalDoFilter(ApplicationFilterChain.java:164)
	at org.apache.catalina.core.ApplicationFilterChain.doFilter(ApplicationFilterChain.java:140)
	at org.springframework.web.filter.FormContentFilter.doFilterInternal(FormContentFilter.java:93)
	at org.springframework.web.filter.OncePerRequestFilter.doFilter(OncePerRequestFilter.java:116)
	at org.apache.catalina.core.ApplicationFilterChain.internalDoFilter(ApplicationFilterChain.java:164)
	at org.apache.catalina.core.ApplicationFilterChain.doFilter(ApplicationFilterChain.java:140)
	at org.springframework.web.filter.CharacterEncodingFilter.doFilterInternal(CharacterEncodingFilter.java:201)
	at org.springframework.web.filter.OncePerRequestFilter.doFilter(OncePerRequestFilter.java:116)
	at org.apache.catalina.core.ApplicationFilterChain.internalDoFilter(ApplicationFilterChain.java:164)
	at org.apache.catalina.core.ApplicationFilterChain.doFilter(ApplicationFilterChain.java:140)
	at org.apache.catalina.core.StandardWrapperValve.invoke(StandardWrapperValve.java:167)
	at org.apache.catalina.core.StandardContextValve.invoke(StandardContextValve.java:90)
	at org.apache.catalina.authenticator.AuthenticatorBase.invoke(AuthenticatorBase.java:483)
	at org.apache.catalina.core.StandardHostValve.invoke(StandardHostValve.java:115)
	at org.apache.catalina.valves.ErrorReportValve.invoke(ErrorReportValve.java:93)
	at org.apache.catalina.core.StandardEngineValve.invoke(StandardEngineValve.java:74)
	at org.apache.catalina.connector.CoyoteAdapter.service(CoyoteAdapter.java:344)
	at org.apache.coyote.http11.Http11Processor.service(Http11Processor.java:397)
	at org.apache.coyote.AbstractProcessorLight.process(AbstractProcessorLight.java:63)
	at org.apache.coyote.AbstractProtocol$ConnectionHandler.process(AbstractProtocol.java:905)
	at org.apache.tomcat.util.net.NioEndpoint$SocketProcessor.doRun(NioEndpoint.java:1741)
	at org.apache.tomcat.util.net.SocketProcessorBase.run(SocketProcessorBase.java:52)
	at org.apache.tomcat.util.threads.ThreadPoolExecutor.runWorker(ThreadPoolExecutor.java:1190)
	at org.apache.tomcat.util.threads.ThreadPoolExecutor$Worker.run(ThreadPoolExecutor.java:659)
	at org.apache.tomcat.util.threads.TaskThread$WrappingRunnable.run(TaskThread.java:63)
	at java.base/java.lang.Thread.run(Thread.java:842)
2025-01-28 14:48:51 [org.springframework.Pulsar.PulsarListenerEndpointContainer#0-0-C-1] INFO  c.personal.crud_pulsar.EventConsumer - EventConsumer::consumeTextEvent consumed events Fetched all users
2025-01-28 14:48:51 [org.springframework.Pulsar.PulsarListenerEndpointContainer#0-0-C-1] INFO  c.personal.crud_pulsar.EventConsumer - EventConsumer::consumeTextEvent consumed events AuditMessage(action=Fetch Users, description=Users fetched successfully, statusCode=200)
2025-01-28 14:48:51 [org.springframework.Pulsar.PulsarListenerEndpointContainer#0-0-C-1] INFO  c.personal.crud_pulsar.EventConsumer - EventConsumer::consumeTextEvent consumed events AuditMessage(action=Fetch Users, description=Internal server error, statusCode=500)
2025-01-28 14:48:51 [org.springframework.Pulsar.PulsarListenerEndpointContainer#0-0-C-1] INFO  c.personal.crud_pulsar.EventConsumer - EventConsumer::consumeTextEvent consumed events Fetched all users
2025-01-28 14:48:51 [org.springframework.Pulsar.PulsarListenerEndpointContainer#0-0-C-1] INFO  c.personal.crud_pulsar.EventConsumer - EventConsumer::consumeTextEvent consumed events AuditMessage(action=Fetch Users, description=Users fetched successfully, statusCode=200)
2025-01-28 14:48:51 [org.springframework.Pulsar.PulsarListenerEndpointContainer#0-0-C-1] INFO  c.personal.crud_pulsar.EventConsumer - EventConsumer::consumeTextEvent consumed events AuditMessage(action=Fetch Users, description=Internal server error, statusCode=500)
2025-01-28 14:49:24 [pulsar-timer-27-1] INFO  o.a.p.c.i.ConsumerStatsRecorderImpl - [persistent://public/default/jt-plain-topic] [my-subscription] [3add8] Prefetched messages: 0 --- Consume throughput received: 0.10 msgs/s --- 0.00 Mbit/s --- Ack sent rate: 0.10 ack/s --- Failed messages: 0 --- batch messages: 0 ---Failed acks: 0
2025-01-28 14:49:51 [pulsar-timer-27-1] INFO  o.a.p.c.i.ProducerStatsRecorderImpl - [persistent://public/default/jt-plain-topic] [standalone-0-2] --- Publish throughput: 0.10 msg/s --- 0.00 Mbit/s --- Latency: med: 7.000 ms - 95pct: 9.000 ms - 99pct: 9.000 ms - 99.9pct: 9.000 ms - max: 9.000 ms --- BatchSize: med: 1.000 - 95pct: 1.000 - 99pct: 1.000 - 99.9pct: 1.000 - max: 1.000 --- MsgSize: med: 83.000 bytes - 95pct: 88.000 bytes - 99pct: 88.000 bytes - 99.9pct: 88.000 bytes - max: 88.000 bytes --- Ack received rate: 0.10 ack/s --- Failed messages: 0 --- Pending messages: 0
2025-01-28 14:49:52 [pulsar-client-io-1-3] INFO  o.a.pulsar.client.impl.ProducerImpl - [persistent://public/default/jt-plain-topic] [standalone-0-2] Closed Producer
2025-01-28 15:00:05 [SpringApplicationShutdownHook] INFO  o.s.b.w.e.tomcat.GracefulShutdown - Commencing graceful shutdown. Waiting for active requests to complete
2025-01-28 15:00:05 [tomcat-shutdown] INFO  o.s.b.w.e.tomcat.GracefulShutdown - Graceful shutdown complete
2025-01-28 15:00:05 [SpringApplicationShutdownHook] INFO  o.s.p.l.DefaultPulsarMessageListenerContainer - Pausing consumer
2025-01-28 15:00:05 [SpringApplicationShutdownHook] INFO  o.s.p.l.DefaultPulsarMessageListenerContainer - Closing consumer
2025-01-28 15:00:05 [pulsar-client-io-1-3] INFO  o.a.pulsar.client.impl.ConsumerImpl - [persistent://public/default/jt-raw-topic] [my-subscription] Closed consumer
2025-01-28 15:00:05 [SpringApplicationShutdownHook] INFO  o.s.p.l.DefaultPulsarMessageListenerContainer - Pausing consumer
2025-01-28 15:00:05 [SpringApplicationShutdownHook] INFO  o.s.p.l.DefaultPulsarMessageListenerContainer - Closing consumer
2025-01-28 15:00:05 [pulsar-client-io-1-3] INFO  o.a.pulsar.client.impl.ConsumerImpl - [persistent://public/default/jt-plain-topic] [my-subscription] Closed consumer
2025-01-28 15:00:05 [SpringApplicationShutdownHook] INFO  o.s.p.l.DefaultPulsarMessageListenerContainer - Pausing consumer
2025-01-28 15:00:05 [SpringApplicationShutdownHook] INFO  o.s.p.l.DefaultPulsarMessageListenerContainer - Closing consumer
2025-01-28 15:00:05 [pulsar-client-io-1-3] INFO  o.a.pulsar.client.impl.ConsumerImpl - [persistent://public/default/jt-raw-topic-dlq] [my-subscription-dlq] Closed consumer
2025-01-28 15:00:05 [SpringApplicationShutdownHook] INFO  o.a.p.client.impl.PulsarClientImpl - Client closing. URL: pulsar://localhost:6650
2025-01-28 15:00:05 [pulsar-client-io-1-3] INFO  o.a.pulsar.client.impl.ClientCnx - [id: 0xe1f6321b, L:/127.0.0.1:53304 ! R:localhost/127.0.0.1:6650] Disconnected
2025-01-28 15:00:11 [restartedMain] INFO  c.p.c.CrudPulsarApplicationKt - Starting CrudPulsarApplicationKt using Java 17.0.12 with PID 38364 (/Users/uttam.gowda/IdeaProjects/crud-pulsar -1/build/classes/kotlin/main started by uttam.gowda in /Users/uttam.gowda/IdeaProjects/crud-pulsar -1)
2025-01-28 15:00:11 [restartedMain] INFO  c.p.c.CrudPulsarApplicationKt - No active profile set, falling back to 1 default profile: "default"
2025-01-28 15:00:11 [restartedMain] INFO  o.s.b.d.restart.ChangeableUrls - The Class-Path manifest attribute in /Users/uttam.gowda/.gradle/caches/modules-2/files-2.1/org.springframework.pulsar/spring-pulsar-cache-provider-caffeine/1.2.1/c2b0ff3dd061069d916cb1df19e539eda19562e0/spring-pulsar-cache-provider-caffeine-1.2.1.jar referenced one or more files that do not exist: file:/Users/uttam.gowda/.gradle/caches/modules-2/files-2.1/org.springframework.pulsar/spring-pulsar-cache-provider-caffeine/1.2.1/c2b0ff3dd061069d916cb1df19e539eda19562e0/spring-pulsar-cache-provider-1.2.1.jar
2025-01-28 15:00:11 [restartedMain] INFO  o.s.b.d.e.DevToolsPropertyDefaultsPostProcessor - Devtools property defaults active! Set 'spring.devtools.add-properties' to 'false' to disable
2025-01-28 15:00:11 [restartedMain] INFO  o.s.b.d.e.DevToolsPropertyDefaultsPostProcessor - For additional web related logging consider setting the 'logging.level.web' property to 'DEBUG'
2025-01-28 15:00:12 [restartedMain] INFO  o.s.d.r.c.RepositoryConfigurationDelegate - Bootstrapping Spring Data JPA repositories in DEFAULT mode.
2025-01-28 15:00:12 [restartedMain] INFO  o.s.d.r.c.RepositoryConfigurationDelegate - Finished Spring Data repository scanning in 24 ms. Found 2 JPA repository interfaces.
2025-01-28 15:00:12 [restartedMain] INFO  o.s.b.w.e.tomcat.TomcatWebServer - Tomcat initialized with port 9191 (http)
2025-01-28 15:00:12 [restartedMain] INFO  o.a.catalina.core.StandardService - Starting service [Tomcat]
2025-01-28 15:00:12 [restartedMain] INFO  o.a.catalina.core.StandardEngine - Starting Servlet engine: [Apache Tomcat/10.1.34]
2025-01-28 15:00:12 [restartedMain] INFO  o.a.c.c.C.[Tomcat].[localhost].[/] - Initializing Spring embedded WebApplicationContext
2025-01-28 15:00:12 [restartedMain] INFO  o.s.b.w.s.c.ServletWebServerApplicationContext - Root WebApplicationContext: initialization completed in 897 ms
2025-01-28 15:00:12 [restartedMain] INFO  o.h.jpa.internal.util.LogHelper - HHH000204: Processing PersistenceUnitInfo [name: default]
2025-01-28 15:00:12 [restartedMain] INFO  org.hibernate.Version - HHH000412: Hibernate ORM core version 6.6.4.Final
2025-01-28 15:00:12 [restartedMain] INFO  o.h.c.i.RegionFactoryInitiator - HHH000026: Second-level cache disabled
2025-01-28 15:00:12 [restartedMain] INFO  o.s.o.j.p.SpringPersistenceUnitInfo - No LoadTimeWeaver setup: ignoring JPA class transformer
2025-01-28 15:00:12 [restartedMain] INFO  com.zaxxer.hikari.HikariDataSource - HikariPool-1 - Starting...
2025-01-28 15:00:13 [restartedMain] INFO  com.zaxxer.hikari.pool.HikariPool - HikariPool-1 - Added connection org.postgresql.jdbc.PgConnection@4a4dd66c
2025-01-28 15:00:13 [restartedMain] INFO  com.zaxxer.hikari.HikariDataSource - HikariPool-1 - Start completed.
2025-01-28 15:00:13 [restartedMain] WARN  org.hibernate.orm.deprecation - HHH90000025: PostgreSQLDialect does not need to be specified explicitly using 'hibernate.dialect' (remove the property setting and it will be selected by default)
2025-01-28 15:00:13 [restartedMain] INFO  o.hibernate.orm.connections.pooling - HHH10001005: Database info:
	Database JDBC URL [Connecting through datasource 'HikariDataSource (HikariPool-1)']
	Database driver: undefined/unknown
	Database version: 17.2
	Autocommit mode: undefined/unknown
	Isolation level: undefined/unknown
	Minimum pool size: undefined/unknown
	Maximum pool size: undefined/unknown
2025-01-28 15:00:13 [restartedMain] INFO  o.h.e.t.j.p.i.JtaPlatformInitiator - HHH000489: No JTA platform available (set 'hibernate.transaction.jta.platform' to enable JTA platform integration)
2025-01-28 15:00:13 [restartedMain] INFO  o.s.o.j.LocalContainerEntityManagerFactoryBean - Initialized JPA EntityManagerFactory for persistence unit 'default'
2025-01-28 15:00:13 [restartedMain] INFO  o.s.p.c.DefaultPulsarClientFactory - Using restartable client
2025-01-28 15:00:13 [restartedMain] ERROR o.a.p.s.i.n.r.d.DnsServerAddressStreamProviders - Unable to load org.apache.pulsar.shade.io.netty.resolver.dns.macos.MacOSDnsServerAddressStreamProvider, fallback to system defaults. This may result in incorrect DNS resolutions on MacOS. Check whether you have a dependency on 'io.netty:netty-resolver-dns-native-macos'. Use DEBUG level to see the full stack: java.lang.UnsatisfiedLinkError: failed to load the required native library
2025-01-28 15:00:13 [restartedMain] WARN  o.a.p.c.util.netty.DnsResolverUtil - Cannot get DNS TTL settings from sun.net.InetAddressCachePolicy class
java.lang.IllegalAccessException: class org.apache.pulsar.common.util.netty.DnsResolverUtil cannot access class sun.net.InetAddressCachePolicy (in module java.base) because module java.base does not export sun.net to unnamed module @710ec6dd
	at java.base/jdk.internal.reflect.Reflection.newIllegalAccessException(Reflection.java:392)
	at java.base/java.lang.reflect.AccessibleObject.checkAccess(AccessibleObject.java:674)
	at java.base/java.lang.reflect.Method.invoke(Method.java:560)
	at org.apache.pulsar.common.util.netty.DnsResolverUtil.<clinit>(DnsResolverUtil.java:46)
	at org.apache.pulsar.client.impl.ConnectionPool.createAddressResolver(ConnectionPool.java:159)
	at org.apache.pulsar.client.impl.ConnectionPool.lambda$new$1(ConnectionPool.java:126)
	at java.base/java.util.Optional.orElseGet(Optional.java:364)
	at org.apache.pulsar.client.impl.ConnectionPool.<init>(ConnectionPool.java:126)
	at org.apache.pulsar.client.impl.ConnectionPool.<init>(ConnectionPool.java:95)
	at org.apache.pulsar.client.impl.ConnectionPool.<init>(ConnectionPool.java:90)
	at org.apache.pulsar.client.impl.PulsarClientImpl.<init>(PulsarClientImpl.java:196)
	at org.apache.pulsar.client.impl.PulsarClientImpl.<init>(PulsarClientImpl.java:153)
	at org.apache.pulsar.client.impl.ClientBuilderImpl.build(ClientBuilderImpl.java:63)
	at org.springframework.pulsar.core.PulsarClientProxy.createInstance(PulsarClientProxy.java:97)
	at org.springframework.pulsar.core.PulsarClientProxy.createInstance(PulsarClientProxy.java:47)
	at org.springframework.pulsar.core.RestartableSingletonFactory.ensureInstanceCreated(RestartableSingletonFactory.java:72)
	at org.springframework.pulsar.core.RestartableSingletonFactory.afterPropertiesSet(RestartableSingletonFactory.java:61)
	at org.springframework.beans.factory.support.AbstractAutowireCapableBeanFactory.invokeInitMethods(AbstractAutowireCapableBeanFactory.java:1855)
	at org.springframework.beans.factory.support.AbstractAutowireCapableBeanFactory.initializeBean(AbstractAutowireCapableBeanFactory.java:1804)
	at org.springframework.beans.factory.support.AbstractAutowireCapableBeanFactory.doCreateBean(AbstractAutowireCapableBeanFactory.java:601)
	at org.springframework.beans.factory.support.AbstractAutowireCapableBeanFactory.createBean(AbstractAutowireCapableBeanFactory.java:523)
	at org.springframework.beans.factory.support.AbstractBeanFactory.lambda$doGetBean$0(AbstractBeanFactory.java:336)
	at org.springframework.beans.factory.support.DefaultSingletonBeanRegistry.getSingleton(DefaultSingletonBeanRegistry.java:289)
	at org.springframework.beans.factory.support.AbstractBeanFactory.doGetBean(AbstractBeanFactory.java:334)
	at org.springframework.beans.factory.support.AbstractBeanFactory.getBean(AbstractBeanFactory.java:199)
	at org.springframework.beans.factory.support.DefaultListableBeanFactory.doResolveDependency(DefaultListableBeanFactory.java:1573)
	at org.springframework.beans.factory.support.DefaultListableBeanFactory.resolveDependency(DefaultListableBeanFactory.java:1519)
	at org.springframework.beans.factory.support.ConstructorResolver.resolveAutowiredArgument(ConstructorResolver.java:913)
	at org.springframework.beans.factory.support.ConstructorResolver.createArgumentArray(ConstructorResolver.java:791)
	at org.springframework.beans.factory.support.ConstructorResolver.instantiateUsingFactoryMethod(ConstructorResolver.java:546)
	at org.springframework.beans.factory.support.AbstractAutowireCapableBeanFactory.instantiateUsingFactoryMethod(AbstractAutowireCapableBeanFactory.java:1357)
	at org.springframework.beans.factory.support.AbstractAutowireCapableBeanFactory.createBeanInstance(AbstractAutowireCapableBeanFactory.java:1187)
	at org.springframework.beans.factory.support.AbstractAutowireCapableBeanFactory.doCreateBean(AbstractAutowireCapableBeanFactory.java:563)
	at org.springframework.beans.factory.support.AbstractAutowireCapableBeanFactory.createBean(AbstractAutowireCapableBeanFactory.java:523)
	at org.springframework.beans.factory.support.AbstractBeanFactory.lambda$doGetBean$0(AbstractBeanFactory.java:336)
	at org.springframework.beans.factory.support.DefaultSingletonBeanRegistry.getSingleton(DefaultSingletonBeanRegistry.java:289)
	at org.springframework.beans.factory.support.AbstractBeanFactory.doGetBean(AbstractBeanFactory.java:334)
	at org.springframework.beans.factory.support.AbstractBeanFactory.getBean(AbstractBeanFactory.java:199)
	at org.springframework.beans.factory.config.DependencyDescriptor.resolveCandidate(DependencyDescriptor.java:254)
	at org.springframework.beans.factory.support.DefaultListableBeanFactory.doResolveDependency(DefaultListableBeanFactory.java:1631)
	at org.springframework.beans.factory.support.DefaultListableBeanFactory.resolveDependency(DefaultListableBeanFactory.java:1519)
	at org.springframework.beans.factory.support.ConstructorResolver.resolveAutowiredArgument(ConstructorResolver.java:913)
	at org.springframework.beans.factory.support.ConstructorResolver.createArgumentArray(ConstructorResolver.java:791)
	at org.springframework.beans.factory.support.ConstructorResolver.instantiateUsingFactoryMethod(ConstructorResolver.java:546)
	at org.springframework.beans.factory.support.AbstractAutowireCapableBeanFactory.instantiateUsingFactoryMethod(AbstractAutowireCapableBeanFactory.java:1357)
	at org.springframework.beans.factory.support.AbstractAutowireCapableBeanFactory.createBeanInstance(AbstractAutowireCapableBeanFactory.java:1187)
	at org.springframework.beans.factory.support.AbstractAutowireCapableBeanFactory.doCreateBean(AbstractAutowireCapableBeanFactory.java:563)
	at org.springframework.beans.factory.support.AbstractAutowireCapableBeanFactory.createBean(AbstractAutowireCapableBeanFactory.java:523)
	at org.springframework.beans.factory.support.AbstractBeanFactory.lambda$doGetBean$0(AbstractBeanFactory.java:336)
	at org.springframework.beans.factory.support.DefaultSingletonBeanRegistry.getSingleton(DefaultSingletonBeanRegistry.java:289)
	at org.springframework.beans.factory.support.AbstractBeanFactory.doGetBean(AbstractBeanFactory.java:334)
	at org.springframework.beans.factory.support.AbstractBeanFactory.getBean(AbstractBeanFactory.java:199)
	at org.springframework.beans.factory.config.DependencyDescriptor.resolveCandidate(DependencyDescriptor.java:254)
	at org.springframework.beans.factory.support.DefaultListableBeanFactory.doResolveDependency(DefaultListableBeanFactory.java:1631)
	at org.springframework.beans.factory.support.DefaultListableBeanFactory.resolveDependency(DefaultListableBeanFactory.java:1519)
	at org.springframework.beans.factory.support.ConstructorResolver.resolveAutowiredArgument(ConstructorResolver.java:913)
	at org.springframework.beans.factory.support.ConstructorResolver.createArgumentArray(ConstructorResolver.java:791)
	at org.springframework.beans.factory.support.ConstructorResolver.autowireConstructor(ConstructorResolver.java:240)
	at org.springframework.beans.factory.support.AbstractAutowireCapableBeanFactory.autowireConstructor(AbstractAutowireCapableBeanFactory.java:1377)
	at org.springframework.beans.factory.support.AbstractAutowireCapableBeanFactory.createBeanInstance(AbstractAutowireCapableBeanFactory.java:1214)
	at org.springframework.beans.factory.support.AbstractAutowireCapableBeanFactory.doCreateBean(AbstractAutowireCapableBeanFactory.java:563)
	at org.springframework.beans.factory.support.AbstractAutowireCapableBeanFactory.createBean(AbstractAutowireCapableBeanFactory.java:523)
	at org.springframework.beans.factory.support.AbstractBeanFactory.lambda$doGetBean$0(AbstractBeanFactory.java:336)
	at org.springframework.beans.factory.support.DefaultSingletonBeanRegistry.getSingleton(DefaultSingletonBeanRegistry.java:289)
	at org.springframework.beans.factory.support.AbstractBeanFactory.doGetBean(AbstractBeanFactory.java:334)
	at org.springframework.beans.factory.support.AbstractBeanFactory.getBean(AbstractBeanFactory.java:199)
	at org.springframework.beans.factory.support.DefaultListableBeanFactory.instantiateSingleton(DefaultListableBeanFactory.java:1122)
	at org.springframework.beans.factory.support.DefaultListableBeanFactory.preInstantiateSingleton(DefaultListableBeanFactory.java:1093)
	at org.springframework.beans.factory.support.DefaultListableBeanFactory.preInstantiateSingletons(DefaultListableBeanFactory.java:1030)
	at org.springframework.context.support.AbstractApplicationContext.finishBeanFactoryInitialization(AbstractApplicationContext.java:987)
	at org.springframework.context.support.AbstractApplicationContext.refresh(AbstractApplicationContext.java:627)
	at org.springframework.boot.web.servlet.context.ServletWebServerApplicationContext.refresh(ServletWebServerApplicationContext.java:146)
	at org.springframework.boot.SpringApplication.refresh(SpringApplication.java:752)
	at org.springframework.boot.SpringApplication.refreshContext(SpringApplication.java:439)
	at org.springframework.boot.SpringApplication.run(SpringApplication.java:318)
	at org.springframework.boot.SpringApplication.run(SpringApplication.java:1361)
	at org.springframework.boot.SpringApplication.run(SpringApplication.java:1350)
	at com.personal.crud_pulsar.CrudPulsarApplicationKt.main(CrudPulsarApplication.kt:15)
	at java.base/jdk.internal.reflect.NativeMethodAccessorImpl.invoke0(Native Method)
	at java.base/jdk.internal.reflect.NativeMethodAccessorImpl.invoke(NativeMethodAccessorImpl.java:77)
	at java.base/jdk.internal.reflect.DelegatingMethodAccessorImpl.invoke(DelegatingMethodAccessorImpl.java:43)
	at java.base/java.lang.reflect.Method.invoke(Method.java:568)
	at org.springframework.boot.devtools.restart.RestartLauncher.run(RestartLauncher.java:50)
2025-01-28 15:00:14 [restartedMain] WARN  o.s.b.a.o.j.JpaBaseConfiguration$JpaWebConfiguration - spring.jpa.open-in-view is enabled by default. Therefore, database queries may be performed during view rendering. Explicitly configure spring.jpa.open-in-view to disable this warning
2025-01-28 15:00:14 [restartedMain] INFO  o.s.b.d.a.OptionalLiveReloadServer - LiveReload server is running on port 35729
2025-01-28 15:00:14 [pulsar-client-io-1-3] INFO  o.a.p.client.impl.ConnectionPool - [[id: 0xd899dc3d, L:/127.0.0.1:53692 - R:localhost/127.0.0.1:6650]] Connected to server
2025-01-28 15:00:14 [pulsar-client-io-1-3] INFO  o.a.p.c.i.ConsumerStatsRecorderImpl - Starting Pulsar consumer status recorder with config: {"topicNames":["persistent://public/default/jt-raw-topic"],"topicsPattern":null,"subscriptionName":"my-subscription","subscriptionType":"Shared","subscriptionProperties":null,"subscriptionMode":"Durable","receiverQueueSize":1000,"acknowledgementsGroupTimeMicros":100000,"maxAcknowledgmentGroupSize":1000,"negativeAckRedeliveryDelayMicros":60000000,"maxTotalReceiverQueueSizeAcrossPartitions":50000,"consumerName":null,"ackTimeoutMillis":0,"tickDurationMillis":1000,"priorityLevel":0,"maxPendingChunkedMessage":10,"autoAckOldestChunkedMessageOnQueueFull":false,"expireTimeOfIncompleteChunkedMessageMillis":60000,"cryptoFailureAction":"FAIL","properties":{},"readCompacted":false,"subscriptionInitialPosition":"Latest","patternAutoDiscoveryPeriod":60,"regexSubscriptionMode":"PersistentOnly","deadLetterPolicy":{"maxRedeliverCount":3,"retryLetterTopic":"jt-raw-topic-retry","deadLetterTopic":"jt-raw-topic-dlq","initialSubscriptionName":null},"retryEnable":false,"autoUpdatePartitions":true,"autoUpdatePartitionsIntervalSeconds":60,"replicateSubscriptionState":false,"resetIncludeHead":false,"batchIndexAckEnabled":false,"ackReceiptEnabled":false,"poolMessages":false,"startPaused":false,"autoScaledReceiverQueueSizeEnabled":false,"topicConfigurations":[],"maxPendingChuckedMessage":10}
2025-01-28 15:00:14 [pulsar-client-io-1-3] INFO  o.a.p.c.i.ConsumerStatsRecorderImpl - Pulsar client config: {"serviceUrl":"pulsar://localhost:6650","authPluginClassName":null,"authParams":null,"authParamMap":null,"operationTimeoutMs":30000,"lookupTimeoutMs":30000,"statsIntervalSeconds":60,"numIoThreads":8,"numListenerThreads":8,"connectionsPerBroker":1,"connectionMaxIdleSeconds":180,"useTcpNoDelay":true,"useTls":false,"tlsKeyFilePath":null,"tlsCertificateFilePath":null,"tlsTrustCertsFilePath":null,"tlsAllowInsecureConnection":false,"tlsHostnameVerificationEnable":false,"concurrentLookupRequest":5000,"maxLookupRequest":50000,"maxLookupRedirects":20,"maxNumberOfRejectedRequestPerConnection":50,"keepAliveIntervalSeconds":30,"connectionTimeoutMs":10000,"requestTimeoutMs":60000,"readTimeoutMs":60000,"autoCertRefreshSeconds":300,"initialBackoffIntervalNanos":100000000,"maxBackoffIntervalNanos":60000000000,"enableBusyWait":false,"listenerName":null,"useKeyStoreTls":false,"sslProvider":null,"tlsKeyStoreType":"JKS","tlsKeyStorePath":null,"tlsKeyStorePassword":null,"tlsTrustStoreType":"JKS","tlsTrustStorePath":null,"tlsTrustStorePassword":null,"tlsCiphers":[],"tlsProtocols":[],"memoryLimitBytes":67108864,"proxyServiceUrl":null,"proxyProtocol":null,"enableTransaction":false,"dnsLookupBindAddress":null,"dnsLookupBindPort":0,"socks5ProxyAddress":null,"socks5ProxyUsername":null,"socks5ProxyPassword":null,"description":null}
2025-01-28 15:00:14 [pulsar-client-io-1-3] INFO  o.a.pulsar.client.impl.ConsumerImpl - [persistent://public/default/jt-raw-topic][my-subscription] Subscribing to topic on cnx [id: 0xd899dc3d, L:/127.0.0.1:53692 - R:localhost/127.0.0.1:6650], consumerId 0
2025-01-28 15:00:14 [pulsar-client-io-1-3] INFO  o.a.pulsar.client.impl.ConsumerImpl - [persistent://public/default/jt-raw-topic][my-subscription] Subscribed to topic on localhost/127.0.0.1:6650 -- consumer: 0
2025-01-28 15:00:14 [pulsar-client-io-1-3] INFO  o.a.p.c.i.ConsumerStatsRecorderImpl - Starting Pulsar consumer status recorder with config: {"topicNames":["persistent://public/default/jt-plain-topic"],"topicsPattern":null,"subscriptionName":"my-subscription","subscriptionType":"Shared","subscriptionProperties":null,"subscriptionMode":"Durable","receiverQueueSize":1000,"acknowledgementsGroupTimeMicros":100000,"maxAcknowledgmentGroupSize":1000,"negativeAckRedeliveryDelayMicros":60000000,"maxTotalReceiverQueueSizeAcrossPartitions":50000,"consumerName":null,"ackTimeoutMillis":0,"tickDurationMillis":1000,"priorityLevel":0,"maxPendingChunkedMessage":10,"autoAckOldestChunkedMessageOnQueueFull":false,"expireTimeOfIncompleteChunkedMessageMillis":60000,"cryptoFailureAction":"FAIL","properties":{},"readCompacted":false,"subscriptionInitialPosition":"Latest","patternAutoDiscoveryPeriod":60,"regexSubscriptionMode":"PersistentOnly","deadLetterPolicy":{"maxRedeliverCount":3,"retryLetterTopic":"jt-raw-topic-retry","deadLetterTopic":"jt-raw-topic-dlq","initialSubscriptionName":null},"retryEnable":false,"autoUpdatePartitions":true,"autoUpdatePartitionsIntervalSeconds":60,"replicateSubscriptionState":false,"resetIncludeHead":false,"batchIndexAckEnabled":false,"ackReceiptEnabled":false,"poolMessages":false,"startPaused":false,"autoScaledReceiverQueueSizeEnabled":false,"topicConfigurations":[],"maxPendingChuckedMessage":10}
2025-01-28 15:00:14 [pulsar-client-io-1-3] INFO  o.a.p.c.i.ConsumerStatsRecorderImpl - Pulsar client config: {"serviceUrl":"pulsar://localhost:6650","authPluginClassName":null,"authParams":null,"authParamMap":null,"operationTimeoutMs":30000,"lookupTimeoutMs":30000,"statsIntervalSeconds":60,"numIoThreads":8,"numListenerThreads":8,"connectionsPerBroker":1,"connectionMaxIdleSeconds":180,"useTcpNoDelay":true,"useTls":false,"tlsKeyFilePath":null,"tlsCertificateFilePath":null,"tlsTrustCertsFilePath":null,"tlsAllowInsecureConnection":false,"tlsHostnameVerificationEnable":false,"concurrentLookupRequest":5000,"maxLookupRequest":50000,"maxLookupRedirects":20,"maxNumberOfRejectedRequestPerConnection":50,"keepAliveIntervalSeconds":30,"connectionTimeoutMs":10000,"requestTimeoutMs":60000,"readTimeoutMs":60000,"autoCertRefreshSeconds":300,"initialBackoffIntervalNanos":100000000,"maxBackoffIntervalNanos":60000000000,"enableBusyWait":false,"listenerName":null,"useKeyStoreTls":false,"sslProvider":null,"tlsKeyStoreType":"JKS","tlsKeyStorePath":null,"tlsKeyStorePassword":null,"tlsTrustStoreType":"JKS","tlsTrustStorePath":null,"tlsTrustStorePassword":null,"tlsCiphers":[],"tlsProtocols":[],"memoryLimitBytes":67108864,"proxyServiceUrl":null,"proxyProtocol":null,"enableTransaction":false,"dnsLookupBindAddress":null,"dnsLookupBindPort":0,"socks5ProxyAddress":null,"socks5ProxyUsername":null,"socks5ProxyPassword":null,"description":null}
2025-01-28 15:00:14 [pulsar-client-io-1-3] INFO  o.a.pulsar.client.impl.ConsumerImpl - [persistent://public/default/jt-plain-topic][my-subscription] Subscribing to topic on cnx [id: 0xd899dc3d, L:/127.0.0.1:53692 - R:localhost/127.0.0.1:6650], consumerId 1
2025-01-28 15:00:14 [pulsar-client-io-1-3] INFO  o.a.pulsar.client.impl.ConsumerImpl - [persistent://public/default/jt-plain-topic][my-subscription] Subscribed to topic on localhost/127.0.0.1:6650 -- consumer: 1
2025-01-28 15:00:14 [pulsar-client-io-1-3] INFO  o.a.p.c.i.ConsumerStatsRecorderImpl - Starting Pulsar consumer status recorder with config: {"topicNames":["persistent://public/default/jt-raw-topic-dlq"],"topicsPattern":null,"subscriptionName":"my-subscription-dlq","subscriptionType":"Exclusive","subscriptionProperties":null,"subscriptionMode":"Durable","receiverQueueSize":1000,"acknowledgementsGroupTimeMicros":100000,"maxAcknowledgmentGroupSize":1000,"negativeAckRedeliveryDelayMicros":60000000,"maxTotalReceiverQueueSizeAcrossPartitions":50000,"consumerName":null,"ackTimeoutMillis":0,"tickDurationMillis":1000,"priorityLevel":0,"maxPendingChunkedMessage":10,"autoAckOldestChunkedMessageOnQueueFull":false,"expireTimeOfIncompleteChunkedMessageMillis":60000,"cryptoFailureAction":"FAIL","properties":{},"readCompacted":false,"subscriptionInitialPosition":"Latest","patternAutoDiscoveryPeriod":60,"regexSubscriptionMode":"PersistentOnly","deadLetterPolicy":{"maxRedeliverCount":3,"retryLetterTopic":"jt-raw-topic-retry","deadLetterTopic":"jt-raw-topic-dlq","initialSubscriptionName":null},"retryEnable":false,"autoUpdatePartitions":true,"autoUpdatePartitionsIntervalSeconds":60,"replicateSubscriptionState":false,"resetIncludeHead":false,"batchIndexAckEnabled":false,"ackReceiptEnabled":false,"poolMessages":false,"startPaused":false,"autoScaledReceiverQueueSizeEnabled":false,"topicConfigurations":[],"maxPendingChuckedMessage":10}
2025-01-28 15:00:14 [pulsar-client-io-1-3] INFO  o.a.p.c.i.ConsumerStatsRecorderImpl - Pulsar client config: {"serviceUrl":"pulsar://localhost:6650","authPluginClassName":null,"authParams":null,"authParamMap":null,"operationTimeoutMs":30000,"lookupTimeoutMs":30000,"statsIntervalSeconds":60,"numIoThreads":8,"numListenerThreads":8,"connectionsPerBroker":1,"connectionMaxIdleSeconds":180,"useTcpNoDelay":true,"useTls":false,"tlsKeyFilePath":null,"tlsCertificateFilePath":null,"tlsTrustCertsFilePath":null,"tlsAllowInsecureConnection":false,"tlsHostnameVerificationEnable":false,"concurrentLookupRequest":5000,"maxLookupRequest":50000,"maxLookupRedirects":20,"maxNumberOfRejectedRequestPerConnection":50,"keepAliveIntervalSeconds":30,"connectionTimeoutMs":10000,"requestTimeoutMs":60000,"readTimeoutMs":60000,"autoCertRefreshSeconds":300,"initialBackoffIntervalNanos":100000000,"maxBackoffIntervalNanos":60000000000,"enableBusyWait":false,"listenerName":null,"useKeyStoreTls":false,"sslProvider":null,"tlsKeyStoreType":"JKS","tlsKeyStorePath":null,"tlsKeyStorePassword":null,"tlsTrustStoreType":"JKS","tlsTrustStorePath":null,"tlsTrustStorePassword":null,"tlsCiphers":[],"tlsProtocols":[],"memoryLimitBytes":67108864,"proxyServiceUrl":null,"proxyProtocol":null,"enableTransaction":false,"dnsLookupBindAddress":null,"dnsLookupBindPort":0,"socks5ProxyAddress":null,"socks5ProxyUsername":null,"socks5ProxyPassword":null,"description":null}
2025-01-28 15:00:14 [pulsar-client-io-1-3] INFO  o.a.pulsar.client.impl.ConsumerImpl - [persistent://public/default/jt-raw-topic-dlq][my-subscription-dlq] Subscribing to topic on cnx [id: 0xd899dc3d, L:/127.0.0.1:53692 - R:localhost/127.0.0.1:6650], consumerId 2
2025-01-28 15:00:15 [pulsar-client-io-1-3] INFO  o.a.pulsar.client.impl.ConsumerImpl - [persistent://public/default/jt-raw-topic-dlq][my-subscription-dlq] Subscribed to topic on localhost/127.0.0.1:6650 -- consumer: 2
2025-01-28 15:00:15 [restartedMain] INFO  o.s.b.w.e.tomcat.TomcatWebServer - Tomcat started on port 9191 (http) with context path '/'
2025-01-28 15:00:15 [restartedMain] INFO  c.p.c.CrudPulsarApplicationKt - Started CrudPulsarApplicationKt in 3.609 seconds (process running for 3.921)
2025-01-28 15:00:18 [http-nio-9191-exec-3] INFO  o.a.c.c.C.[Tomcat].[localhost].[/] - Initializing Spring DispatcherServlet 'dispatcherServlet'
2025-01-28 15:00:18 [http-nio-9191-exec-3] INFO  o.s.web.servlet.DispatcherServlet - Initializing Servlet 'dispatcherServlet'
2025-01-28 15:00:18 [http-nio-9191-exec-3] INFO  o.s.web.servlet.DispatcherServlet - Completed initialization in 1 ms
2025-01-28 15:00:18 [http-nio-9191-exec-3] INFO  c.p.crud_pulsar.HelloController - Fetching all users
2025-01-28 15:00:18 [pulsar-client-io-1-3] INFO  o.a.p.c.i.ProducerStatsRecorderImpl - Starting Pulsar producer perf with config: {"topicName":"persistent://public/default/jt-plain-topic","producerName":null,"sendTimeoutMs":30000,"blockIfQueueFull":false,"maxPendingMessages":0,"maxPendingMessagesAcrossPartitions":0,"messageRoutingMode":"RoundRobinPartition","hashingScheme":"JavaStringHash","cryptoFailureAction":"FAIL","batchingMaxPublishDelayMicros":1000,"batchingPartitionSwitchFrequencyByPublishDelay":10,"batchingMaxMessages":1000,"batchingMaxBytes":131072,"batchingEnabled":true,"chunkingEnabled":false,"chunkMaxMessageSize":-1,"encryptionKeys":[],"compressionType":"NONE","initialSequenceId":null,"autoUpdatePartitions":true,"autoUpdatePartitionsIntervalSeconds":60,"multiSchema":true,"accessMode":"Shared","lazyStartPartitionedProducers":false,"properties":{},"initialSubscriptionName":null}
2025-01-28 15:00:18 [pulsar-client-io-1-3] INFO  o.a.p.c.i.ProducerStatsRecorderImpl - Pulsar client config: {"serviceUrl":"pulsar://localhost:6650","authPluginClassName":null,"authParams":null,"authParamMap":null,"operationTimeoutMs":30000,"lookupTimeoutMs":30000,"statsIntervalSeconds":60,"numIoThreads":8,"numListenerThreads":8,"connectionsPerBroker":1,"connectionMaxIdleSeconds":180,"useTcpNoDelay":true,"useTls":false,"tlsKeyFilePath":null,"tlsCertificateFilePath":null,"tlsTrustCertsFilePath":null,"tlsAllowInsecureConnection":false,"tlsHostnameVerificationEnable":false,"concurrentLookupRequest":5000,"maxLookupRequest":50000,"maxLookupRedirects":20,"maxNumberOfRejectedRequestPerConnection":50,"keepAliveIntervalSeconds":30,"connectionTimeoutMs":10000,"requestTimeoutMs":60000,"readTimeoutMs":60000,"autoCertRefreshSeconds":300,"initialBackoffIntervalNanos":100000000,"maxBackoffIntervalNanos":60000000000,"enableBusyWait":false,"listenerName":null,"useKeyStoreTls":false,"sslProvider":null,"tlsKeyStoreType":"JKS","tlsKeyStorePath":null,"tlsKeyStorePassword":null,"tlsTrustStoreType":"JKS","tlsTrustStorePath":null,"tlsTrustStorePassword":null,"tlsCiphers":[],"tlsProtocols":[],"memoryLimitBytes":67108864,"proxyServiceUrl":null,"proxyProtocol":null,"enableTransaction":false,"dnsLookupBindAddress":null,"dnsLookupBindPort":0,"socks5ProxyAddress":null,"socks5ProxyUsername":null,"socks5ProxyPassword":null,"description":null}
2025-01-28 15:00:18 [pulsar-client-io-1-3] INFO  o.a.pulsar.client.impl.ProducerImpl - [persistent://public/default/jt-plain-topic] [null] Creating producer on cnx [id: 0xd899dc3d, L:/127.0.0.1:53692 - R:localhost/127.0.0.1:6650]
2025-01-28 15:00:18 [pulsar-client-io-1-3] INFO  o.a.pulsar.client.impl.ProducerImpl - [persistent://public/default/jt-plain-topic] [standalone-0-3] Created producer on cnx [id: 0xd899dc3d, L:/127.0.0.1:53692 - R:localhost/127.0.0.1:6650]
2025-01-28 15:00:18 [http-nio-9191-exec-3] INFO  c.p.crud_pulsar.EventPublisher - EventPublisher::publishPlainMessage published the event: Fetched all users
2025-01-28 15:00:18 [http-nio-9191-exec-3] INFO  c.p.crud_pulsar.EventPublisher - EventPublisher::publishPlainMessage published the event: AuditMessage(action=Fetch Users, description=Users fetched successfully, statusCode=200)
2025-01-28 15:00:18 [http-nio-9191-exec-3] WARN  o.h.e.jdbc.spi.SqlExceptionHelper - SQL Error: 0, SQLState: 23502
2025-01-28 15:00:18 [http-nio-9191-exec-3] ERROR o.h.e.jdbc.spi.SqlExceptionHelper - ERROR: null value in column "statuscode" of relation "audit_logs" violates not-null constraint
  Detail: Failing row contains (20, Fetch Users, Users fetched successfully, 200, 2025-01-28 15:00:18.395442, null).
2025-01-28 15:00:18 [http-nio-9191-exec-3] ERROR c.p.crud_pulsar.HelloController - Internal server error while fetching users
org.springframework.dao.DataIntegrityViolationException: could not execute statement [ERROR: null value in column "statuscode" of relation "audit_logs" violates not-null constraint
  Detail: Failing row contains (20, Fetch Users, Users fetched successfully, 200, 2025-01-28 15:00:18.395442, null).] [insert into audit_logs (action,description,status_code,timestamp) values (?,?,?,?)]; SQL [insert into audit_logs (action,description,status_code,timestamp) values (?,?,?,?)]; constraint [statuscode" of relation "audit_logs]
	at org.springframework.orm.jpa.vendor.HibernateJpaDialect.convertHibernateAccessException(HibernateJpaDialect.java:290)
	at org.springframework.orm.jpa.vendor.HibernateJpaDialect.translateExceptionIfPossible(HibernateJpaDialect.java:241)
	at org.springframework.orm.jpa.AbstractEntityManagerFactoryBean.translateExceptionIfPossible(AbstractEntityManagerFactoryBean.java:560)
	at org.springframework.dao.support.ChainedPersistenceExceptionTranslator.translateExceptionIfPossible(ChainedPersistenceExceptionTranslator.java:61)
	at org.springframework.dao.support.DataAccessUtils.translateIfNecessary(DataAccessUtils.java:343)
	at org.springframework.dao.support.PersistenceExceptionTranslationInterceptor.invoke(PersistenceExceptionTranslationInterceptor.java:160)
	at org.springframework.aop.framework.ReflectiveMethodInvocation.proceed(ReflectiveMethodInvocation.java:184)
	at org.springframework.data.jpa.repository.support.CrudMethodMetadataPostProcessor$CrudMethodMetadataPopulatingMethodInterceptor.invoke(CrudMethodMetadataPostProcessor.java:165)
	at org.springframework.aop.framework.ReflectiveMethodInvocation.proceed(ReflectiveMethodInvocation.java:184)
	at org.springframework.data.repository.core.support.MethodInvocationValidator.invoke(MethodInvocationValidator.java:96)
	at org.springframework.aop.framework.ReflectiveMethodInvocation.proceed(ReflectiveMethodInvocation.java:184)
	at org.springframework.aop.framework.JdkDynamicAopProxy.invoke(JdkDynamicAopProxy.java:223)
	at jdk.proxy4/jdk.proxy4.$Proxy138.save(Unknown Source)
	at com.personal.crud_pulsar.AuditLogService.saveAuditLog(AuditLogService.kt:9)
	at com.personal.crud_pulsar.HelloController.publishAuditEvent(HelloController.kt:298)
	at com.personal.crud_pulsar.HelloController.listUsers(HelloController.kt:191)
	at java.base/jdk.internal.reflect.NativeMethodAccessorImpl.invoke0(Native Method)
	at java.base/jdk.internal.reflect.NativeMethodAccessorImpl.invoke(NativeMethodAccessorImpl.java:77)
	at java.base/jdk.internal.reflect.DelegatingMethodAccessorImpl.invoke(DelegatingMethodAccessorImpl.java:43)
	at java.base/java.lang.reflect.Method.invoke(Method.java:568)
	at kotlin.reflect.jvm.internal.calls.CallerImpl$Method.callMethod(CallerImpl.kt:97)
	at kotlin.reflect.jvm.internal.calls.CallerImpl$Method$Instance.call(CallerImpl.kt:113)
	at kotlin.reflect.jvm.internal.KCallableImpl.callDefaultMethod$kotlin_reflection(KCallableImpl.kt:207)
	at kotlin.reflect.jvm.internal.KCallableImpl.callBy(KCallableImpl.kt:112)
	at org.springframework.web.method.support.InvocableHandlerMethod$KotlinDelegate.invokeFunction(InvocableHandlerMethod.java:337)
	at org.springframework.web.method.support.InvocableHandlerMethod.doInvoke(InvocableHandlerMethod.java:254)
	at org.springframework.web.method.support.InvocableHandlerMethod.invokeForRequest(InvocableHandlerMethod.java:190)
	at org.springframework.web.servlet.mvc.method.annotation.ServletInvocableHandlerMethod.invokeAndHandle(ServletInvocableHandlerMethod.java:118)
	at org.springframework.web.servlet.mvc.method.annotation.RequestMappingHandlerAdapter.invokeHandlerMethod(RequestMappingHandlerAdapter.java:986)
	at org.springframework.web.servlet.mvc.method.annotation.RequestMappingHandlerAdapter.handleInternal(RequestMappingHandlerAdapter.java:891)
	at org.springframework.web.servlet.mvc.method.AbstractHandlerMethodAdapter.handle(AbstractHandlerMethodAdapter.java:87)
	at org.springframework.web.servlet.DispatcherServlet.doDispatch(DispatcherServlet.java:1088)
	at org.springframework.web.servlet.DispatcherServlet.doService(DispatcherServlet.java:978)
	at org.springframework.web.servlet.FrameworkServlet.processRequest(FrameworkServlet.java:1014)
	at org.springframework.web.servlet.FrameworkServlet.doGet(FrameworkServlet.java:903)
	at jakarta.servlet.http.HttpServlet.service(HttpServlet.java:564)
	at org.springframework.web.servlet.FrameworkServlet.service(FrameworkServlet.java:885)
	at jakarta.servlet.http.HttpServlet.service(HttpServlet.java:658)
	at org.apache.catalina.core.ApplicationFilterChain.internalDoFilter(ApplicationFilterChain.java:195)
	at org.apache.catalina.core.ApplicationFilterChain.doFilter(ApplicationFilterChain.java:140)
	at org.apache.tomcat.websocket.server.WsFilter.doFilter(WsFilter.java:51)
	at org.apache.catalina.core.ApplicationFilterChain.internalDoFilter(ApplicationFilterChain.java:164)
	at org.apache.catalina.core.ApplicationFilterChain.doFilter(ApplicationFilterChain.java:140)
	at org.springframework.web.filter.RequestContextFilter.doFilterInternal(RequestContextFilter.java:100)
	at org.springframework.web.filter.OncePerRequestFilter.doFilter(OncePerRequestFilter.java:116)
	at org.apache.catalina.core.ApplicationFilterChain.internalDoFilter(ApplicationFilterChain.java:164)
	at org.apache.catalina.core.ApplicationFilterChain.doFilter(ApplicationFilterChain.java:140)
	at org.springframework.web.filter.FormContentFilter.doFilterInternal(FormContentFilter.java:93)
	at org.springframework.web.filter.OncePerRequestFilter.doFilter(OncePerRequestFilter.java:116)
	at org.apache.catalina.core.ApplicationFilterChain.internalDoFilter(ApplicationFilterChain.java:164)
	at org.apache.catalina.core.ApplicationFilterChain.doFilter(ApplicationFilterChain.java:140)
	at org.springframework.web.filter.CharacterEncodingFilter.doFilterInternal(CharacterEncodingFilter.java:201)
	at org.springframework.web.filter.OncePerRequestFilter.doFilter(OncePerRequestFilter.java:116)
	at org.apache.catalina.core.ApplicationFilterChain.internalDoFilter(ApplicationFilterChain.java:164)
	at org.apache.catalina.core.ApplicationFilterChain.doFilter(ApplicationFilterChain.java:140)
	at org.apache.catalina.core.StandardWrapperValve.invoke(StandardWrapperValve.java:167)
	at org.apache.catalina.core.StandardContextValve.invoke(StandardContextValve.java:90)
	at org.apache.catalina.authenticator.AuthenticatorBase.invoke(AuthenticatorBase.java:483)
	at org.apache.catalina.core.StandardHostValve.invoke(StandardHostValve.java:115)
	at org.apache.catalina.valves.ErrorReportValve.invoke(ErrorReportValve.java:93)
	at org.apache.catalina.core.StandardEngineValve.invoke(StandardEngineValve.java:74)
	at org.apache.catalina.connector.CoyoteAdapter.service(CoyoteAdapter.java:344)
	at org.apache.coyote.http11.Http11Processor.service(Http11Processor.java:397)
	at org.apache.coyote.AbstractProcessorLight.process(AbstractProcessorLight.java:63)
	at org.apache.coyote.AbstractProtocol$ConnectionHandler.process(AbstractProtocol.java:905)
	at org.apache.tomcat.util.net.NioEndpoint$SocketProcessor.doRun(NioEndpoint.java:1741)
	at org.apache.tomcat.util.net.SocketProcessorBase.run(SocketProcessorBase.java:52)
	at org.apache.tomcat.util.threads.ThreadPoolExecutor.runWorker(ThreadPoolExecutor.java:1190)
	at org.apache.tomcat.util.threads.ThreadPoolExecutor$Worker.run(ThreadPoolExecutor.java:659)
	at org.apache.tomcat.util.threads.TaskThread$WrappingRunnable.run(TaskThread.java:63)
	at java.base/java.lang.Thread.run(Thread.java:842)
Caused by: org.hibernate.exception.ConstraintViolationException: could not execute statement [ERROR: null value in column "statuscode" of relation "audit_logs" violates not-null constraint
  Detail: Failing row contains (20, Fetch Users, Users fetched successfully, 200, 2025-01-28 15:00:18.395442, null).] [insert into audit_logs (action,description,status_code,timestamp) values (?,?,?,?)]
	at org.hibernate.exception.internal.SQLStateConversionDelegate.convert(SQLStateConversionDelegate.java:97)
	at org.hibernate.exception.internal.StandardSQLExceptionConverter.convert(StandardSQLExceptionConverter.java:58)
	at org.hibernate.engine.jdbc.spi.SqlExceptionHelper.convert(SqlExceptionHelper.java:108)
	at org.hibernate.engine.jdbc.internal.ResultSetReturnImpl.executeUpdate(ResultSetReturnImpl.java:197)
	at org.hibernate.id.insert.GetGeneratedKeysDelegate.performMutation(GetGeneratedKeysDelegate.java:116)
	at org.hibernate.engine.jdbc.mutation.internal.MutationExecutorSingleNonBatched.performNonBatchedOperations(MutationExecutorSingleNonBatched.java:47)
	at org.hibernate.engine.jdbc.mutation.internal.AbstractMutationExecutor.execute(AbstractMutationExecutor.java:55)
	at org.hibernate.persister.entity.mutation.InsertCoordinatorStandard.doStaticInserts(InsertCoordinatorStandard.java:194)
	at org.hibernate.persister.entity.mutation.InsertCoordinatorStandard.coordinateInsert(InsertCoordinatorStandard.java:132)
	at org.hibernate.persister.entity.mutation.InsertCoordinatorStandard.insert(InsertCoordinatorStandard.java:95)
	at org.hibernate.action.internal.EntityIdentityInsertAction.execute(EntityIdentityInsertAction.java:85)
	at org.hibernate.engine.spi.ActionQueue.execute(ActionQueue.java:682)
	at org.hibernate.engine.spi.ActionQueue.addResolvedEntityInsertAction(ActionQueue.java:293)
	at org.hibernate.engine.spi.ActionQueue.addInsertAction(ActionQueue.java:274)
	at org.hibernate.engine.spi.ActionQueue.addAction(ActionQueue.java:324)
	at org.hibernate.event.internal.AbstractSaveEventListener.addInsertAction(AbstractSaveEventListener.java:393)
	at org.hibernate.event.internal.AbstractSaveEventListener.performSaveOrReplicate(AbstractSaveEventListener.java:307)
	at org.hibernate.event.internal.AbstractSaveEventListener.performSave(AbstractSaveEventListener.java:223)
	at org.hibernate.event.internal.AbstractSaveEventListener.saveWithGeneratedId(AbstractSaveEventListener.java:136)
	at org.hibernate.event.internal.DefaultPersistEventListener.entityIsTransient(DefaultPersistEventListener.java:177)
	at org.hibernate.event.internal.DefaultPersistEventListener.persist(DefaultPersistEventListener.java:95)
	at org.hibernate.event.internal.DefaultPersistEventListener.onPersist(DefaultPersistEventListener.java:79)
	at org.hibernate.event.internal.DefaultPersistEventListener.onPersist(DefaultPersistEventListener.java:55)
	at org.hibernate.event.service.internal.EventListenerGroupImpl.fireEventOnEachListener(EventListenerGroupImpl.java:127)
	at org.hibernate.internal.SessionImpl.firePersist(SessionImpl.java:761)
	at org.hibernate.internal.SessionImpl.persist(SessionImpl.java:745)
	at java.base/jdk.internal.reflect.NativeMethodAccessorImpl.invoke0(Native Method)
	at java.base/jdk.internal.reflect.NativeMethodAccessorImpl.invoke(NativeMethodAccessorImpl.java:77)
	at java.base/jdk.internal.reflect.DelegatingMethodAccessorImpl.invoke(DelegatingMethodAccessorImpl.java:43)
	at java.base/java.lang.reflect.Method.invoke(Method.java:568)
	at org.springframework.orm.jpa.ExtendedEntityManagerCreator$ExtendedEntityManagerInvocationHandler.invoke(ExtendedEntityManagerCreator.java:364)
	at jdk.proxy4/jdk.proxy4.$Proxy134.persist(Unknown Source)
	at java.base/jdk.internal.reflect.NativeMethodAccessorImpl.invoke0(Native Method)
	at java.base/jdk.internal.reflect.NativeMethodAccessorImpl.invoke(NativeMethodAccessorImpl.java:77)
	at java.base/jdk.internal.reflect.DelegatingMethodAccessorImpl.invoke(DelegatingMethodAccessorImpl.java:43)
	at java.base/java.lang.reflect.Method.invoke(Method.java:568)
	at org.springframework.orm.jpa.SharedEntityManagerCreator$SharedEntityManagerInvocationHandler.invoke(SharedEntityManagerCreator.java:320)
	at jdk.proxy4/jdk.proxy4.$Proxy134.persist(Unknown Source)
	at org.springframework.data.jpa.repository.support.SimpleJpaRepository.save(SimpleJpaRepository.java:627)
	at java.base/jdk.internal.reflect.NativeMethodAccessorImpl.invoke0(Native Method)
	at java.base/jdk.internal.reflect.NativeMethodAccessorImpl.invoke(NativeMethodAccessorImpl.java:77)
	at java.base/jdk.internal.reflect.DelegatingMethodAccessorImpl.invoke(DelegatingMethodAccessorImpl.java:43)
	at java.base/java.lang.reflect.Method.invoke(Method.java:568)
	at org.springframework.aop.support.AopUtils.invokeJoinpointUsingReflection(AopUtils.java:359)
	at org.springframework.data.repository.core.support.RepositoryMethodInvoker$RepositoryFragmentMethodInvoker.lambda$new$0(RepositoryMethodInvoker.java:277)
	at org.springframework.data.repository.core.support.RepositoryMethodInvoker.doInvoke(RepositoryMethodInvoker.java:170)
	at org.springframework.data.repository.core.support.RepositoryMethodInvoker.invoke(RepositoryMethodInvoker.java:158)
	at org.springframework.data.repository.core.support.RepositoryComposition$RepositoryFragments.invoke(RepositoryComposition.java:515)
	at org.springframework.data.repository.core.support.RepositoryComposition.invoke(RepositoryComposition.java:284)
	at org.springframework.data.repository.core.support.RepositoryFactorySupport$ImplementationMethodExecutionInterceptor.invoke(RepositoryFactorySupport.java:752)
	at org.springframework.aop.framework.ReflectiveMethodInvocation.proceed(ReflectiveMethodInvocation.java:184)
	at org.springframework.data.repository.core.support.QueryExecutorMethodInterceptor.doInvoke(QueryExecutorMethodInterceptor.java:174)
	at org.springframework.data.repository.core.support.QueryExecutorMethodInterceptor.invoke(QueryExecutorMethodInterceptor.java:149)
	at org.springframework.aop.framework.ReflectiveMethodInvocation.proceed(ReflectiveMethodInvocation.java:184)
	at org.springframework.data.projection.DefaultMethodInvokingMethodInterceptor.invoke(DefaultMethodInvokingMethodInterceptor.java:69)
	at org.springframework.aop.framework.ReflectiveMethodInvocation.proceed(ReflectiveMethodInvocation.java:184)
	at org.springframework.transaction.interceptor.TransactionAspectSupport.invokeWithinTransaction(TransactionAspectSupport.java:380)
	at org.springframework.transaction.interceptor.TransactionInterceptor.invoke(TransactionInterceptor.java:119)
	at org.springframework.aop.framework.ReflectiveMethodInvocation.proceed(ReflectiveMethodInvocation.java:184)
	at org.springframework.dao.support.PersistenceExceptionTranslationInterceptor.invoke(PersistenceExceptionTranslationInterceptor.java:138)
	... 65 common frames omitted
Caused by: org.postgresql.util.PSQLException: ERROR: null value in column "statuscode" of relation "audit_logs" violates not-null constraint
  Detail: Failing row contains (20, Fetch Users, Users fetched successfully, 200, 2025-01-28 15:00:18.395442, null).
	at org.postgresql.core.v3.QueryExecutorImpl.receiveErrorResponse(QueryExecutorImpl.java:2733)
	at org.postgresql.core.v3.QueryExecutorImpl.processResults(QueryExecutorImpl.java:2420)
	at org.postgresql.core.v3.QueryExecutorImpl.execute(QueryExecutorImpl.java:372)
	at org.postgresql.jdbc.PgStatement.executeInternal(PgStatement.java:517)
	at org.postgresql.jdbc.PgStatement.execute(PgStatement.java:434)
	at org.postgresql.jdbc.PgPreparedStatement.executeWithFlags(PgPreparedStatement.java:194)
	at org.postgresql.jdbc.PgPreparedStatement.executeUpdate(PgPreparedStatement.java:155)
	at com.zaxxer.hikari.pool.ProxyPreparedStatement.executeUpdate(ProxyPreparedStatement.java:61)
	at com.zaxxer.hikari.pool.HikariProxyPreparedStatement.executeUpdate(HikariProxyPreparedStatement.java)
	at org.hibernate.engine.jdbc.internal.ResultSetReturnImpl.executeUpdate(ResultSetReturnImpl.java:194)
	... 121 common frames omitted
2025-01-28 15:00:18 [http-nio-9191-exec-3] INFO  c.p.crud_pulsar.EventPublisher - EventPublisher::publishPlainMessage published the event: AuditMessage(action=Fetch Users, description=Internal server error, statusCode=500)
2025-01-28 15:00:18 [http-nio-9191-exec-3] WARN  o.h.e.jdbc.spi.SqlExceptionHelper - SQL Error: 0, SQLState: 23502
2025-01-28 15:00:18 [http-nio-9191-exec-3] ERROR o.h.e.jdbc.spi.SqlExceptionHelper - ERROR: null value in column "statuscode" of relation "audit_logs" violates not-null constraint
  Detail: Failing row contains (21, Fetch Users, Internal server error, 500, 2025-01-28 15:00:18.426537, null).
2025-01-28 15:00:18 [http-nio-9191-exec-3] ERROR o.a.c.c.C.[.[.[.[dispatcherServlet] - Servlet.service() for servlet [dispatcherServlet] in context with path [] threw exception [Request processing failed: org.springframework.dao.DataIntegrityViolationException: could not execute statement [ERROR: null value in column "statuscode" of relation "audit_logs" violates not-null constraint
  Detail: Failing row contains (21, Fetch Users, Internal server error, 500, 2025-01-28 15:00:18.426537, null).] [insert into audit_logs (action,description,status_code,timestamp) values (?,?,?,?)]; SQL [insert into audit_logs (action,description,status_code,timestamp) values (?,?,?,?)]; constraint [statuscode" of relation "audit_logs]] with root cause
org.postgresql.util.PSQLException: ERROR: null value in column "statuscode" of relation "audit_logs" violates not-null constraint
  Detail: Failing row contains (21, Fetch Users, Internal server error, 500, 2025-01-28 15:00:18.426537, null).
	at org.postgresql.core.v3.QueryExecutorImpl.receiveErrorResponse(QueryExecutorImpl.java:2733)
	at org.postgresql.core.v3.QueryExecutorImpl.processResults(QueryExecutorImpl.java:2420)
	at org.postgresql.core.v3.QueryExecutorImpl.execute(QueryExecutorImpl.java:372)
	at org.postgresql.jdbc.PgStatement.executeInternal(PgStatement.java:517)
	at org.postgresql.jdbc.PgStatement.execute(PgStatement.java:434)
	at org.postgresql.jdbc.PgPreparedStatement.executeWithFlags(PgPreparedStatement.java:194)
	at org.postgresql.jdbc.PgPreparedStatement.executeUpdate(PgPreparedStatement.java:155)
	at com.zaxxer.hikari.pool.ProxyPreparedStatement.executeUpdate(ProxyPreparedStatement.java:61)
	at com.zaxxer.hikari.pool.HikariProxyPreparedStatement.executeUpdate(HikariProxyPreparedStatement.java)
	at org.hibernate.engine.jdbc.internal.ResultSetReturnImpl.executeUpdate(ResultSetReturnImpl.java:194)
	at org.hibernate.id.insert.GetGeneratedKeysDelegate.performMutation(GetGeneratedKeysDelegate.java:116)
	at org.hibernate.engine.jdbc.mutation.internal.MutationExecutorSingleNonBatched.performNonBatchedOperations(MutationExecutorSingleNonBatched.java:47)
	at org.hibernate.engine.jdbc.mutation.internal.AbstractMutationExecutor.execute(AbstractMutationExecutor.java:55)
	at org.hibernate.persister.entity.mutation.InsertCoordinatorStandard.doStaticInserts(InsertCoordinatorStandard.java:194)
	at org.hibernate.persister.entity.mutation.InsertCoordinatorStandard.coordinateInsert(InsertCoordinatorStandard.java:132)
	at org.hibernate.persister.entity.mutation.InsertCoordinatorStandard.insert(InsertCoordinatorStandard.java:95)
	at org.hibernate.action.internal.EntityIdentityInsertAction.execute(EntityIdentityInsertAction.java:85)
	at org.hibernate.engine.spi.ActionQueue.execute(ActionQueue.java:682)
	at org.hibernate.engine.spi.ActionQueue.addResolvedEntityInsertAction(ActionQueue.java:293)
	at org.hibernate.engine.spi.ActionQueue.addInsertAction(ActionQueue.java:274)
	at org.hibernate.engine.spi.ActionQueue.addAction(ActionQueue.java:324)
	at org.hibernate.event.internal.AbstractSaveEventListener.addInsertAction(AbstractSaveEventListener.java:393)
	at org.hibernate.event.internal.AbstractSaveEventListener.performSaveOrReplicate(AbstractSaveEventListener.java:307)
	at org.hibernate.event.internal.AbstractSaveEventListener.performSave(AbstractSaveEventListener.java:223)
	at org.hibernate.event.internal.AbstractSaveEventListener.saveWithGeneratedId(AbstractSaveEventListener.java:136)
	at org.hibernate.event.internal.DefaultPersistEventListener.entityIsTransient(DefaultPersistEventListener.java:177)
	at org.hibernate.event.internal.DefaultPersistEventListener.persist(DefaultPersistEventListener.java:95)
	at org.hibernate.event.internal.DefaultPersistEventListener.onPersist(DefaultPersistEventListener.java:79)
	at org.hibernate.event.internal.DefaultPersistEventListener.onPersist(DefaultPersistEventListener.java:55)
	at org.hibernate.event.service.internal.EventListenerGroupImpl.fireEventOnEachListener(EventListenerGroupImpl.java:127)
	at org.hibernate.internal.SessionImpl.firePersist(SessionImpl.java:761)
	at org.hibernate.internal.SessionImpl.persist(SessionImpl.java:745)
	at java.base/jdk.internal.reflect.NativeMethodAccessorImpl.invoke0(Native Method)
	at java.base/jdk.internal.reflect.NativeMethodAccessorImpl.invoke(NativeMethodAccessorImpl.java:77)
	at java.base/jdk.internal.reflect.DelegatingMethodAccessorImpl.invoke(DelegatingMethodAccessorImpl.java:43)
	at java.base/java.lang.reflect.Method.invoke(Method.java:568)
	at org.springframework.orm.jpa.ExtendedEntityManagerCreator$ExtendedEntityManagerInvocationHandler.invoke(ExtendedEntityManagerCreator.java:364)
	at jdk.proxy4/jdk.proxy4.$Proxy134.persist(Unknown Source)
	at java.base/jdk.internal.reflect.NativeMethodAccessorImpl.invoke0(Native Method)
	at java.base/jdk.internal.reflect.NativeMethodAccessorImpl.invoke(NativeMethodAccessorImpl.java:77)
	at java.base/jdk.internal.reflect.DelegatingMethodAccessorImpl.invoke(DelegatingMethodAccessorImpl.java:43)
	at java.base/java.lang.reflect.Method.invoke(Method.java:568)
	at org.springframework.orm.jpa.SharedEntityManagerCreator$SharedEntityManagerInvocationHandler.invoke(SharedEntityManagerCreator.java:320)
	at jdk.proxy4/jdk.proxy4.$Proxy134.persist(Unknown Source)
	at org.springframework.data.jpa.repository.support.SimpleJpaRepository.save(SimpleJpaRepository.java:627)
	at java.base/jdk.internal.reflect.NativeMethodAccessorImpl.invoke0(Native Method)
	at java.base/jdk.internal.reflect.NativeMethodAccessorImpl.invoke(NativeMethodAccessorImpl.java:77)
	at java.base/jdk.internal.reflect.DelegatingMethodAccessorImpl.invoke(DelegatingMethodAccessorImpl.java:43)
	at java.base/java.lang.reflect.Method.invoke(Method.java:568)
	at org.springframework.aop.support.AopUtils.invokeJoinpointUsingReflection(AopUtils.java:359)
	at org.springframework.data.repository.core.support.RepositoryMethodInvoker$RepositoryFragmentMethodInvoker.lambda$new$0(RepositoryMethodInvoker.java:277)
	at org.springframework.data.repository.core.support.RepositoryMethodInvoker.doInvoke(RepositoryMethodInvoker.java:170)
	at org.springframework.data.repository.core.support.RepositoryMethodInvoker.invoke(RepositoryMethodInvoker.java:158)
	at org.springframework.data.repository.core.support.RepositoryComposition$RepositoryFragments.invoke(RepositoryComposition.java:515)
	at org.springframework.data.repository.core.support.RepositoryComposition.invoke(RepositoryComposition.java:284)
	at org.springframework.data.repository.core.support.RepositoryFactorySupport$ImplementationMethodExecutionInterceptor.invoke(RepositoryFactorySupport.java:752)
	at org.springframework.aop.framework.ReflectiveMethodInvocation.proceed(ReflectiveMethodInvocation.java:184)
	at org.springframework.data.repository.core.support.QueryExecutorMethodInterceptor.doInvoke(QueryExecutorMethodInterceptor.java:174)
	at org.springframework.data.repository.core.support.QueryExecutorMethodInterceptor.invoke(QueryExecutorMethodInterceptor.java:149)
	at org.springframework.aop.framework.ReflectiveMethodInvocation.proceed(ReflectiveMethodInvocation.java:184)
	at org.springframework.data.projection.DefaultMethodInvokingMethodInterceptor.invoke(DefaultMethodInvokingMethodInterceptor.java:69)
	at org.springframework.aop.framework.ReflectiveMethodInvocation.proceed(ReflectiveMethodInvocation.java:184)
	at org.springframework.transaction.interceptor.TransactionAspectSupport.invokeWithinTransaction(TransactionAspectSupport.java:380)
	at org.springframework.transaction.interceptor.TransactionInterceptor.invoke(TransactionInterceptor.java:119)
	at org.springframework.aop.framework.ReflectiveMethodInvocation.proceed(ReflectiveMethodInvocation.java:184)
	at org.springframework.dao.support.PersistenceExceptionTranslationInterceptor.invoke(PersistenceExceptionTranslationInterceptor.java:138)
	at org.springframework.aop.framework.ReflectiveMethodInvocation.proceed(ReflectiveMethodInvocation.java:184)
	at org.springframework.data.jpa.repository.support.CrudMethodMetadataPostProcessor$CrudMethodMetadataPopulatingMethodInterceptor.invoke(CrudMethodMetadataPostProcessor.java:165)
	at org.springframework.aop.framework.ReflectiveMethodInvocation.proceed(ReflectiveMethodInvocation.java:184)
	at org.springframework.data.repository.core.support.MethodInvocationValidator.invoke(MethodInvocationValidator.java:96)
	at org.springframework.aop.framework.ReflectiveMethodInvocation.proceed(ReflectiveMethodInvocation.java:184)
	at org.springframework.aop.framework.JdkDynamicAopProxy.invoke(JdkDynamicAopProxy.java:223)
	at jdk.proxy4/jdk.proxy4.$Proxy138.save(Unknown Source)
	at com.personal.crud_pulsar.AuditLogService.saveAuditLog(AuditLogService.kt:9)
	at com.personal.crud_pulsar.HelloController.publishAuditEvent(HelloController.kt:298)
	at com.personal.crud_pulsar.HelloController.listUsers(HelloController.kt:195)
	at java.base/jdk.internal.reflect.NativeMethodAccessorImpl.invoke0(Native Method)
	at java.base/jdk.internal.reflect.NativeMethodAccessorImpl.invoke(NativeMethodAccessorImpl.java:77)
	at java.base/jdk.internal.reflect.DelegatingMethodAccessorImpl.invoke(DelegatingMethodAccessorImpl.java:43)
	at java.base/java.lang.reflect.Method.invoke(Method.java:568)
	at kotlin.reflect.jvm.internal.calls.CallerImpl$Method.callMethod(CallerImpl.kt:97)
	at kotlin.reflect.jvm.internal.calls.CallerImpl$Method$Instance.call(CallerImpl.kt:113)
	at kotlin.reflect.jvm.internal.KCallableImpl.callDefaultMethod$kotlin_reflection(KCallableImpl.kt:207)
	at kotlin.reflect.jvm.internal.KCallableImpl.callBy(KCallableImpl.kt:112)
	at org.springframework.web.method.support.InvocableHandlerMethod$KotlinDelegate.invokeFunction(InvocableHandlerMethod.java:337)
	at org.springframework.web.method.support.InvocableHandlerMethod.doInvoke(InvocableHandlerMethod.java:254)
	at org.springframework.web.method.support.InvocableHandlerMethod.invokeForRequest(InvocableHandlerMethod.java:190)
	at org.springframework.web.servlet.mvc.method.annotation.ServletInvocableHandlerMethod.invokeAndHandle(ServletInvocableHandlerMethod.java:118)
	at org.springframework.web.servlet.mvc.method.annotation.RequestMappingHandlerAdapter.invokeHandlerMethod(RequestMappingHandlerAdapter.java:986)
	at org.springframework.web.servlet.mvc.method.annotation.RequestMappingHandlerAdapter.handleInternal(RequestMappingHandlerAdapter.java:891)
	at org.springframework.web.servlet.mvc.method.AbstractHandlerMethodAdapter.handle(AbstractHandlerMethodAdapter.java:87)
	at org.springframework.web.servlet.DispatcherServlet.doDispatch(DispatcherServlet.java:1088)
	at org.springframework.web.servlet.DispatcherServlet.doService(DispatcherServlet.java:978)
	at org.springframework.web.servlet.FrameworkServlet.processRequest(FrameworkServlet.java:1014)
	at org.springframework.web.servlet.FrameworkServlet.doGet(FrameworkServlet.java:903)
	at jakarta.servlet.http.HttpServlet.service(HttpServlet.java:564)
	at org.springframework.web.servlet.FrameworkServlet.service(FrameworkServlet.java:885)
	at jakarta.servlet.http.HttpServlet.service(HttpServlet.java:658)
	at org.apache.catalina.core.ApplicationFilterChain.internalDoFilter(ApplicationFilterChain.java:195)
	at org.apache.catalina.core.ApplicationFilterChain.doFilter(ApplicationFilterChain.java:140)
	at org.apache.tomcat.websocket.server.WsFilter.doFilter(WsFilter.java:51)
	at org.apache.catalina.core.ApplicationFilterChain.internalDoFilter(ApplicationFilterChain.java:164)
	at org.apache.catalina.core.ApplicationFilterChain.doFilter(ApplicationFilterChain.java:140)
	at org.springframework.web.filter.RequestContextFilter.doFilterInternal(RequestContextFilter.java:100)
	at org.springframework.web.filter.OncePerRequestFilter.doFilter(OncePerRequestFilter.java:116)
	at org.apache.catalina.core.ApplicationFilterChain.internalDoFilter(ApplicationFilterChain.java:164)
	at org.apache.catalina.core.ApplicationFilterChain.doFilter(ApplicationFilterChain.java:140)
	at org.springframework.web.filter.FormContentFilter.doFilterInternal(FormContentFilter.java:93)
	at org.springframework.web.filter.OncePerRequestFilter.doFilter(OncePerRequestFilter.java:116)
	at org.apache.catalina.core.ApplicationFilterChain.internalDoFilter(ApplicationFilterChain.java:164)
	at org.apache.catalina.core.ApplicationFilterChain.doFilter(ApplicationFilterChain.java:140)
	at org.springframework.web.filter.CharacterEncodingFilter.doFilterInternal(CharacterEncodingFilter.java:201)
	at org.springframework.web.filter.OncePerRequestFilter.doFilter(OncePerRequestFilter.java:116)
	at org.apache.catalina.core.ApplicationFilterChain.internalDoFilter(ApplicationFilterChain.java:164)
	at org.apache.catalina.core.ApplicationFilterChain.doFilter(ApplicationFilterChain.java:140)
	at org.apache.catalina.core.StandardWrapperValve.invoke(StandardWrapperValve.java:167)
	at org.apache.catalina.core.StandardContextValve.invoke(StandardContextValve.java:90)
	at org.apache.catalina.authenticator.AuthenticatorBase.invoke(AuthenticatorBase.java:483)
	at org.apache.catalina.core.StandardHostValve.invoke(StandardHostValve.java:115)
	at org.apache.catalina.valves.ErrorReportValve.invoke(ErrorReportValve.java:93)
	at org.apache.catalina.core.StandardEngineValve.invoke(StandardEngineValve.java:74)
	at org.apache.catalina.connector.CoyoteAdapter.service(CoyoteAdapter.java:344)
	at org.apache.coyote.http11.Http11Processor.service(Http11Processor.java:397)
	at org.apache.coyote.AbstractProcessorLight.process(AbstractProcessorLight.java:63)
	at org.apache.coyote.AbstractProtocol$ConnectionHandler.process(AbstractProtocol.java:905)
	at org.apache.tomcat.util.net.NioEndpoint$SocketProcessor.doRun(NioEndpoint.java:1741)
	at org.apache.tomcat.util.net.SocketProcessorBase.run(SocketProcessorBase.java:52)
	at org.apache.tomcat.util.threads.ThreadPoolExecutor.runWorker(ThreadPoolExecutor.java:1190)
	at org.apache.tomcat.util.threads.ThreadPoolExecutor$Worker.run(ThreadPoolExecutor.java:659)
	at org.apache.tomcat.util.threads.TaskThread$WrappingRunnable.run(TaskThread.java:63)
	at java.base/java.lang.Thread.run(Thread.java:842)
2025-01-28 15:00:18 [org.springframework.Pulsar.PulsarListenerEndpointContainer#0-0-C-1] INFO  c.personal.crud_pulsar.EventConsumer - EventConsumer::consumeTextEvent consumed events Fetched all users
2025-01-28 15:00:18 [org.springframework.Pulsar.PulsarListenerEndpointContainer#0-0-C-1] INFO  c.personal.crud_pulsar.EventConsumer - EventConsumer::consumeTextEvent consumed events AuditMessage(action=Fetch Users, description=Users fetched successfully, statusCode=200)
2025-01-28 15:00:18 [org.springframework.Pulsar.PulsarListenerEndpointContainer#0-0-C-1] INFO  c.personal.crud_pulsar.EventConsumer - EventConsumer::consumeTextEvent consumed events AuditMessage(action=Fetch Users, description=Internal server error, statusCode=500)
2025-01-28 15:00:25 [http-nio-9191-exec-1] INFO  c.p.crud_pulsar.HelloController - Fetching all users
2025-01-28 15:00:25 [http-nio-9191-exec-1] INFO  c.p.crud_pulsar.EventPublisher - EventPublisher::publishPlainMessage published the event: Fetched all users
2025-01-28 15:00:25 [http-nio-9191-exec-1] INFO  c.p.crud_pulsar.EventPublisher - EventPublisher::publishPlainMessage published the event: AuditMessage(action=Fetch Users, description=Users fetched successfully, statusCode=200)
2025-01-28 15:00:25 [http-nio-9191-exec-1] WARN  o.h.e.jdbc.spi.SqlExceptionHelper - SQL Error: 0, SQLState: 23502
2025-01-28 15:00:25 [http-nio-9191-exec-1] ERROR o.h.e.jdbc.spi.SqlExceptionHelper - ERROR: null value in column "statuscode" of relation "audit_logs" violates not-null constraint
  Detail: Failing row contains (22, Fetch Users, Users fetched successfully, 200, 2025-01-28 15:00:25.356858, null).
2025-01-28 15:00:25 [http-nio-9191-exec-1] ERROR c.p.crud_pulsar.HelloController - Internal server error while fetching users
org.springframework.dao.DataIntegrityViolationException: could not execute statement [ERROR: null value in column "statuscode" of relation "audit_logs" violates not-null constraint
  Detail: Failing row contains (22, Fetch Users, Users fetched successfully, 200, 2025-01-28 15:00:25.356858, null).] [insert into audit_logs (action,description,status_code,timestamp) values (?,?,?,?)]; SQL [insert into audit_logs (action,description,status_code,timestamp) values (?,?,?,?)]; constraint [statuscode" of relation "audit_logs]
	at org.springframework.orm.jpa.vendor.HibernateJpaDialect.convertHibernateAccessException(HibernateJpaDialect.java:290)
	at org.springframework.orm.jpa.vendor.HibernateJpaDialect.translateExceptionIfPossible(HibernateJpaDialect.java:241)
	at org.springframework.orm.jpa.AbstractEntityManagerFactoryBean.translateExceptionIfPossible(AbstractEntityManagerFactoryBean.java:560)
	at org.springframework.dao.support.ChainedPersistenceExceptionTranslator.translateExceptionIfPossible(ChainedPersistenceExceptionTranslator.java:61)
	at org.springframework.dao.support.DataAccessUtils.translateIfNecessary(DataAccessUtils.java:343)
	at org.springframework.dao.support.PersistenceExceptionTranslationInterceptor.invoke(PersistenceExceptionTranslationInterceptor.java:160)
	at org.springframework.aop.framework.ReflectiveMethodInvocation.proceed(ReflectiveMethodInvocation.java:184)
	at org.springframework.data.jpa.repository.support.CrudMethodMetadataPostProcessor$CrudMethodMetadataPopulatingMethodInterceptor.invoke(CrudMethodMetadataPostProcessor.java:165)
	at org.springframework.aop.framework.ReflectiveMethodInvocation.proceed(ReflectiveMethodInvocation.java:184)
	at org.springframework.data.repository.core.support.MethodInvocationValidator.invoke(MethodInvocationValidator.java:96)
	at org.springframework.aop.framework.ReflectiveMethodInvocation.proceed(ReflectiveMethodInvocation.java:184)
	at org.springframework.aop.framework.JdkDynamicAopProxy.invoke(JdkDynamicAopProxy.java:223)
	at jdk.proxy4/jdk.proxy4.$Proxy138.save(Unknown Source)
	at com.personal.crud_pulsar.AuditLogService.saveAuditLog(AuditLogService.kt:9)
	at com.personal.crud_pulsar.HelloController.publishAuditEvent(HelloController.kt:298)
	at com.personal.crud_pulsar.HelloController.listUsers(HelloController.kt:191)
	at java.base/jdk.internal.reflect.NativeMethodAccessorImpl.invoke0(Native Method)
	at java.base/jdk.internal.reflect.NativeMethodAccessorImpl.invoke(NativeMethodAccessorImpl.java:77)
	at java.base/jdk.internal.reflect.DelegatingMethodAccessorImpl.invoke(DelegatingMethodAccessorImpl.java:43)
	at java.base/java.lang.reflect.Method.invoke(Method.java:568)
	at kotlin.reflect.jvm.internal.calls.CallerImpl$Method.callMethod(CallerImpl.kt:97)
	at kotlin.reflect.jvm.internal.calls.CallerImpl$Method$Instance.call(CallerImpl.kt:113)
	at kotlin.reflect.jvm.internal.KCallableImpl.callDefaultMethod$kotlin_reflection(KCallableImpl.kt:207)
	at kotlin.reflect.jvm.internal.KCallableImpl.callBy(KCallableImpl.kt:112)
	at org.springframework.web.method.support.InvocableHandlerMethod$KotlinDelegate.invokeFunction(InvocableHandlerMethod.java:337)
	at org.springframework.web.method.support.InvocableHandlerMethod.doInvoke(InvocableHandlerMethod.java:254)
	at org.springframework.web.method.support.InvocableHandlerMethod.invokeForRequest(InvocableHandlerMethod.java:190)
	at org.springframework.web.servlet.mvc.method.annotation.ServletInvocableHandlerMethod.invokeAndHandle(ServletInvocableHandlerMethod.java:118)
	at org.springframework.web.servlet.mvc.method.annotation.RequestMappingHandlerAdapter.invokeHandlerMethod(RequestMappingHandlerAdapter.java:986)
	at org.springframework.web.servlet.mvc.method.annotation.RequestMappingHandlerAdapter.handleInternal(RequestMappingHandlerAdapter.java:891)
	at org.springframework.web.servlet.mvc.method.AbstractHandlerMethodAdapter.handle(AbstractHandlerMethodAdapter.java:87)
	at org.springframework.web.servlet.DispatcherServlet.doDispatch(DispatcherServlet.java:1088)
	at org.springframework.web.servlet.DispatcherServlet.doService(DispatcherServlet.java:978)
	at org.springframework.web.servlet.FrameworkServlet.processRequest(FrameworkServlet.java:1014)
	at org.springframework.web.servlet.FrameworkServlet.doGet(FrameworkServlet.java:903)
	at jakarta.servlet.http.HttpServlet.service(HttpServlet.java:564)
	at org.springframework.web.servlet.FrameworkServlet.service(FrameworkServlet.java:885)
	at jakarta.servlet.http.HttpServlet.service(HttpServlet.java:658)
	at org.apache.catalina.core.ApplicationFilterChain.internalDoFilter(ApplicationFilterChain.java:195)
	at org.apache.catalina.core.ApplicationFilterChain.doFilter(ApplicationFilterChain.java:140)
	at org.apache.tomcat.websocket.server.WsFilter.doFilter(WsFilter.java:51)
	at org.apache.catalina.core.ApplicationFilterChain.internalDoFilter(ApplicationFilterChain.java:164)
	at org.apache.catalina.core.ApplicationFilterChain.doFilter(ApplicationFilterChain.java:140)
	at org.springframework.web.filter.RequestContextFilter.doFilterInternal(RequestContextFilter.java:100)
	at org.springframework.web.filter.OncePerRequestFilter.doFilter(OncePerRequestFilter.java:116)
	at org.apache.catalina.core.ApplicationFilterChain.internalDoFilter(ApplicationFilterChain.java:164)
	at org.apache.catalina.core.ApplicationFilterChain.doFilter(ApplicationFilterChain.java:140)
	at org.springframework.web.filter.FormContentFilter.doFilterInternal(FormContentFilter.java:93)
	at org.springframework.web.filter.OncePerRequestFilter.doFilter(OncePerRequestFilter.java:116)
	at org.apache.catalina.core.ApplicationFilterChain.internalDoFilter(ApplicationFilterChain.java:164)
	at org.apache.catalina.core.ApplicationFilterChain.doFilter(ApplicationFilterChain.java:140)
	at org.springframework.web.filter.CharacterEncodingFilter.doFilterInternal(CharacterEncodingFilter.java:201)
	at org.springframework.web.filter.OncePerRequestFilter.doFilter(OncePerRequestFilter.java:116)
	at org.apache.catalina.core.ApplicationFilterChain.internalDoFilter(ApplicationFilterChain.java:164)
	at org.apache.catalina.core.ApplicationFilterChain.doFilter(ApplicationFilterChain.java:140)
	at org.apache.catalina.core.StandardWrapperValve.invoke(StandardWrapperValve.java:167)
	at org.apache.catalina.core.StandardContextValve.invoke(StandardContextValve.java:90)
	at org.apache.catalina.authenticator.AuthenticatorBase.invoke(AuthenticatorBase.java:483)
	at org.apache.catalina.core.StandardHostValve.invoke(StandardHostValve.java:115)
	at org.apache.catalina.valves.ErrorReportValve.invoke(ErrorReportValve.java:93)
	at org.apache.catalina.core.StandardEngineValve.invoke(StandardEngineValve.java:74)
	at org.apache.catalina.connector.CoyoteAdapter.service(CoyoteAdapter.java:344)
	at org.apache.coyote.http11.Http11Processor.service(Http11Processor.java:397)
	at org.apache.coyote.AbstractProcessorLight.process(AbstractProcessorLight.java:63)
	at org.apache.coyote.AbstractProtocol$ConnectionHandler.process(AbstractProtocol.java:905)
	at org.apache.tomcat.util.net.NioEndpoint$SocketProcessor.doRun(NioEndpoint.java:1741)
	at org.apache.tomcat.util.net.SocketProcessorBase.run(SocketProcessorBase.java:52)
	at org.apache.tomcat.util.threads.ThreadPoolExecutor.runWorker(ThreadPoolExecutor.java:1190)
	at org.apache.tomcat.util.threads.ThreadPoolExecutor$Worker.run(ThreadPoolExecutor.java:659)
	at org.apache.tomcat.util.threads.TaskThread$WrappingRunnable.run(TaskThread.java:63)
	at java.base/java.lang.Thread.run(Thread.java:842)
Caused by: org.hibernate.exception.ConstraintViolationException: could not execute statement [ERROR: null value in column "statuscode" of relation "audit_logs" violates not-null constraint
  Detail: Failing row contains (22, Fetch Users, Users fetched successfully, 200, 2025-01-28 15:00:25.356858, null).] [insert into audit_logs (action,description,status_code,timestamp) values (?,?,?,?)]
	at org.hibernate.exception.internal.SQLStateConversionDelegate.convert(SQLStateConversionDelegate.java:97)
	at org.hibernate.exception.internal.StandardSQLExceptionConverter.convert(StandardSQLExceptionConverter.java:58)
	at org.hibernate.engine.jdbc.spi.SqlExceptionHelper.convert(SqlExceptionHelper.java:108)
	at org.hibernate.engine.jdbc.internal.ResultSetReturnImpl.executeUpdate(ResultSetReturnImpl.java:197)
	at org.hibernate.id.insert.GetGeneratedKeysDelegate.performMutation(GetGeneratedKeysDelegate.java:116)
	at org.hibernate.engine.jdbc.mutation.internal.MutationExecutorSingleNonBatched.performNonBatchedOperations(MutationExecutorSingleNonBatched.java:47)
	at org.hibernate.engine.jdbc.mutation.internal.AbstractMutationExecutor.execute(AbstractMutationExecutor.java:55)
	at org.hibernate.persister.entity.mutation.InsertCoordinatorStandard.doStaticInserts(InsertCoordinatorStandard.java:194)
	at org.hibernate.persister.entity.mutation.InsertCoordinatorStandard.coordinateInsert(InsertCoordinatorStandard.java:132)
	at org.hibernate.persister.entity.mutation.InsertCoordinatorStandard.insert(InsertCoordinatorStandard.java:95)
	at org.hibernate.action.internal.EntityIdentityInsertAction.execute(EntityIdentityInsertAction.java:85)
	at org.hibernate.engine.spi.ActionQueue.execute(ActionQueue.java:682)
	at org.hibernate.engine.spi.ActionQueue.addResolvedEntityInsertAction(ActionQueue.java:293)
	at org.hibernate.engine.spi.ActionQueue.addInsertAction(ActionQueue.java:274)
	at org.hibernate.engine.spi.ActionQueue.addAction(ActionQueue.java:324)
	at org.hibernate.event.internal.AbstractSaveEventListener.addInsertAction(AbstractSaveEventListener.java:393)
	at org.hibernate.event.internal.AbstractSaveEventListener.performSaveOrReplicate(AbstractSaveEventListener.java:307)
	at org.hibernate.event.internal.AbstractSaveEventListener.performSave(AbstractSaveEventListener.java:223)
	at org.hibernate.event.internal.AbstractSaveEventListener.saveWithGeneratedId(AbstractSaveEventListener.java:136)
	at org.hibernate.event.internal.DefaultPersistEventListener.entityIsTransient(DefaultPersistEventListener.java:177)
	at org.hibernate.event.internal.DefaultPersistEventListener.persist(DefaultPersistEventListener.java:95)
	at org.hibernate.event.internal.DefaultPersistEventListener.onPersist(DefaultPersistEventListener.java:79)
	at org.hibernate.event.internal.DefaultPersistEventListener.onPersist(DefaultPersistEventListener.java:55)
	at org.hibernate.event.service.internal.EventListenerGroupImpl.fireEventOnEachListener(EventListenerGroupImpl.java:127)
	at org.hibernate.internal.SessionImpl.firePersist(SessionImpl.java:761)
	at org.hibernate.internal.SessionImpl.persist(SessionImpl.java:745)
	at java.base/jdk.internal.reflect.NativeMethodAccessorImpl.invoke0(Native Method)
	at java.base/jdk.internal.reflect.NativeMethodAccessorImpl.invoke(NativeMethodAccessorImpl.java:77)
	at java.base/jdk.internal.reflect.DelegatingMethodAccessorImpl.invoke(DelegatingMethodAccessorImpl.java:43)
	at java.base/java.lang.reflect.Method.invoke(Method.java:568)
	at org.springframework.orm.jpa.ExtendedEntityManagerCreator$ExtendedEntityManagerInvocationHandler.invoke(ExtendedEntityManagerCreator.java:364)
	at jdk.proxy4/jdk.proxy4.$Proxy134.persist(Unknown Source)
	at java.base/jdk.internal.reflect.NativeMethodAccessorImpl.invoke0(Native Method)
	at java.base/jdk.internal.reflect.NativeMethodAccessorImpl.invoke(NativeMethodAccessorImpl.java:77)
	at java.base/jdk.internal.reflect.DelegatingMethodAccessorImpl.invoke(DelegatingMethodAccessorImpl.java:43)
	at java.base/java.lang.reflect.Method.invoke(Method.java:568)
	at org.springframework.orm.jpa.SharedEntityManagerCreator$SharedEntityManagerInvocationHandler.invoke(SharedEntityManagerCreator.java:320)
	at jdk.proxy4/jdk.proxy4.$Proxy134.persist(Unknown Source)
	at org.springframework.data.jpa.repository.support.SimpleJpaRepository.save(SimpleJpaRepository.java:627)
	at java.base/jdk.internal.reflect.NativeMethodAccessorImpl.invoke0(Native Method)
	at java.base/jdk.internal.reflect.NativeMethodAccessorImpl.invoke(NativeMethodAccessorImpl.java:77)
	at java.base/jdk.internal.reflect.DelegatingMethodAccessorImpl.invoke(DelegatingMethodAccessorImpl.java:43)
	at java.base/java.lang.reflect.Method.invoke(Method.java:568)
	at org.springframework.aop.support.AopUtils.invokeJoinpointUsingReflection(AopUtils.java:359)
	at org.springframework.data.repository.core.support.RepositoryMethodInvoker$RepositoryFragmentMethodInvoker.lambda$new$0(RepositoryMethodInvoker.java:277)
	at org.springframework.data.repository.core.support.RepositoryMethodInvoker.doInvoke(RepositoryMethodInvoker.java:170)
	at org.springframework.data.repository.core.support.RepositoryMethodInvoker.invoke(RepositoryMethodInvoker.java:158)
	at org.springframework.data.repository.core.support.RepositoryComposition$RepositoryFragments.invoke(RepositoryComposition.java:515)
	at org.springframework.data.repository.core.support.RepositoryComposition.invoke(RepositoryComposition.java:284)
	at org.springframework.data.repository.core.support.RepositoryFactorySupport$ImplementationMethodExecutionInterceptor.invoke(RepositoryFactorySupport.java:752)
	at org.springframework.aop.framework.ReflectiveMethodInvocation.proceed(ReflectiveMethodInvocation.java:184)
	at org.springframework.data.repository.core.support.QueryExecutorMethodInterceptor.doInvoke(QueryExecutorMethodInterceptor.java:174)
	at org.springframework.data.repository.core.support.QueryExecutorMethodInterceptor.invoke(QueryExecutorMethodInterceptor.java:149)
	at org.springframework.aop.framework.ReflectiveMethodInvocation.proceed(ReflectiveMethodInvocation.java:184)
	at org.springframework.data.projection.DefaultMethodInvokingMethodInterceptor.invoke(DefaultMethodInvokingMethodInterceptor.java:69)
	at org.springframework.aop.framework.ReflectiveMethodInvocation.proceed(ReflectiveMethodInvocation.java:184)
	at org.springframework.transaction.interceptor.TransactionAspectSupport.invokeWithinTransaction(TransactionAspectSupport.java:380)
	at org.springframework.transaction.interceptor.TransactionInterceptor.invoke(TransactionInterceptor.java:119)
	at org.springframework.aop.framework.ReflectiveMethodInvocation.proceed(ReflectiveMethodInvocation.java:184)
	at org.springframework.dao.support.PersistenceExceptionTranslationInterceptor.invoke(PersistenceExceptionTranslationInterceptor.java:138)
	... 65 common frames omitted
Caused by: org.postgresql.util.PSQLException: ERROR: null value in column "statuscode" of relation "audit_logs" violates not-null constraint
  Detail: Failing row contains (22, Fetch Users, Users fetched successfully, 200, 2025-01-28 15:00:25.356858, null).
	at org.postgresql.core.v3.QueryExecutorImpl.receiveErrorResponse(QueryExecutorImpl.java:2733)
	at org.postgresql.core.v3.QueryExecutorImpl.processResults(QueryExecutorImpl.java:2420)
	at org.postgresql.core.v3.QueryExecutorImpl.execute(QueryExecutorImpl.java:372)
	at org.postgresql.jdbc.PgStatement.executeInternal(PgStatement.java:517)
	at org.postgresql.jdbc.PgStatement.execute(PgStatement.java:434)
	at org.postgresql.jdbc.PgPreparedStatement.executeWithFlags(PgPreparedStatement.java:194)
	at org.postgresql.jdbc.PgPreparedStatement.executeUpdate(PgPreparedStatement.java:155)
	at com.zaxxer.hikari.pool.ProxyPreparedStatement.executeUpdate(ProxyPreparedStatement.java:61)
	at com.zaxxer.hikari.pool.HikariProxyPreparedStatement.executeUpdate(HikariProxyPreparedStatement.java)
	at org.hibernate.engine.jdbc.internal.ResultSetReturnImpl.executeUpdate(ResultSetReturnImpl.java:194)
	... 121 common frames omitted
2025-01-28 15:00:25 [http-nio-9191-exec-1] INFO  c.p.crud_pulsar.EventPublisher - EventPublisher::publishPlainMessage published the event: AuditMessage(action=Fetch Users, description=Internal server error, statusCode=500)
2025-01-28 15:00:25 [http-nio-9191-exec-1] WARN  o.h.e.jdbc.spi.SqlExceptionHelper - SQL Error: 0, SQLState: 23502
2025-01-28 15:00:25 [http-nio-9191-exec-1] ERROR o.h.e.jdbc.spi.SqlExceptionHelper - ERROR: null value in column "statuscode" of relation "audit_logs" violates not-null constraint
  Detail: Failing row contains (23, Fetch Users, Internal server error, 500, 2025-01-28 15:00:25.374833, null).
2025-01-28 15:00:25 [org.springframework.Pulsar.PulsarListenerEndpointContainer#0-0-C-1] INFO  c.personal.crud_pulsar.EventConsumer - EventConsumer::consumeTextEvent consumed events Fetched all users
2025-01-28 15:00:25 [org.springframework.Pulsar.PulsarListenerEndpointContainer#0-0-C-1] INFO  c.personal.crud_pulsar.EventConsumer - EventConsumer::consumeTextEvent consumed events AuditMessage(action=Fetch Users, description=Users fetched successfully, statusCode=200)
2025-01-28 15:00:25 [http-nio-9191-exec-1] ERROR o.a.c.c.C.[.[.[.[dispatcherServlet] - Servlet.service() for servlet [dispatcherServlet] in context with path [] threw exception [Request processing failed: org.springframework.dao.DataIntegrityViolationException: could not execute statement [ERROR: null value in column "statuscode" of relation "audit_logs" violates not-null constraint
  Detail: Failing row contains (23, Fetch Users, Internal server error, 500, 2025-01-28 15:00:25.374833, null).] [insert into audit_logs (action,description,status_code,timestamp) values (?,?,?,?)]; SQL [insert into audit_logs (action,description,status_code,timestamp) values (?,?,?,?)]; constraint [statuscode" of relation "audit_logs]] with root cause
org.postgresql.util.PSQLException: ERROR: null value in column "statuscode" of relation "audit_logs" violates not-null constraint
  Detail: Failing row contains (23, Fetch Users, Internal server error, 500, 2025-01-28 15:00:25.374833, null).
	at org.postgresql.core.v3.QueryExecutorImpl.receiveErrorResponse(QueryExecutorImpl.java:2733)
	at org.postgresql.core.v3.QueryExecutorImpl.processResults(QueryExecutorImpl.java:2420)
	at org.postgresql.core.v3.QueryExecutorImpl.execute(QueryExecutorImpl.java:372)
	at org.postgresql.jdbc.PgStatement.executeInternal(PgStatement.java:517)
	at org.postgresql.jdbc.PgStatement.execute(PgStatement.java:434)
	at org.postgresql.jdbc.PgPreparedStatement.executeWithFlags(PgPreparedStatement.java:194)
	at org.postgresql.jdbc.PgPreparedStatement.executeUpdate(PgPreparedStatement.java:155)
	at com.zaxxer.hikari.pool.ProxyPreparedStatement.executeUpdate(ProxyPreparedStatement.java:61)
	at com.zaxxer.hikari.pool.HikariProxyPreparedStatement.executeUpdate(HikariProxyPreparedStatement.java)
	at org.hibernate.engine.jdbc.internal.ResultSetReturnImpl.executeUpdate(ResultSetReturnImpl.java:194)
	at org.hibernate.id.insert.GetGeneratedKeysDelegate.performMutation(GetGeneratedKeysDelegate.java:116)
	at org.hibernate.engine.jdbc.mutation.internal.MutationExecutorSingleNonBatched.performNonBatchedOperations(MutationExecutorSingleNonBatched.java:47)
	at org.hibernate.engine.jdbc.mutation.internal.AbstractMutationExecutor.execute(AbstractMutationExecutor.java:55)
	at org.hibernate.persister.entity.mutation.InsertCoordinatorStandard.doStaticInserts(InsertCoordinatorStandard.java:194)
	at org.hibernate.persister.entity.mutation.InsertCoordinatorStandard.coordinateInsert(InsertCoordinatorStandard.java:132)
	at org.hibernate.persister.entity.mutation.InsertCoordinatorStandard.insert(InsertCoordinatorStandard.java:95)
	at org.hibernate.action.internal.EntityIdentityInsertAction.execute(EntityIdentityInsertAction.java:85)
	at org.hibernate.engine.spi.ActionQueue.execute(ActionQueue.java:682)
	at org.hibernate.engine.spi.ActionQueue.addResolvedEntityInsertAction(ActionQueue.java:293)
	at org.hibernate.engine.spi.ActionQueue.addInsertAction(ActionQueue.java:274)
	at org.hibernate.engine.spi.ActionQueue.addAction(ActionQueue.java:324)
	at org.hibernate.event.internal.AbstractSaveEventListener.addInsertAction(AbstractSaveEventListener.java:393)
	at org.hibernate.event.internal.AbstractSaveEventListener.performSaveOrReplicate(AbstractSaveEventListener.java:307)
	at org.hibernate.event.internal.AbstractSaveEventListener.performSave(AbstractSaveEventListener.java:223)
	at org.hibernate.event.internal.AbstractSaveEventListener.saveWithGeneratedId(AbstractSaveEventListener.java:136)
	at org.hibernate.event.internal.DefaultPersistEventListener.entityIsTransient(DefaultPersistEventListener.java:177)
	at org.hibernate.event.internal.DefaultPersistEventListener.persist(DefaultPersistEventListener.java:95)
	at org.hibernate.event.internal.DefaultPersistEventListener.onPersist(DefaultPersistEventListener.java:79)
	at org.hibernate.event.internal.DefaultPersistEventListener.onPersist(DefaultPersistEventListener.java:55)
	at org.hibernate.event.service.internal.EventListenerGroupImpl.fireEventOnEachListener(EventListenerGroupImpl.java:127)
	at org.hibernate.internal.SessionImpl.firePersist(SessionImpl.java:761)
	at org.hibernate.internal.SessionImpl.persist(SessionImpl.java:745)
	at java.base/jdk.internal.reflect.NativeMethodAccessorImpl.invoke0(Native Method)
	at java.base/jdk.internal.reflect.NativeMethodAccessorImpl.invoke(NativeMethodAccessorImpl.java:77)
	at java.base/jdk.internal.reflect.DelegatingMethodAccessorImpl.invoke(DelegatingMethodAccessorImpl.java:43)
	at java.base/java.lang.reflect.Method.invoke(Method.java:568)
	at org.springframework.orm.jpa.ExtendedEntityManagerCreator$ExtendedEntityManagerInvocationHandler.invoke(ExtendedEntityManagerCreator.java:364)
	at jdk.proxy4/jdk.proxy4.$Proxy134.persist(Unknown Source)
	at java.base/jdk.internal.reflect.NativeMethodAccessorImpl.invoke0(Native Method)
	at java.base/jdk.internal.reflect.NativeMethodAccessorImpl.invoke(NativeMethodAccessorImpl.java:77)
	at java.base/jdk.internal.reflect.DelegatingMethodAccessorImpl.invoke(DelegatingMethodAccessorImpl.java:43)
	at java.base/java.lang.reflect.Method.invoke(Method.java:568)
	at org.springframework.orm.jpa.SharedEntityManagerCreator$SharedEntityManagerInvocationHandler.invoke(SharedEntityManagerCreator.java:320)
	at jdk.proxy4/jdk.proxy4.$Proxy134.persist(Unknown Source)
	at org.springframework.data.jpa.repository.support.SimpleJpaRepository.save(SimpleJpaRepository.java:627)
	at java.base/jdk.internal.reflect.NativeMethodAccessorImpl.invoke0(Native Method)
	at java.base/jdk.internal.reflect.NativeMethodAccessorImpl.invoke(NativeMethodAccessorImpl.java:77)
	at java.base/jdk.internal.reflect.DelegatingMethodAccessorImpl.invoke(DelegatingMethodAccessorImpl.java:43)
	at java.base/java.lang.reflect.Method.invoke(Method.java:568)
	at org.springframework.aop.support.AopUtils.invokeJoinpointUsingReflection(AopUtils.java:359)
	at org.springframework.data.repository.core.support.RepositoryMethodInvoker$RepositoryFragmentMethodInvoker.lambda$new$0(RepositoryMethodInvoker.java:277)
	at org.springframework.data.repository.core.support.RepositoryMethodInvoker.doInvoke(RepositoryMethodInvoker.java:170)
	at org.springframework.data.repository.core.support.RepositoryMethodInvoker.invoke(RepositoryMethodInvoker.java:158)
	at org.springframework.data.repository.core.support.RepositoryComposition$RepositoryFragments.invoke(RepositoryComposition.java:515)
	at org.springframework.data.repository.core.support.RepositoryComposition.invoke(RepositoryComposition.java:284)
	at org.springframework.data.repository.core.support.RepositoryFactorySupport$ImplementationMethodExecutionInterceptor.invoke(RepositoryFactorySupport.java:752)
	at org.springframework.aop.framework.ReflectiveMethodInvocation.proceed(ReflectiveMethodInvocation.java:184)
	at org.springframework.data.repository.core.support.QueryExecutorMethodInterceptor.doInvoke(QueryExecutorMethodInterceptor.java:174)
	at org.springframework.data.repository.core.support.QueryExecutorMethodInterceptor.invoke(QueryExecutorMethodInterceptor.java:149)
	at org.springframework.aop.framework.ReflectiveMethodInvocation.proceed(ReflectiveMethodInvocation.java:184)
	at org.springframework.data.projection.DefaultMethodInvokingMethodInterceptor.invoke(DefaultMethodInvokingMethodInterceptor.java:69)
	at org.springframework.aop.framework.ReflectiveMethodInvocation.proceed(ReflectiveMethodInvocation.java:184)
	at org.springframework.transaction.interceptor.TransactionAspectSupport.invokeWithinTransaction(TransactionAspectSupport.java:380)
	at org.springframework.transaction.interceptor.TransactionInterceptor.invoke(TransactionInterceptor.java:119)
	at org.springframework.aop.framework.ReflectiveMethodInvocation.proceed(ReflectiveMethodInvocation.java:184)
	at org.springframework.dao.support.PersistenceExceptionTranslationInterceptor.invoke(PersistenceExceptionTranslationInterceptor.java:138)
	at org.springframework.aop.framework.ReflectiveMethodInvocation.proceed(ReflectiveMethodInvocation.java:184)
	at org.springframework.data.jpa.repository.support.CrudMethodMetadataPostProcessor$CrudMethodMetadataPopulatingMethodInterceptor.invoke(CrudMethodMetadataPostProcessor.java:165)
	at org.springframework.aop.framework.ReflectiveMethodInvocation.proceed(ReflectiveMethodInvocation.java:184)
	at org.springframework.data.repository.core.support.MethodInvocationValidator.invoke(MethodInvocationValidator.java:96)
	at org.springframework.aop.framework.ReflectiveMethodInvocation.proceed(ReflectiveMethodInvocation.java:184)
	at org.springframework.aop.framework.JdkDynamicAopProxy.invoke(JdkDynamicAopProxy.java:223)
	at jdk.proxy4/jdk.proxy4.$Proxy138.save(Unknown Source)
	at com.personal.crud_pulsar.AuditLogService.saveAuditLog(AuditLogService.kt:9)
	at com.personal.crud_pulsar.HelloController.publishAuditEvent(HelloController.kt:298)
	at com.personal.crud_pulsar.HelloController.listUsers(HelloController.kt:195)
	at java.base/jdk.internal.reflect.NativeMethodAccessorImpl.invoke0(Native Method)
	at java.base/jdk.internal.reflect.NativeMethodAccessorImpl.invoke(NativeMethodAccessorImpl.java:77)
	at java.base/jdk.internal.reflect.DelegatingMethodAccessorImpl.invoke(DelegatingMethodAccessorImpl.java:43)
	at java.base/java.lang.reflect.Method.invoke(Method.java:568)
	at kotlin.reflect.jvm.internal.calls.CallerImpl$Method.callMethod(CallerImpl.kt:97)
	at kotlin.reflect.jvm.internal.calls.CallerImpl$Method$Instance.call(CallerImpl.kt:113)
	at kotlin.reflect.jvm.internal.KCallableImpl.callDefaultMethod$kotlin_reflection(KCallableImpl.kt:207)
	at kotlin.reflect.jvm.internal.KCallableImpl.callBy(KCallableImpl.kt:112)
	at org.springframework.web.method.support.InvocableHandlerMethod$KotlinDelegate.invokeFunction(InvocableHandlerMethod.java:337)
	at org.springframework.web.method.support.InvocableHandlerMethod.doInvoke(InvocableHandlerMethod.java:254)
	at org.springframework.web.method.support.InvocableHandlerMethod.invokeForRequest(InvocableHandlerMethod.java:190)
	at org.springframework.web.servlet.mvc.method.annotation.ServletInvocableHandlerMethod.invokeAndHandle(ServletInvocableHandlerMethod.java:118)
	at org.springframework.web.servlet.mvc.method.annotation.RequestMappingHandlerAdapter.invokeHandlerMethod(RequestMappingHandlerAdapter.java:986)
	at org.springframework.web.servlet.mvc.method.annotation.RequestMappingHandlerAdapter.handleInternal(RequestMappingHandlerAdapter.java:891)
	at org.springframework.web.servlet.mvc.method.AbstractHandlerMethodAdapter.handle(AbstractHandlerMethodAdapter.java:87)
	at org.springframework.web.servlet.DispatcherServlet.doDispatch(DispatcherServlet.java:1088)
	at org.springframework.web.servlet.DispatcherServlet.doService(DispatcherServlet.java:978)
	at org.springframework.web.servlet.FrameworkServlet.processRequest(FrameworkServlet.java:1014)
	at org.springframework.web.servlet.FrameworkServlet.doGet(FrameworkServlet.java:903)
	at jakarta.servlet.http.HttpServlet.service(HttpServlet.java:564)
	at org.springframework.web.servlet.FrameworkServlet.service(FrameworkServlet.java:885)
	at jakarta.servlet.http.HttpServlet.service(HttpServlet.java:658)
	at org.apache.catalina.core.ApplicationFilterChain.internalDoFilter(ApplicationFilterChain.java:195)
	at org.apache.catalina.core.ApplicationFilterChain.doFilter(ApplicationFilterChain.java:140)
	at org.apache.tomcat.websocket.server.WsFilter.doFilter(WsFilter.java:51)
	at org.apache.catalina.core.ApplicationFilterChain.internalDoFilter(ApplicationFilterChain.java:164)
	at org.apache.catalina.core.ApplicationFilterChain.doFilter(ApplicationFilterChain.java:140)
	at org.springframework.web.filter.RequestContextFilter.doFilterInternal(RequestContextFilter.java:100)
	at org.springframework.web.filter.OncePerRequestFilter.doFilter(OncePerRequestFilter.java:116)
	at org.apache.catalina.core.ApplicationFilterChain.internalDoFilter(ApplicationFilterChain.java:164)
	at org.apache.catalina.core.ApplicationFilterChain.doFilter(ApplicationFilterChain.java:140)
	at org.springframework.web.filter.FormContentFilter.doFilterInternal(FormContentFilter.java:93)
	at org.springframework.web.filter.OncePerRequestFilter.doFilter(OncePerRequestFilter.java:116)
	at org.apache.catalina.core.ApplicationFilterChain.internalDoFilter(ApplicationFilterChain.java:164)
	at org.apache.catalina.core.ApplicationFilterChain.doFilter(ApplicationFilterChain.java:140)
	at org.springframework.web.filter.CharacterEncodingFilter.doFilterInternal(CharacterEncodingFilter.java:201)
	at org.springframework.web.filter.OncePerRequestFilter.doFilter(OncePerRequestFilter.java:116)
	at org.apache.catalina.core.ApplicationFilterChain.internalDoFilter(ApplicationFilterChain.java:164)
	at org.apache.catalina.core.ApplicationFilterChain.doFilter(ApplicationFilterChain.java:140)
	at org.apache.catalina.core.StandardWrapperValve.invoke(StandardWrapperValve.java:167)
	at org.apache.catalina.core.StandardContextValve.invoke(StandardContextValve.java:90)
	at org.apache.catalina.authenticator.AuthenticatorBase.invoke(AuthenticatorBase.java:483)
	at org.apache.catalina.core.StandardHostValve.invoke(StandardHostValve.java:115)
	at org.apache.catalina.valves.ErrorReportValve.invoke(ErrorReportValve.java:93)
	at org.apache.catalina.core.StandardEngineValve.invoke(StandardEngineValve.java:74)
	at org.apache.catalina.connector.CoyoteAdapter.service(CoyoteAdapter.java:344)
	at org.apache.coyote.http11.Http11Processor.service(Http11Processor.java:397)
	at org.apache.coyote.AbstractProcessorLight.process(AbstractProcessorLight.java:63)
	at org.apache.coyote.AbstractProtocol$ConnectionHandler.process(AbstractProtocol.java:905)
	at org.apache.tomcat.util.net.NioEndpoint$SocketProcessor.doRun(NioEndpoint.java:1741)
	at org.apache.tomcat.util.net.SocketProcessorBase.run(SocketProcessorBase.java:52)
	at org.apache.tomcat.util.threads.ThreadPoolExecutor.runWorker(ThreadPoolExecutor.java:1190)
	at org.apache.tomcat.util.threads.ThreadPoolExecutor$Worker.run(ThreadPoolExecutor.java:659)
	at org.apache.tomcat.util.threads.TaskThread$WrappingRunnable.run(TaskThread.java:63)
	at java.base/java.lang.Thread.run(Thread.java:842)
2025-01-28 15:00:25 [org.springframework.Pulsar.PulsarListenerEndpointContainer#0-0-C-1] INFO  c.personal.crud_pulsar.EventConsumer - EventConsumer::consumeTextEvent consumed events AuditMessage(action=Fetch Users, description=Internal server error, statusCode=500)
2025-01-28 15:01:14 [pulsar-timer-27-1] INFO  o.a.p.c.i.ConsumerStatsRecorderImpl - [persistent://public/default/jt-plain-topic] [my-subscription] [79bad] Prefetched messages: 0 --- Consume throughput received: 0.10 msgs/s --- 0.00 Mbit/s --- Ack sent rate: 0.10 ack/s --- Failed messages: 0 --- batch messages: 0 ---Failed acks: 0
2025-01-28 15:01:18 [pulsar-timer-27-1] INFO  o.a.p.c.i.ProducerStatsRecorderImpl - [persistent://public/default/jt-plain-topic] [standalone-0-3] --- Publish throughput: 0.10 msg/s --- 0.00 Mbit/s --- Latency: med: 9.000 ms - 95pct: 24.000 ms - 99pct: 24.000 ms - 99.9pct: 24.000 ms - max: 24.000 ms --- BatchSize: med: 1.000 - 95pct: 1.000 - 99pct: 1.000 - 99.9pct: 1.000 - max: 1.000 --- MsgSize: med: 83.000 bytes - 95pct: 88.000 bytes - 99pct: 88.000 bytes - 99.9pct: 88.000 bytes - max: 88.000 bytes --- Ack received rate: 0.10 ack/s --- Failed messages: 0 --- Pending messages: 0
2025-01-28 15:01:25 [pulsar-client-io-1-3] INFO  o.a.pulsar.client.impl.ProducerImpl - [persistent://public/default/jt-plain-topic] [standalone-0-3] Closed Producer
2025-01-28 15:02:54 [SpringApplicationShutdownHook] INFO  o.s.b.w.e.tomcat.GracefulShutdown - Commencing graceful shutdown. Waiting for active requests to complete
2025-01-28 15:02:54 [tomcat-shutdown] INFO  o.s.b.w.e.tomcat.GracefulShutdown - Graceful shutdown complete
2025-01-28 15:02:54 [SpringApplicationShutdownHook] INFO  o.s.p.l.DefaultPulsarMessageListenerContainer - Pausing consumer
2025-01-28 15:02:54 [SpringApplicationShutdownHook] INFO  o.s.p.l.DefaultPulsarMessageListenerContainer - Closing consumer
2025-01-28 15:02:54 [pulsar-client-io-1-3] INFO  o.a.pulsar.client.impl.ConsumerImpl - [persistent://public/default/jt-raw-topic] [my-subscription] Closed consumer
2025-01-28 15:02:54 [SpringApplicationShutdownHook] INFO  o.s.p.l.DefaultPulsarMessageListenerContainer - Pausing consumer
2025-01-28 15:02:54 [SpringApplicationShutdownHook] INFO  o.s.p.l.DefaultPulsarMessageListenerContainer - Closing consumer
2025-01-28 15:02:54 [pulsar-client-io-1-3] INFO  o.a.pulsar.client.impl.ConsumerImpl - [persistent://public/default/jt-plain-topic] [my-subscription] Closed consumer
2025-01-28 15:02:54 [SpringApplicationShutdownHook] INFO  o.s.p.l.DefaultPulsarMessageListenerContainer - Pausing consumer
2025-01-28 15:02:54 [SpringApplicationShutdownHook] INFO  o.s.p.l.DefaultPulsarMessageListenerContainer - Closing consumer
2025-01-28 15:02:54 [pulsar-client-io-1-3] INFO  o.a.pulsar.client.impl.ConsumerImpl - [persistent://public/default/jt-raw-topic-dlq] [my-subscription-dlq] Closed consumer
2025-01-28 15:02:54 [SpringApplicationShutdownHook] INFO  o.a.p.client.impl.PulsarClientImpl - Client closing. URL: pulsar://localhost:6650
2025-01-28 15:02:54 [pulsar-client-io-1-3] INFO  o.a.pulsar.client.impl.ClientCnx - [id: 0xd899dc3d, L:/127.0.0.1:53692 ! R:localhost/127.0.0.1:6650] Disconnected
2025-01-28 15:02:56 [SpringApplicationShutdownHook] INFO  o.s.o.j.LocalContainerEntityManagerFactoryBean - Closing JPA EntityManagerFactory for persistence unit 'default'
2025-01-28 15:02:56 [SpringApplicationShutdownHook] INFO  com.zaxxer.hikari.HikariDataSource - HikariPool-1 - Shutdown initiated...
2025-01-28 15:02:56 [SpringApplicationShutdownHook] INFO  com.zaxxer.hikari.HikariDataSource - HikariPool-1 - Shutdown completed.
2025-01-28 15:03:00 [restartedMain] INFO  c.p.c.CrudPulsarApplicationKt - Starting CrudPulsarApplicationKt using Java 17.0.12 with PID 38915 (/Users/uttam.gowda/IdeaProjects/crud-pulsar -1/build/classes/kotlin/main started by uttam.gowda in /Users/uttam.gowda/IdeaProjects/crud-pulsar -1)
2025-01-28 15:03:00 [restartedMain] INFO  c.p.c.CrudPulsarApplicationKt - No active profile set, falling back to 1 default profile: "default"
2025-01-28 15:03:00 [restartedMain] INFO  o.s.b.d.restart.ChangeableUrls - The Class-Path manifest attribute in /Users/uttam.gowda/.gradle/caches/modules-2/files-2.1/org.springframework.pulsar/spring-pulsar-cache-provider-caffeine/1.2.1/c2b0ff3dd061069d916cb1df19e539eda19562e0/spring-pulsar-cache-provider-caffeine-1.2.1.jar referenced one or more files that do not exist: file:/Users/uttam.gowda/.gradle/caches/modules-2/files-2.1/org.springframework.pulsar/spring-pulsar-cache-provider-caffeine/1.2.1/c2b0ff3dd061069d916cb1df19e539eda19562e0/spring-pulsar-cache-provider-1.2.1.jar
2025-01-28 15:03:00 [restartedMain] INFO  o.s.b.d.e.DevToolsPropertyDefaultsPostProcessor - Devtools property defaults active! Set 'spring.devtools.add-properties' to 'false' to disable
2025-01-28 15:03:00 [restartedMain] INFO  o.s.b.d.e.DevToolsPropertyDefaultsPostProcessor - For additional web related logging consider setting the 'logging.level.web' property to 'DEBUG'
2025-01-28 15:03:00 [restartedMain] INFO  o.s.d.r.c.RepositoryConfigurationDelegate - Bootstrapping Spring Data JPA repositories in DEFAULT mode.
2025-01-28 15:03:00 [restartedMain] INFO  o.s.d.r.c.RepositoryConfigurationDelegate - Finished Spring Data repository scanning in 28 ms. Found 2 JPA repository interfaces.
2025-01-28 15:03:01 [restartedMain] INFO  o.s.b.w.e.tomcat.TomcatWebServer - Tomcat initialized with port 9191 (http)
2025-01-28 15:03:01 [restartedMain] INFO  o.a.catalina.core.StandardService - Starting service [Tomcat]
2025-01-28 15:03:01 [restartedMain] INFO  o.a.catalina.core.StandardEngine - Starting Servlet engine: [Apache Tomcat/10.1.34]
2025-01-28 15:03:01 [restartedMain] INFO  o.a.c.c.C.[Tomcat].[localhost].[/] - Initializing Spring embedded WebApplicationContext
2025-01-28 15:03:01 [restartedMain] INFO  o.s.b.w.s.c.ServletWebServerApplicationContext - Root WebApplicationContext: initialization completed in 897 ms
2025-01-28 15:03:01 [restartedMain] INFO  o.h.jpa.internal.util.LogHelper - HHH000204: Processing PersistenceUnitInfo [name: default]
2025-01-28 15:03:01 [restartedMain] INFO  org.hibernate.Version - HHH000412: Hibernate ORM core version 6.6.4.Final
2025-01-28 15:03:01 [restartedMain] INFO  o.h.c.i.RegionFactoryInitiator - HHH000026: Second-level cache disabled
2025-01-28 15:03:01 [restartedMain] INFO  o.s.o.j.p.SpringPersistenceUnitInfo - No LoadTimeWeaver setup: ignoring JPA class transformer
2025-01-28 15:03:01 [restartedMain] INFO  com.zaxxer.hikari.HikariDataSource - HikariPool-1 - Starting...
2025-01-28 15:03:01 [restartedMain] INFO  com.zaxxer.hikari.pool.HikariPool - HikariPool-1 - Added connection org.postgresql.jdbc.PgConnection@29b0e794
2025-01-28 15:03:01 [restartedMain] INFO  com.zaxxer.hikari.HikariDataSource - HikariPool-1 - Start completed.
2025-01-28 15:03:01 [restartedMain] WARN  org.hibernate.orm.deprecation - HHH90000025: PostgreSQLDialect does not need to be specified explicitly using 'hibernate.dialect' (remove the property setting and it will be selected by default)
2025-01-28 15:03:01 [restartedMain] INFO  o.hibernate.orm.connections.pooling - HHH10001005: Database info:
	Database JDBC URL [Connecting through datasource 'HikariDataSource (HikariPool-1)']
	Database driver: undefined/unknown
	Database version: 17.2
	Autocommit mode: undefined/unknown
	Isolation level: undefined/unknown
	Minimum pool size: undefined/unknown
	Maximum pool size: undefined/unknown
2025-01-28 15:03:01 [restartedMain] INFO  o.h.e.t.j.p.i.JtaPlatformInitiator - HHH000489: No JTA platform available (set 'hibernate.transaction.jta.platform' to enable JTA platform integration)
2025-01-28 15:03:01 [restartedMain] INFO  o.s.o.j.LocalContainerEntityManagerFactoryBean - Initialized JPA EntityManagerFactory for persistence unit 'default'
2025-01-28 15:03:02 [restartedMain] INFO  o.s.p.c.DefaultPulsarClientFactory - Using restartable client
2025-01-28 15:03:02 [restartedMain] ERROR o.a.p.s.i.n.r.d.DnsServerAddressStreamProviders - Unable to load org.apache.pulsar.shade.io.netty.resolver.dns.macos.MacOSDnsServerAddressStreamProvider, fallback to system defaults. This may result in incorrect DNS resolutions on MacOS. Check whether you have a dependency on 'io.netty:netty-resolver-dns-native-macos'. Use DEBUG level to see the full stack: java.lang.UnsatisfiedLinkError: failed to load the required native library
2025-01-28 15:03:02 [restartedMain] WARN  o.a.p.c.util.netty.DnsResolverUtil - Cannot get DNS TTL settings from sun.net.InetAddressCachePolicy class
java.lang.IllegalAccessException: class org.apache.pulsar.common.util.netty.DnsResolverUtil cannot access class sun.net.InetAddressCachePolicy (in module java.base) because module java.base does not export sun.net to unnamed module @80e692a
	at java.base/jdk.internal.reflect.Reflection.newIllegalAccessException(Reflection.java:392)
	at java.base/java.lang.reflect.AccessibleObject.checkAccess(AccessibleObject.java:674)
	at java.base/java.lang.reflect.Method.invoke(Method.java:560)
	at org.apache.pulsar.common.util.netty.DnsResolverUtil.<clinit>(DnsResolverUtil.java:46)
	at org.apache.pulsar.client.impl.ConnectionPool.createAddressResolver(ConnectionPool.java:159)
	at org.apache.pulsar.client.impl.ConnectionPool.lambda$new$1(ConnectionPool.java:126)
	at java.base/java.util.Optional.orElseGet(Optional.java:364)
	at org.apache.pulsar.client.impl.ConnectionPool.<init>(ConnectionPool.java:126)
	at org.apache.pulsar.client.impl.ConnectionPool.<init>(ConnectionPool.java:95)
	at org.apache.pulsar.client.impl.ConnectionPool.<init>(ConnectionPool.java:90)
	at org.apache.pulsar.client.impl.PulsarClientImpl.<init>(PulsarClientImpl.java:196)
	at org.apache.pulsar.client.impl.PulsarClientImpl.<init>(PulsarClientImpl.java:153)
	at org.apache.pulsar.client.impl.ClientBuilderImpl.build(ClientBuilderImpl.java:63)
	at org.springframework.pulsar.core.PulsarClientProxy.createInstance(PulsarClientProxy.java:97)
	at org.springframework.pulsar.core.PulsarClientProxy.createInstance(PulsarClientProxy.java:47)
	at org.springframework.pulsar.core.RestartableSingletonFactory.ensureInstanceCreated(RestartableSingletonFactory.java:72)
	at org.springframework.pulsar.core.RestartableSingletonFactory.afterPropertiesSet(RestartableSingletonFactory.java:61)
	at org.springframework.beans.factory.support.AbstractAutowireCapableBeanFactory.invokeInitMethods(AbstractAutowireCapableBeanFactory.java:1855)
	at org.springframework.beans.factory.support.AbstractAutowireCapableBeanFactory.initializeBean(AbstractAutowireCapableBeanFactory.java:1804)
	at org.springframework.beans.factory.support.AbstractAutowireCapableBeanFactory.doCreateBean(AbstractAutowireCapableBeanFactory.java:601)
	at org.springframework.beans.factory.support.AbstractAutowireCapableBeanFactory.createBean(AbstractAutowireCapableBeanFactory.java:523)
	at org.springframework.beans.factory.support.AbstractBeanFactory.lambda$doGetBean$0(AbstractBeanFactory.java:336)
	at org.springframework.beans.factory.support.DefaultSingletonBeanRegistry.getSingleton(DefaultSingletonBeanRegistry.java:289)
	at org.springframework.beans.factory.support.AbstractBeanFactory.doGetBean(AbstractBeanFactory.java:334)
	at org.springframework.beans.factory.support.AbstractBeanFactory.getBean(AbstractBeanFactory.java:199)
	at org.springframework.beans.factory.support.DefaultListableBeanFactory.doResolveDependency(DefaultListableBeanFactory.java:1573)
	at org.springframework.beans.factory.support.DefaultListableBeanFactory.resolveDependency(DefaultListableBeanFactory.java:1519)
	at org.springframework.beans.factory.support.ConstructorResolver.resolveAutowiredArgument(ConstructorResolver.java:913)
	at org.springframework.beans.factory.support.ConstructorResolver.createArgumentArray(ConstructorResolver.java:791)
	at org.springframework.beans.factory.support.ConstructorResolver.instantiateUsingFactoryMethod(ConstructorResolver.java:546)
	at org.springframework.beans.factory.support.AbstractAutowireCapableBeanFactory.instantiateUsingFactoryMethod(AbstractAutowireCapableBeanFactory.java:1357)
	at org.springframework.beans.factory.support.AbstractAutowireCapableBeanFactory.createBeanInstance(AbstractAutowireCapableBeanFactory.java:1187)
	at org.springframework.beans.factory.support.AbstractAutowireCapableBeanFactory.doCreateBean(AbstractAutowireCapableBeanFactory.java:563)
	at org.springframework.beans.factory.support.AbstractAutowireCapableBeanFactory.createBean(AbstractAutowireCapableBeanFactory.java:523)
	at org.springframework.beans.factory.support.AbstractBeanFactory.lambda$doGetBean$0(AbstractBeanFactory.java:336)
	at org.springframework.beans.factory.support.DefaultSingletonBeanRegistry.getSingleton(DefaultSingletonBeanRegistry.java:289)
	at org.springframework.beans.factory.support.AbstractBeanFactory.doGetBean(AbstractBeanFactory.java:334)
	at org.springframework.beans.factory.support.AbstractBeanFactory.getBean(AbstractBeanFactory.java:199)
	at org.springframework.beans.factory.config.DependencyDescriptor.resolveCandidate(DependencyDescriptor.java:254)
	at org.springframework.beans.factory.support.DefaultListableBeanFactory.doResolveDependency(DefaultListableBeanFactory.java:1631)
	at org.springframework.beans.factory.support.DefaultListableBeanFactory.resolveDependency(DefaultListableBeanFactory.java:1519)
	at org.springframework.beans.factory.support.ConstructorResolver.resolveAutowiredArgument(ConstructorResolver.java:913)
	at org.springframework.beans.factory.support.ConstructorResolver.createArgumentArray(ConstructorResolver.java:791)
	at org.springframework.beans.factory.support.ConstructorResolver.instantiateUsingFactoryMethod(ConstructorResolver.java:546)
	at org.springframework.beans.factory.support.AbstractAutowireCapableBeanFactory.instantiateUsingFactoryMethod(AbstractAutowireCapableBeanFactory.java:1357)
	at org.springframework.beans.factory.support.AbstractAutowireCapableBeanFactory.createBeanInstance(AbstractAutowireCapableBeanFactory.java:1187)
	at org.springframework.beans.factory.support.AbstractAutowireCapableBeanFactory.doCreateBean(AbstractAutowireCapableBeanFactory.java:563)
	at org.springframework.beans.factory.support.AbstractAutowireCapableBeanFactory.createBean(AbstractAutowireCapableBeanFactory.java:523)
	at org.springframework.beans.factory.support.AbstractBeanFactory.lambda$doGetBean$0(AbstractBeanFactory.java:336)
	at org.springframework.beans.factory.support.DefaultSingletonBeanRegistry.getSingleton(DefaultSingletonBeanRegistry.java:289)
	at org.springframework.beans.factory.support.AbstractBeanFactory.doGetBean(AbstractBeanFactory.java:334)
	at org.springframework.beans.factory.support.AbstractBeanFactory.getBean(AbstractBeanFactory.java:199)
	at org.springframework.beans.factory.config.DependencyDescriptor.resolveCandidate(DependencyDescriptor.java:254)
	at org.springframework.beans.factory.support.DefaultListableBeanFactory.doResolveDependency(DefaultListableBeanFactory.java:1631)
	at org.springframework.beans.factory.support.DefaultListableBeanFactory.resolveDependency(DefaultListableBeanFactory.java:1519)
	at org.springframework.beans.factory.support.ConstructorResolver.resolveAutowiredArgument(ConstructorResolver.java:913)
	at org.springframework.beans.factory.support.ConstructorResolver.createArgumentArray(ConstructorResolver.java:791)
	at org.springframework.beans.factory.support.ConstructorResolver.autowireConstructor(ConstructorResolver.java:240)
	at org.springframework.beans.factory.support.AbstractAutowireCapableBeanFactory.autowireConstructor(AbstractAutowireCapableBeanFactory.java:1377)
	at org.springframework.beans.factory.support.AbstractAutowireCapableBeanFactory.createBeanInstance(AbstractAutowireCapableBeanFactory.java:1214)
	at org.springframework.beans.factory.support.AbstractAutowireCapableBeanFactory.doCreateBean(AbstractAutowireCapableBeanFactory.java:563)
	at org.springframework.beans.factory.support.AbstractAutowireCapableBeanFactory.createBean(AbstractAutowireCapableBeanFactory.java:523)
	at org.springframework.beans.factory.support.AbstractBeanFactory.lambda$doGetBean$0(AbstractBeanFactory.java:336)
	at org.springframework.beans.factory.support.DefaultSingletonBeanRegistry.getSingleton(DefaultSingletonBeanRegistry.java:289)
	at org.springframework.beans.factory.support.AbstractBeanFactory.doGetBean(AbstractBeanFactory.java:334)
	at org.springframework.beans.factory.support.AbstractBeanFactory.getBean(AbstractBeanFactory.java:199)
	at org.springframework.beans.factory.support.DefaultListableBeanFactory.instantiateSingleton(DefaultListableBeanFactory.java:1122)
	at org.springframework.beans.factory.support.DefaultListableBeanFactory.preInstantiateSingleton(DefaultListableBeanFactory.java:1093)
	at org.springframework.beans.factory.support.DefaultListableBeanFactory.preInstantiateSingletons(DefaultListableBeanFactory.java:1030)
	at org.springframework.context.support.AbstractApplicationContext.finishBeanFactoryInitialization(AbstractApplicationContext.java:987)
	at org.springframework.context.support.AbstractApplicationContext.refresh(AbstractApplicationContext.java:627)
	at org.springframework.boot.web.servlet.context.ServletWebServerApplicationContext.refresh(ServletWebServerApplicationContext.java:146)
	at org.springframework.boot.SpringApplication.refresh(SpringApplication.java:752)
	at org.springframework.boot.SpringApplication.refreshContext(SpringApplication.java:439)
	at org.springframework.boot.SpringApplication.run(SpringApplication.java:318)
	at org.springframework.boot.SpringApplication.run(SpringApplication.java:1361)
	at org.springframework.boot.SpringApplication.run(SpringApplication.java:1350)
	at com.personal.crud_pulsar.CrudPulsarApplicationKt.main(CrudPulsarApplication.kt:15)
	at java.base/jdk.internal.reflect.NativeMethodAccessorImpl.invoke0(Native Method)
	at java.base/jdk.internal.reflect.NativeMethodAccessorImpl.invoke(NativeMethodAccessorImpl.java:77)
	at java.base/jdk.internal.reflect.DelegatingMethodAccessorImpl.invoke(DelegatingMethodAccessorImpl.java:43)
	at java.base/java.lang.reflect.Method.invoke(Method.java:568)
	at org.springframework.boot.devtools.restart.RestartLauncher.run(RestartLauncher.java:50)
2025-01-28 15:03:02 [restartedMain] WARN  o.s.b.a.o.j.JpaBaseConfiguration$JpaWebConfiguration - spring.jpa.open-in-view is enabled by default. Therefore, database queries may be performed during view rendering. Explicitly configure spring.jpa.open-in-view to disable this warning
2025-01-28 15:03:02 [restartedMain] INFO  o.s.b.d.a.OptionalLiveReloadServer - LiveReload server is running on port 35729
2025-01-28 15:03:02 [pulsar-client-io-1-3] INFO  o.a.p.client.impl.ConnectionPool - [[id: 0x08e8539a, L:/127.0.0.1:53806 - R:localhost/127.0.0.1:6650]] Connected to server
2025-01-28 15:03:02 [pulsar-client-io-1-3] INFO  o.a.p.c.i.ConsumerStatsRecorderImpl - Starting Pulsar consumer status recorder with config: {"topicNames":["persistent://public/default/jt-raw-topic"],"topicsPattern":null,"subscriptionName":"my-subscription","subscriptionType":"Shared","subscriptionProperties":null,"subscriptionMode":"Durable","receiverQueueSize":1000,"acknowledgementsGroupTimeMicros":100000,"maxAcknowledgmentGroupSize":1000,"negativeAckRedeliveryDelayMicros":60000000,"maxTotalReceiverQueueSizeAcrossPartitions":50000,"consumerName":null,"ackTimeoutMillis":0,"tickDurationMillis":1000,"priorityLevel":0,"maxPendingChunkedMessage":10,"autoAckOldestChunkedMessageOnQueueFull":false,"expireTimeOfIncompleteChunkedMessageMillis":60000,"cryptoFailureAction":"FAIL","properties":{},"readCompacted":false,"subscriptionInitialPosition":"Latest","patternAutoDiscoveryPeriod":60,"regexSubscriptionMode":"PersistentOnly","deadLetterPolicy":{"maxRedeliverCount":3,"retryLetterTopic":"jt-raw-topic-retry","deadLetterTopic":"jt-raw-topic-dlq","initialSubscriptionName":null},"retryEnable":false,"autoUpdatePartitions":true,"autoUpdatePartitionsIntervalSeconds":60,"replicateSubscriptionState":false,"resetIncludeHead":false,"batchIndexAckEnabled":false,"ackReceiptEnabled":false,"poolMessages":false,"startPaused":false,"autoScaledReceiverQueueSizeEnabled":false,"topicConfigurations":[],"maxPendingChuckedMessage":10}
2025-01-28 15:03:02 [pulsar-client-io-1-3] INFO  o.a.p.c.i.ConsumerStatsRecorderImpl - Pulsar client config: {"serviceUrl":"pulsar://localhost:6650","authPluginClassName":null,"authParams":null,"authParamMap":null,"operationTimeoutMs":30000,"lookupTimeoutMs":30000,"statsIntervalSeconds":60,"numIoThreads":8,"numListenerThreads":8,"connectionsPerBroker":1,"connectionMaxIdleSeconds":180,"useTcpNoDelay":true,"useTls":false,"tlsKeyFilePath":null,"tlsCertificateFilePath":null,"tlsTrustCertsFilePath":null,"tlsAllowInsecureConnection":false,"tlsHostnameVerificationEnable":false,"concurrentLookupRequest":5000,"maxLookupRequest":50000,"maxLookupRedirects":20,"maxNumberOfRejectedRequestPerConnection":50,"keepAliveIntervalSeconds":30,"connectionTimeoutMs":10000,"requestTimeoutMs":60000,"readTimeoutMs":60000,"autoCertRefreshSeconds":300,"initialBackoffIntervalNanos":100000000,"maxBackoffIntervalNanos":60000000000,"enableBusyWait":false,"listenerName":null,"useKeyStoreTls":false,"sslProvider":null,"tlsKeyStoreType":"JKS","tlsKeyStorePath":null,"tlsKeyStorePassword":null,"tlsTrustStoreType":"JKS","tlsTrustStorePath":null,"tlsTrustStorePassword":null,"tlsCiphers":[],"tlsProtocols":[],"memoryLimitBytes":67108864,"proxyServiceUrl":null,"proxyProtocol":null,"enableTransaction":false,"dnsLookupBindAddress":null,"dnsLookupBindPort":0,"socks5ProxyAddress":null,"socks5ProxyUsername":null,"socks5ProxyPassword":null,"description":null}
2025-01-28 15:03:02 [pulsar-client-io-1-3] INFO  o.a.pulsar.client.impl.ConsumerImpl - [persistent://public/default/jt-raw-topic][my-subscription] Subscribing to topic on cnx [id: 0x08e8539a, L:/127.0.0.1:53806 - R:localhost/127.0.0.1:6650], consumerId 0
2025-01-28 15:03:02 [pulsar-client-io-1-3] INFO  o.a.pulsar.client.impl.ConsumerImpl - [persistent://public/default/jt-raw-topic][my-subscription] Subscribed to topic on localhost/127.0.0.1:6650 -- consumer: 0
2025-01-28 15:03:02 [pulsar-client-io-1-3] INFO  o.a.p.c.i.ConsumerStatsRecorderImpl - Starting Pulsar consumer status recorder with config: {"topicNames":["persistent://public/default/jt-plain-topic"],"topicsPattern":null,"subscriptionName":"my-subscription","subscriptionType":"Shared","subscriptionProperties":null,"subscriptionMode":"Durable","receiverQueueSize":1000,"acknowledgementsGroupTimeMicros":100000,"maxAcknowledgmentGroupSize":1000,"negativeAckRedeliveryDelayMicros":60000000,"maxTotalReceiverQueueSizeAcrossPartitions":50000,"consumerName":null,"ackTimeoutMillis":0,"tickDurationMillis":1000,"priorityLevel":0,"maxPendingChunkedMessage":10,"autoAckOldestChunkedMessageOnQueueFull":false,"expireTimeOfIncompleteChunkedMessageMillis":60000,"cryptoFailureAction":"FAIL","properties":{},"readCompacted":false,"subscriptionInitialPosition":"Latest","patternAutoDiscoveryPeriod":60,"regexSubscriptionMode":"PersistentOnly","deadLetterPolicy":{"maxRedeliverCount":3,"retryLetterTopic":"jt-raw-topic-retry","deadLetterTopic":"jt-raw-topic-dlq","initialSubscriptionName":null},"retryEnable":false,"autoUpdatePartitions":true,"autoUpdatePartitionsIntervalSeconds":60,"replicateSubscriptionState":false,"resetIncludeHead":false,"batchIndexAckEnabled":false,"ackReceiptEnabled":false,"poolMessages":false,"startPaused":false,"autoScaledReceiverQueueSizeEnabled":false,"topicConfigurations":[],"maxPendingChuckedMessage":10}
2025-01-28 15:03:02 [pulsar-client-io-1-3] INFO  o.a.p.c.i.ConsumerStatsRecorderImpl - Pulsar client config: {"serviceUrl":"pulsar://localhost:6650","authPluginClassName":null,"authParams":null,"authParamMap":null,"operationTimeoutMs":30000,"lookupTimeoutMs":30000,"statsIntervalSeconds":60,"numIoThreads":8,"numListenerThreads":8,"connectionsPerBroker":1,"connectionMaxIdleSeconds":180,"useTcpNoDelay":true,"useTls":false,"tlsKeyFilePath":null,"tlsCertificateFilePath":null,"tlsTrustCertsFilePath":null,"tlsAllowInsecureConnection":false,"tlsHostnameVerificationEnable":false,"concurrentLookupRequest":5000,"maxLookupRequest":50000,"maxLookupRedirects":20,"maxNumberOfRejectedRequestPerConnection":50,"keepAliveIntervalSeconds":30,"connectionTimeoutMs":10000,"requestTimeoutMs":60000,"readTimeoutMs":60000,"autoCertRefreshSeconds":300,"initialBackoffIntervalNanos":100000000,"maxBackoffIntervalNanos":60000000000,"enableBusyWait":false,"listenerName":null,"useKeyStoreTls":false,"sslProvider":null,"tlsKeyStoreType":"JKS","tlsKeyStorePath":null,"tlsKeyStorePassword":null,"tlsTrustStoreType":"JKS","tlsTrustStorePath":null,"tlsTrustStorePassword":null,"tlsCiphers":[],"tlsProtocols":[],"memoryLimitBytes":67108864,"proxyServiceUrl":null,"proxyProtocol":null,"enableTransaction":false,"dnsLookupBindAddress":null,"dnsLookupBindPort":0,"socks5ProxyAddress":null,"socks5ProxyUsername":null,"socks5ProxyPassword":null,"description":null}
2025-01-28 15:03:02 [pulsar-client-io-1-3] INFO  o.a.pulsar.client.impl.ConsumerImpl - [persistent://public/default/jt-plain-topic][my-subscription] Subscribing to topic on cnx [id: 0x08e8539a, L:/127.0.0.1:53806 - R:localhost/127.0.0.1:6650], consumerId 1
2025-01-28 15:03:02 [pulsar-client-io-1-3] INFO  o.a.pulsar.client.impl.ConsumerImpl - [persistent://public/default/jt-plain-topic][my-subscription] Subscribed to topic on localhost/127.0.0.1:6650 -- consumer: 1
2025-01-28 15:03:02 [pulsar-client-io-1-3] INFO  o.a.p.c.i.ConsumerStatsRecorderImpl - Starting Pulsar consumer status recorder with config: {"topicNames":["persistent://public/default/jt-raw-topic-dlq"],"topicsPattern":null,"subscriptionName":"my-subscription-dlq","subscriptionType":"Exclusive","subscriptionProperties":null,"subscriptionMode":"Durable","receiverQueueSize":1000,"acknowledgementsGroupTimeMicros":100000,"maxAcknowledgmentGroupSize":1000,"negativeAckRedeliveryDelayMicros":60000000,"maxTotalReceiverQueueSizeAcrossPartitions":50000,"consumerName":null,"ackTimeoutMillis":0,"tickDurationMillis":1000,"priorityLevel":0,"maxPendingChunkedMessage":10,"autoAckOldestChunkedMessageOnQueueFull":false,"expireTimeOfIncompleteChunkedMessageMillis":60000,"cryptoFailureAction":"FAIL","properties":{},"readCompacted":false,"subscriptionInitialPosition":"Latest","patternAutoDiscoveryPeriod":60,"regexSubscriptionMode":"PersistentOnly","deadLetterPolicy":{"maxRedeliverCount":3,"retryLetterTopic":"jt-raw-topic-retry","deadLetterTopic":"jt-raw-topic-dlq","initialSubscriptionName":null},"retryEnable":false,"autoUpdatePartitions":true,"autoUpdatePartitionsIntervalSeconds":60,"replicateSubscriptionState":false,"resetIncludeHead":false,"batchIndexAckEnabled":false,"ackReceiptEnabled":false,"poolMessages":false,"startPaused":false,"autoScaledReceiverQueueSizeEnabled":false,"topicConfigurations":[],"maxPendingChuckedMessage":10}
2025-01-28 15:03:02 [pulsar-client-io-1-3] INFO  o.a.p.c.i.ConsumerStatsRecorderImpl - Pulsar client config: {"serviceUrl":"pulsar://localhost:6650","authPluginClassName":null,"authParams":null,"authParamMap":null,"operationTimeoutMs":30000,"lookupTimeoutMs":30000,"statsIntervalSeconds":60,"numIoThreads":8,"numListenerThreads":8,"connectionsPerBroker":1,"connectionMaxIdleSeconds":180,"useTcpNoDelay":true,"useTls":false,"tlsKeyFilePath":null,"tlsCertificateFilePath":null,"tlsTrustCertsFilePath":null,"tlsAllowInsecureConnection":false,"tlsHostnameVerificationEnable":false,"concurrentLookupRequest":5000,"maxLookupRequest":50000,"maxLookupRedirects":20,"maxNumberOfRejectedRequestPerConnection":50,"keepAliveIntervalSeconds":30,"connectionTimeoutMs":10000,"requestTimeoutMs":60000,"readTimeoutMs":60000,"autoCertRefreshSeconds":300,"initialBackoffIntervalNanos":100000000,"maxBackoffIntervalNanos":60000000000,"enableBusyWait":false,"listenerName":null,"useKeyStoreTls":false,"sslProvider":null,"tlsKeyStoreType":"JKS","tlsKeyStorePath":null,"tlsKeyStorePassword":null,"tlsTrustStoreType":"JKS","tlsTrustStorePath":null,"tlsTrustStorePassword":null,"tlsCiphers":[],"tlsProtocols":[],"memoryLimitBytes":67108864,"proxyServiceUrl":null,"proxyProtocol":null,"enableTransaction":false,"dnsLookupBindAddress":null,"dnsLookupBindPort":0,"socks5ProxyAddress":null,"socks5ProxyUsername":null,"socks5ProxyPassword":null,"description":null}
2025-01-28 15:03:02 [pulsar-client-io-1-3] INFO  o.a.pulsar.client.impl.ConsumerImpl - [persistent://public/default/jt-raw-topic-dlq][my-subscription-dlq] Subscribing to topic on cnx [id: 0x08e8539a, L:/127.0.0.1:53806 - R:localhost/127.0.0.1:6650], consumerId 2
2025-01-28 15:03:03 [pulsar-client-io-1-3] INFO  o.a.pulsar.client.impl.ConsumerImpl - [persistent://public/default/jt-raw-topic-dlq][my-subscription-dlq] Subscribed to topic on localhost/127.0.0.1:6650 -- consumer: 2
2025-01-28 15:03:03 [restartedMain] INFO  o.s.b.w.e.tomcat.TomcatWebServer - Tomcat started on port 9191 (http) with context path '/'
2025-01-28 15:03:03 [restartedMain] INFO  c.p.c.CrudPulsarApplicationKt - Started CrudPulsarApplicationKt in 3.113 seconds (process running for 3.415)
2025-01-28 15:03:07 [http-nio-9191-exec-2] INFO  o.a.c.c.C.[Tomcat].[localhost].[/] - Initializing Spring DispatcherServlet 'dispatcherServlet'
2025-01-28 15:03:07 [http-nio-9191-exec-2] INFO  o.s.web.servlet.DispatcherServlet - Initializing Servlet 'dispatcherServlet'
2025-01-28 15:03:07 [http-nio-9191-exec-2] INFO  o.s.web.servlet.DispatcherServlet - Completed initialization in 1 ms
2025-01-28 15:03:07 [http-nio-9191-exec-2] INFO  c.p.crud_pulsar.HelloController - Fetching all users
2025-01-28 15:03:07 [pulsar-client-io-1-3] INFO  o.a.p.c.i.ProducerStatsRecorderImpl - Starting Pulsar producer perf with config: {"topicName":"persistent://public/default/jt-plain-topic","producerName":null,"sendTimeoutMs":30000,"blockIfQueueFull":false,"maxPendingMessages":0,"maxPendingMessagesAcrossPartitions":0,"messageRoutingMode":"RoundRobinPartition","hashingScheme":"JavaStringHash","cryptoFailureAction":"FAIL","batchingMaxPublishDelayMicros":1000,"batchingPartitionSwitchFrequencyByPublishDelay":10,"batchingMaxMessages":1000,"batchingMaxBytes":131072,"batchingEnabled":true,"chunkingEnabled":false,"chunkMaxMessageSize":-1,"encryptionKeys":[],"compressionType":"NONE","initialSequenceId":null,"autoUpdatePartitions":true,"autoUpdatePartitionsIntervalSeconds":60,"multiSchema":true,"accessMode":"Shared","lazyStartPartitionedProducers":false,"properties":{},"initialSubscriptionName":null}
2025-01-28 15:03:07 [pulsar-client-io-1-3] INFO  o.a.p.c.i.ProducerStatsRecorderImpl - Pulsar client config: {"serviceUrl":"pulsar://localhost:6650","authPluginClassName":null,"authParams":null,"authParamMap":null,"operationTimeoutMs":30000,"lookupTimeoutMs":30000,"statsIntervalSeconds":60,"numIoThreads":8,"numListenerThreads":8,"connectionsPerBroker":1,"connectionMaxIdleSeconds":180,"useTcpNoDelay":true,"useTls":false,"tlsKeyFilePath":null,"tlsCertificateFilePath":null,"tlsTrustCertsFilePath":null,"tlsAllowInsecureConnection":false,"tlsHostnameVerificationEnable":false,"concurrentLookupRequest":5000,"maxLookupRequest":50000,"maxLookupRedirects":20,"maxNumberOfRejectedRequestPerConnection":50,"keepAliveIntervalSeconds":30,"connectionTimeoutMs":10000,"requestTimeoutMs":60000,"readTimeoutMs":60000,"autoCertRefreshSeconds":300,"initialBackoffIntervalNanos":100000000,"maxBackoffIntervalNanos":60000000000,"enableBusyWait":false,"listenerName":null,"useKeyStoreTls":false,"sslProvider":null,"tlsKeyStoreType":"JKS","tlsKeyStorePath":null,"tlsKeyStorePassword":null,"tlsTrustStoreType":"JKS","tlsTrustStorePath":null,"tlsTrustStorePassword":null,"tlsCiphers":[],"tlsProtocols":[],"memoryLimitBytes":67108864,"proxyServiceUrl":null,"proxyProtocol":null,"enableTransaction":false,"dnsLookupBindAddress":null,"dnsLookupBindPort":0,"socks5ProxyAddress":null,"socks5ProxyUsername":null,"socks5ProxyPassword":null,"description":null}
2025-01-28 15:03:07 [pulsar-client-io-1-3] INFO  o.a.pulsar.client.impl.ProducerImpl - [persistent://public/default/jt-plain-topic] [null] Creating producer on cnx [id: 0x08e8539a, L:/127.0.0.1:53806 - R:localhost/127.0.0.1:6650]
2025-01-28 15:03:07 [pulsar-client-io-1-3] INFO  o.a.pulsar.client.impl.ProducerImpl - [persistent://public/default/jt-plain-topic] [standalone-0-4] Created producer on cnx [id: 0x08e8539a, L:/127.0.0.1:53806 - R:localhost/127.0.0.1:6650]
2025-01-28 15:03:07 [http-nio-9191-exec-2] INFO  c.p.crud_pulsar.EventPublisher - EventPublisher::publishPlainMessage published the event: Fetched all users
2025-01-28 15:03:07 [http-nio-9191-exec-2] INFO  c.p.crud_pulsar.EventPublisher - EventPublisher::publishPlainMessage published the event: AuditMessage(action=Fetch Users, description=Users fetched successfully, statusCode=200)
2025-01-28 15:03:07 [http-nio-9191-exec-2] WARN  o.h.e.jdbc.spi.SqlExceptionHelper - SQL Error: 0, SQLState: 23502
2025-01-28 15:03:07 [http-nio-9191-exec-2] ERROR o.h.e.jdbc.spi.SqlExceptionHelper - ERROR: null value in column "statuscode" of relation "audit_logs" violates not-null constraint
  Detail: Failing row contains (24, Fetch Users, Users fetched successfully, 200, 2025-01-28 15:03:07.66204, null).
2025-01-28 15:03:07 [org.springframework.Pulsar.PulsarListenerEndpointContainer#0-0-C-1] INFO  c.personal.crud_pulsar.EventConsumer - EventConsumer::consumeTextEvent consumed events Fetched all users
2025-01-28 15:03:07 [org.springframework.Pulsar.PulsarListenerEndpointContainer#0-0-C-1] INFO  c.personal.crud_pulsar.EventConsumer - EventConsumer::consumeTextEvent consumed events AuditMessage(action=Fetch Users, description=Users fetched successfully, statusCode=200)
2025-01-28 15:03:07 [http-nio-9191-exec-2] ERROR c.p.crud_pulsar.HelloController - Internal server error while fetching users
org.springframework.dao.DataIntegrityViolationException: could not execute statement [ERROR: null value in column "statuscode" of relation "audit_logs" violates not-null constraint
  Detail: Failing row contains (24, Fetch Users, Users fetched successfully, 200, 2025-01-28 15:03:07.66204, null).] [insert into audit_logs (action,description,status_code,timestamp) values (?,?,?,?)]; SQL [insert into audit_logs (action,description,status_code,timestamp) values (?,?,?,?)]; constraint [statuscode" of relation "audit_logs]
	at org.springframework.orm.jpa.vendor.HibernateJpaDialect.convertHibernateAccessException(HibernateJpaDialect.java:290)
	at org.springframework.orm.jpa.vendor.HibernateJpaDialect.translateExceptionIfPossible(HibernateJpaDialect.java:241)
	at org.springframework.orm.jpa.AbstractEntityManagerFactoryBean.translateExceptionIfPossible(AbstractEntityManagerFactoryBean.java:560)
	at org.springframework.dao.support.ChainedPersistenceExceptionTranslator.translateExceptionIfPossible(ChainedPersistenceExceptionTranslator.java:61)
	at org.springframework.dao.support.DataAccessUtils.translateIfNecessary(DataAccessUtils.java:343)
	at org.springframework.dao.support.PersistenceExceptionTranslationInterceptor.invoke(PersistenceExceptionTranslationInterceptor.java:160)
	at org.springframework.aop.framework.ReflectiveMethodInvocation.proceed(ReflectiveMethodInvocation.java:184)
	at org.springframework.data.jpa.repository.support.CrudMethodMetadataPostProcessor$CrudMethodMetadataPopulatingMethodInterceptor.invoke(CrudMethodMetadataPostProcessor.java:165)
	at org.springframework.aop.framework.ReflectiveMethodInvocation.proceed(ReflectiveMethodInvocation.java:184)
	at org.springframework.data.repository.core.support.MethodInvocationValidator.invoke(MethodInvocationValidator.java:96)
	at org.springframework.aop.framework.ReflectiveMethodInvocation.proceed(ReflectiveMethodInvocation.java:184)
	at org.springframework.aop.framework.JdkDynamicAopProxy.invoke(JdkDynamicAopProxy.java:223)
	at jdk.proxy4/jdk.proxy4.$Proxy138.save(Unknown Source)
	at com.personal.crud_pulsar.AuditLogService.saveAuditLog(AuditLogService.kt:9)
	at com.personal.crud_pulsar.HelloController.publishAuditEvent(HelloController.kt:300)
	at com.personal.crud_pulsar.HelloController.listUsers(HelloController.kt:192)
	at java.base/jdk.internal.reflect.NativeMethodAccessorImpl.invoke0(Native Method)
	at java.base/jdk.internal.reflect.NativeMethodAccessorImpl.invoke(NativeMethodAccessorImpl.java:77)
	at java.base/jdk.internal.reflect.DelegatingMethodAccessorImpl.invoke(DelegatingMethodAccessorImpl.java:43)
	at java.base/java.lang.reflect.Method.invoke(Method.java:568)
	at kotlin.reflect.jvm.internal.calls.CallerImpl$Method.callMethod(CallerImpl.kt:97)
	at kotlin.reflect.jvm.internal.calls.CallerImpl$Method$Instance.call(CallerImpl.kt:113)
	at kotlin.reflect.jvm.internal.KCallableImpl.callDefaultMethod$kotlin_reflection(KCallableImpl.kt:207)
	at kotlin.reflect.jvm.internal.KCallableImpl.callBy(KCallableImpl.kt:112)
	at org.springframework.web.method.support.InvocableHandlerMethod$KotlinDelegate.invokeFunction(InvocableHandlerMethod.java:337)
	at org.springframework.web.method.support.InvocableHandlerMethod.doInvoke(InvocableHandlerMethod.java:254)
	at org.springframework.web.method.support.InvocableHandlerMethod.invokeForRequest(InvocableHandlerMethod.java:190)
	at org.springframework.web.servlet.mvc.method.annotation.ServletInvocableHandlerMethod.invokeAndHandle(ServletInvocableHandlerMethod.java:118)
	at org.springframework.web.servlet.mvc.method.annotation.RequestMappingHandlerAdapter.invokeHandlerMethod(RequestMappingHandlerAdapter.java:986)
	at org.springframework.web.servlet.mvc.method.annotation.RequestMappingHandlerAdapter.handleInternal(RequestMappingHandlerAdapter.java:891)
	at org.springframework.web.servlet.mvc.method.AbstractHandlerMethodAdapter.handle(AbstractHandlerMethodAdapter.java:87)
	at org.springframework.web.servlet.DispatcherServlet.doDispatch(DispatcherServlet.java:1088)
	at org.springframework.web.servlet.DispatcherServlet.doService(DispatcherServlet.java:978)
	at org.springframework.web.servlet.FrameworkServlet.processRequest(FrameworkServlet.java:1014)
	at org.springframework.web.servlet.FrameworkServlet.doGet(FrameworkServlet.java:903)
	at jakarta.servlet.http.HttpServlet.service(HttpServlet.java:564)
	at org.springframework.web.servlet.FrameworkServlet.service(FrameworkServlet.java:885)
	at jakarta.servlet.http.HttpServlet.service(HttpServlet.java:658)
	at org.apache.catalina.core.ApplicationFilterChain.internalDoFilter(ApplicationFilterChain.java:195)
	at org.apache.catalina.core.ApplicationFilterChain.doFilter(ApplicationFilterChain.java:140)
	at org.apache.tomcat.websocket.server.WsFilter.doFilter(WsFilter.java:51)
	at org.apache.catalina.core.ApplicationFilterChain.internalDoFilter(ApplicationFilterChain.java:164)
	at org.apache.catalina.core.ApplicationFilterChain.doFilter(ApplicationFilterChain.java:140)
	at org.springframework.web.filter.RequestContextFilter.doFilterInternal(RequestContextFilter.java:100)
	at org.springframework.web.filter.OncePerRequestFilter.doFilter(OncePerRequestFilter.java:116)
	at org.apache.catalina.core.ApplicationFilterChain.internalDoFilter(ApplicationFilterChain.java:164)
	at org.apache.catalina.core.ApplicationFilterChain.doFilter(ApplicationFilterChain.java:140)
	at org.springframework.web.filter.FormContentFilter.doFilterInternal(FormContentFilter.java:93)
	at org.springframework.web.filter.OncePerRequestFilter.doFilter(OncePerRequestFilter.java:116)
	at org.apache.catalina.core.ApplicationFilterChain.internalDoFilter(ApplicationFilterChain.java:164)
	at org.apache.catalina.core.ApplicationFilterChain.doFilter(ApplicationFilterChain.java:140)
	at org.springframework.web.filter.CharacterEncodingFilter.doFilterInternal(CharacterEncodingFilter.java:201)
	at org.springframework.web.filter.OncePerRequestFilter.doFilter(OncePerRequestFilter.java:116)
	at org.apache.catalina.core.ApplicationFilterChain.internalDoFilter(ApplicationFilterChain.java:164)
	at org.apache.catalina.core.ApplicationFilterChain.doFilter(ApplicationFilterChain.java:140)
	at org.apache.catalina.core.StandardWrapperValve.invoke(StandardWrapperValve.java:167)
	at org.apache.catalina.core.StandardContextValve.invoke(StandardContextValve.java:90)
	at org.apache.catalina.authenticator.AuthenticatorBase.invoke(AuthenticatorBase.java:483)
	at org.apache.catalina.core.StandardHostValve.invoke(StandardHostValve.java:115)
	at org.apache.catalina.valves.ErrorReportValve.invoke(ErrorReportValve.java:93)
	at org.apache.catalina.core.StandardEngineValve.invoke(StandardEngineValve.java:74)
	at org.apache.catalina.connector.CoyoteAdapter.service(CoyoteAdapter.java:344)
	at org.apache.coyote.http11.Http11Processor.service(Http11Processor.java:397)
	at org.apache.coyote.AbstractProcessorLight.process(AbstractProcessorLight.java:63)
	at org.apache.coyote.AbstractProtocol$ConnectionHandler.process(AbstractProtocol.java:905)
	at org.apache.tomcat.util.net.NioEndpoint$SocketProcessor.doRun(NioEndpoint.java:1741)
	at org.apache.tomcat.util.net.SocketProcessorBase.run(SocketProcessorBase.java:52)
	at org.apache.tomcat.util.threads.ThreadPoolExecutor.runWorker(ThreadPoolExecutor.java:1190)
	at org.apache.tomcat.util.threads.ThreadPoolExecutor$Worker.run(ThreadPoolExecutor.java:659)
	at org.apache.tomcat.util.threads.TaskThread$WrappingRunnable.run(TaskThread.java:63)
	at java.base/java.lang.Thread.run(Thread.java:842)
Caused by: org.hibernate.exception.ConstraintViolationException: could not execute statement [ERROR: null value in column "statuscode" of relation "audit_logs" violates not-null constraint
  Detail: Failing row contains (24, Fetch Users, Users fetched successfully, 200, 2025-01-28 15:03:07.66204, null).] [insert into audit_logs (action,description,status_code,timestamp) values (?,?,?,?)]
	at org.hibernate.exception.internal.SQLStateConversionDelegate.convert(SQLStateConversionDelegate.java:97)
	at org.hibernate.exception.internal.StandardSQLExceptionConverter.convert(StandardSQLExceptionConverter.java:58)
	at org.hibernate.engine.jdbc.spi.SqlExceptionHelper.convert(SqlExceptionHelper.java:108)
	at org.hibernate.engine.jdbc.internal.ResultSetReturnImpl.executeUpdate(ResultSetReturnImpl.java:197)
	at org.hibernate.id.insert.GetGeneratedKeysDelegate.performMutation(GetGeneratedKeysDelegate.java:116)
	at org.hibernate.engine.jdbc.mutation.internal.MutationExecutorSingleNonBatched.performNonBatchedOperations(MutationExecutorSingleNonBatched.java:47)
	at org.hibernate.engine.jdbc.mutation.internal.AbstractMutationExecutor.execute(AbstractMutationExecutor.java:55)
	at org.hibernate.persister.entity.mutation.InsertCoordinatorStandard.doStaticInserts(InsertCoordinatorStandard.java:194)
	at org.hibernate.persister.entity.mutation.InsertCoordinatorStandard.coordinateInsert(InsertCoordinatorStandard.java:132)
	at org.hibernate.persister.entity.mutation.InsertCoordinatorStandard.insert(InsertCoordinatorStandard.java:95)
	at org.hibernate.action.internal.EntityIdentityInsertAction.execute(EntityIdentityInsertAction.java:85)
	at org.hibernate.engine.spi.ActionQueue.execute(ActionQueue.java:682)
	at org.hibernate.engine.spi.ActionQueue.addResolvedEntityInsertAction(ActionQueue.java:293)
	at org.hibernate.engine.spi.ActionQueue.addInsertAction(ActionQueue.java:274)
	at org.hibernate.engine.spi.ActionQueue.addAction(ActionQueue.java:324)
	at org.hibernate.event.internal.AbstractSaveEventListener.addInsertAction(AbstractSaveEventListener.java:393)
	at org.hibernate.event.internal.AbstractSaveEventListener.performSaveOrReplicate(AbstractSaveEventListener.java:307)
	at org.hibernate.event.internal.AbstractSaveEventListener.performSave(AbstractSaveEventListener.java:223)
	at org.hibernate.event.internal.AbstractSaveEventListener.saveWithGeneratedId(AbstractSaveEventListener.java:136)
	at org.hibernate.event.internal.DefaultPersistEventListener.entityIsTransient(DefaultPersistEventListener.java:177)
	at org.hibernate.event.internal.DefaultPersistEventListener.persist(DefaultPersistEventListener.java:95)
	at org.hibernate.event.internal.DefaultPersistEventListener.onPersist(DefaultPersistEventListener.java:79)
	at org.hibernate.event.internal.DefaultPersistEventListener.onPersist(DefaultPersistEventListener.java:55)
	at org.hibernate.event.service.internal.EventListenerGroupImpl.fireEventOnEachListener(EventListenerGroupImpl.java:127)
	at org.hibernate.internal.SessionImpl.firePersist(SessionImpl.java:761)
	at org.hibernate.internal.SessionImpl.persist(SessionImpl.java:745)
	at java.base/jdk.internal.reflect.NativeMethodAccessorImpl.invoke0(Native Method)
	at java.base/jdk.internal.reflect.NativeMethodAccessorImpl.invoke(NativeMethodAccessorImpl.java:77)
	at java.base/jdk.internal.reflect.DelegatingMethodAccessorImpl.invoke(DelegatingMethodAccessorImpl.java:43)
	at java.base/java.lang.reflect.Method.invoke(Method.java:568)
	at org.springframework.orm.jpa.ExtendedEntityManagerCreator$ExtendedEntityManagerInvocationHandler.invoke(ExtendedEntityManagerCreator.java:364)
	at jdk.proxy4/jdk.proxy4.$Proxy134.persist(Unknown Source)
	at java.base/jdk.internal.reflect.NativeMethodAccessorImpl.invoke0(Native Method)
	at java.base/jdk.internal.reflect.NativeMethodAccessorImpl.invoke(NativeMethodAccessorImpl.java:77)
	at java.base/jdk.internal.reflect.DelegatingMethodAccessorImpl.invoke(DelegatingMethodAccessorImpl.java:43)
	at java.base/java.lang.reflect.Method.invoke(Method.java:568)
	at org.springframework.orm.jpa.SharedEntityManagerCreator$SharedEntityManagerInvocationHandler.invoke(SharedEntityManagerCreator.java:320)
	at jdk.proxy4/jdk.proxy4.$Proxy134.persist(Unknown Source)
	at org.springframework.data.jpa.repository.support.SimpleJpaRepository.save(SimpleJpaRepository.java:627)
	at java.base/jdk.internal.reflect.NativeMethodAccessorImpl.invoke0(Native Method)
	at java.base/jdk.internal.reflect.NativeMethodAccessorImpl.invoke(NativeMethodAccessorImpl.java:77)
	at java.base/jdk.internal.reflect.DelegatingMethodAccessorImpl.invoke(DelegatingMethodAccessorImpl.java:43)
	at java.base/java.lang.reflect.Method.invoke(Method.java:568)
	at org.springframework.aop.support.AopUtils.invokeJoinpointUsingReflection(AopUtils.java:359)
	at org.springframework.data.repository.core.support.RepositoryMethodInvoker$RepositoryFragmentMethodInvoker.lambda$new$0(RepositoryMethodInvoker.java:277)
	at org.springframework.data.repository.core.support.RepositoryMethodInvoker.doInvoke(RepositoryMethodInvoker.java:170)
	at org.springframework.data.repository.core.support.RepositoryMethodInvoker.invoke(RepositoryMethodInvoker.java:158)
	at org.springframework.data.repository.core.support.RepositoryComposition$RepositoryFragments.invoke(RepositoryComposition.java:515)
	at org.springframework.data.repository.core.support.RepositoryComposition.invoke(RepositoryComposition.java:284)
	at org.springframework.data.repository.core.support.RepositoryFactorySupport$ImplementationMethodExecutionInterceptor.invoke(RepositoryFactorySupport.java:752)
	at org.springframework.aop.framework.ReflectiveMethodInvocation.proceed(ReflectiveMethodInvocation.java:184)
	at org.springframework.data.repository.core.support.QueryExecutorMethodInterceptor.doInvoke(QueryExecutorMethodInterceptor.java:174)
	at org.springframework.data.repository.core.support.QueryExecutorMethodInterceptor.invoke(QueryExecutorMethodInterceptor.java:149)
	at org.springframework.aop.framework.ReflectiveMethodInvocation.proceed(ReflectiveMethodInvocation.java:184)
	at org.springframework.data.projection.DefaultMethodInvokingMethodInterceptor.invoke(DefaultMethodInvokingMethodInterceptor.java:69)
	at org.springframework.aop.framework.ReflectiveMethodInvocation.proceed(ReflectiveMethodInvocation.java:184)
	at org.springframework.transaction.interceptor.TransactionAspectSupport.invokeWithinTransaction(TransactionAspectSupport.java:380)
	at org.springframework.transaction.interceptor.TransactionInterceptor.invoke(TransactionInterceptor.java:119)
	at org.springframework.aop.framework.ReflectiveMethodInvocation.proceed(ReflectiveMethodInvocation.java:184)
	at org.springframework.dao.support.PersistenceExceptionTranslationInterceptor.invoke(PersistenceExceptionTranslationInterceptor.java:138)
	... 65 common frames omitted
Caused by: org.postgresql.util.PSQLException: ERROR: null value in column "statuscode" of relation "audit_logs" violates not-null constraint
  Detail: Failing row contains (24, Fetch Users, Users fetched successfully, 200, 2025-01-28 15:03:07.66204, null).
	at org.postgresql.core.v3.QueryExecutorImpl.receiveErrorResponse(QueryExecutorImpl.java:2733)
	at org.postgresql.core.v3.QueryExecutorImpl.processResults(QueryExecutorImpl.java:2420)
	at org.postgresql.core.v3.QueryExecutorImpl.execute(QueryExecutorImpl.java:372)
	at org.postgresql.jdbc.PgStatement.executeInternal(PgStatement.java:517)
	at org.postgresql.jdbc.PgStatement.execute(PgStatement.java:434)
	at org.postgresql.jdbc.PgPreparedStatement.executeWithFlags(PgPreparedStatement.java:194)
	at org.postgresql.jdbc.PgPreparedStatement.executeUpdate(PgPreparedStatement.java:155)
	at com.zaxxer.hikari.pool.ProxyPreparedStatement.executeUpdate(ProxyPreparedStatement.java:61)
	at com.zaxxer.hikari.pool.HikariProxyPreparedStatement.executeUpdate(HikariProxyPreparedStatement.java)
	at org.hibernate.engine.jdbc.internal.ResultSetReturnImpl.executeUpdate(ResultSetReturnImpl.java:194)
	... 121 common frames omitted
2025-01-28 15:03:07 [http-nio-9191-exec-2] INFO  c.p.crud_pulsar.EventPublisher - EventPublisher::publishPlainMessage published the event: AuditMessage(action=Fetch Users, description=Internal server error, statusCode=500)
2025-01-28 15:03:07 [http-nio-9191-exec-2] WARN  o.h.e.jdbc.spi.SqlExceptionHelper - SQL Error: 0, SQLState: 23502
2025-01-28 15:03:07 [http-nio-9191-exec-2] ERROR o.h.e.jdbc.spi.SqlExceptionHelper - ERROR: null value in column "statuscode" of relation "audit_logs" violates not-null constraint
  Detail: Failing row contains (25, Fetch Users, Internal server error, 500, 2025-01-28 15:03:07.688497, null).
2025-01-28 15:03:07 [http-nio-9191-exec-2] ERROR o.a.c.c.C.[.[.[.[dispatcherServlet] - Servlet.service() for servlet [dispatcherServlet] in context with path [] threw exception [Request processing failed: org.springframework.dao.DataIntegrityViolationException: could not execute statement [ERROR: null value in column "statuscode" of relation "audit_logs" violates not-null constraint
  Detail: Failing row contains (25, Fetch Users, Internal server error, 500, 2025-01-28 15:03:07.688497, null).] [insert into audit_logs (action,description,status_code,timestamp) values (?,?,?,?)]; SQL [insert into audit_logs (action,description,status_code,timestamp) values (?,?,?,?)]; constraint [statuscode" of relation "audit_logs]] with root cause
org.postgresql.util.PSQLException: ERROR: null value in column "statuscode" of relation "audit_logs" violates not-null constraint
  Detail: Failing row contains (25, Fetch Users, Internal server error, 500, 2025-01-28 15:03:07.688497, null).
	at org.postgresql.core.v3.QueryExecutorImpl.receiveErrorResponse(QueryExecutorImpl.java:2733)
	at org.postgresql.core.v3.QueryExecutorImpl.processResults(QueryExecutorImpl.java:2420)
	at org.postgresql.core.v3.QueryExecutorImpl.execute(QueryExecutorImpl.java:372)
	at org.postgresql.jdbc.PgStatement.executeInternal(PgStatement.java:517)
	at org.postgresql.jdbc.PgStatement.execute(PgStatement.java:434)
	at org.postgresql.jdbc.PgPreparedStatement.executeWithFlags(PgPreparedStatement.java:194)
	at org.postgresql.jdbc.PgPreparedStatement.executeUpdate(PgPreparedStatement.java:155)
	at com.zaxxer.hikari.pool.ProxyPreparedStatement.executeUpdate(ProxyPreparedStatement.java:61)
	at com.zaxxer.hikari.pool.HikariProxyPreparedStatement.executeUpdate(HikariProxyPreparedStatement.java)
	at org.hibernate.engine.jdbc.internal.ResultSetReturnImpl.executeUpdate(ResultSetReturnImpl.java:194)
	at org.hibernate.id.insert.GetGeneratedKeysDelegate.performMutation(GetGeneratedKeysDelegate.java:116)
	at org.hibernate.engine.jdbc.mutation.internal.MutationExecutorSingleNonBatched.performNonBatchedOperations(MutationExecutorSingleNonBatched.java:47)
	at org.hibernate.engine.jdbc.mutation.internal.AbstractMutationExecutor.execute(AbstractMutationExecutor.java:55)
	at org.hibernate.persister.entity.mutation.InsertCoordinatorStandard.doStaticInserts(InsertCoordinatorStandard.java:194)
	at org.hibernate.persister.entity.mutation.InsertCoordinatorStandard.coordinateInsert(InsertCoordinatorStandard.java:132)
	at org.hibernate.persister.entity.mutation.InsertCoordinatorStandard.insert(InsertCoordinatorStandard.java:95)
	at org.hibernate.action.internal.EntityIdentityInsertAction.execute(EntityIdentityInsertAction.java:85)
	at org.hibernate.engine.spi.ActionQueue.execute(ActionQueue.java:682)
	at org.hibernate.engine.spi.ActionQueue.addResolvedEntityInsertAction(ActionQueue.java:293)
	at org.hibernate.engine.spi.ActionQueue.addInsertAction(ActionQueue.java:274)
	at org.hibernate.engine.spi.ActionQueue.addAction(ActionQueue.java:324)
	at org.hibernate.event.internal.AbstractSaveEventListener.addInsertAction(AbstractSaveEventListener.java:393)
	at org.hibernate.event.internal.AbstractSaveEventListener.performSaveOrReplicate(AbstractSaveEventListener.java:307)
	at org.hibernate.event.internal.AbstractSaveEventListener.performSave(AbstractSaveEventListener.java:223)
	at org.hibernate.event.internal.AbstractSaveEventListener.saveWithGeneratedId(AbstractSaveEventListener.java:136)
	at org.hibernate.event.internal.DefaultPersistEventListener.entityIsTransient(DefaultPersistEventListener.java:177)
	at org.hibernate.event.internal.DefaultPersistEventListener.persist(DefaultPersistEventListener.java:95)
	at org.hibernate.event.internal.DefaultPersistEventListener.onPersist(DefaultPersistEventListener.java:79)
	at org.hibernate.event.internal.DefaultPersistEventListener.onPersist(DefaultPersistEventListener.java:55)
	at org.hibernate.event.service.internal.EventListenerGroupImpl.fireEventOnEachListener(EventListenerGroupImpl.java:127)
	at org.hibernate.internal.SessionImpl.firePersist(SessionImpl.java:761)
	at org.hibernate.internal.SessionImpl.persist(SessionImpl.java:745)
	at java.base/jdk.internal.reflect.NativeMethodAccessorImpl.invoke0(Native Method)
	at java.base/jdk.internal.reflect.NativeMethodAccessorImpl.invoke(NativeMethodAccessorImpl.java:77)
	at java.base/jdk.internal.reflect.DelegatingMethodAccessorImpl.invoke(DelegatingMethodAccessorImpl.java:43)
	at java.base/java.lang.reflect.Method.invoke(Method.java:568)
	at org.springframework.orm.jpa.ExtendedEntityManagerCreator$ExtendedEntityManagerInvocationHandler.invoke(ExtendedEntityManagerCreator.java:364)
	at jdk.proxy4/jdk.proxy4.$Proxy134.persist(Unknown Source)
	at java.base/jdk.internal.reflect.NativeMethodAccessorImpl.invoke0(Native Method)
	at java.base/jdk.internal.reflect.NativeMethodAccessorImpl.invoke(NativeMethodAccessorImpl.java:77)
	at java.base/jdk.internal.reflect.DelegatingMethodAccessorImpl.invoke(DelegatingMethodAccessorImpl.java:43)
	at java.base/java.lang.reflect.Method.invoke(Method.java:568)
	at org.springframework.orm.jpa.SharedEntityManagerCreator$SharedEntityManagerInvocationHandler.invoke(SharedEntityManagerCreator.java:320)
	at jdk.proxy4/jdk.proxy4.$Proxy134.persist(Unknown Source)
	at org.springframework.data.jpa.repository.support.SimpleJpaRepository.save(SimpleJpaRepository.java:627)
	at java.base/jdk.internal.reflect.NativeMethodAccessorImpl.invoke0(Native Method)
	at java.base/jdk.internal.reflect.NativeMethodAccessorImpl.invoke(NativeMethodAccessorImpl.java:77)
	at java.base/jdk.internal.reflect.DelegatingMethodAccessorImpl.invoke(DelegatingMethodAccessorImpl.java:43)
	at java.base/java.lang.reflect.Method.invoke(Method.java:568)
	at org.springframework.aop.support.AopUtils.invokeJoinpointUsingReflection(AopUtils.java:359)
	at org.springframework.data.repository.core.support.RepositoryMethodInvoker$RepositoryFragmentMethodInvoker.lambda$new$0(RepositoryMethodInvoker.java:277)
	at org.springframework.data.repository.core.support.RepositoryMethodInvoker.doInvoke(RepositoryMethodInvoker.java:170)
	at org.springframework.data.repository.core.support.RepositoryMethodInvoker.invoke(RepositoryMethodInvoker.java:158)
	at org.springframework.data.repository.core.support.RepositoryComposition$RepositoryFragments.invoke(RepositoryComposition.java:515)
	at org.springframework.data.repository.core.support.RepositoryComposition.invoke(RepositoryComposition.java:284)
	at org.springframework.data.repository.core.support.RepositoryFactorySupport$ImplementationMethodExecutionInterceptor.invoke(RepositoryFactorySupport.java:752)
	at org.springframework.aop.framework.ReflectiveMethodInvocation.proceed(ReflectiveMethodInvocation.java:184)
	at org.springframework.data.repository.core.support.QueryExecutorMethodInterceptor.doInvoke(QueryExecutorMethodInterceptor.java:174)
	at org.springframework.data.repository.core.support.QueryExecutorMethodInterceptor.invoke(QueryExecutorMethodInterceptor.java:149)
	at org.springframework.aop.framework.ReflectiveMethodInvocation.proceed(ReflectiveMethodInvocation.java:184)
	at org.springframework.data.projection.DefaultMethodInvokingMethodInterceptor.invoke(DefaultMethodInvokingMethodInterceptor.java:69)
	at org.springframework.aop.framework.ReflectiveMethodInvocation.proceed(ReflectiveMethodInvocation.java:184)
	at org.springframework.transaction.interceptor.TransactionAspectSupport.invokeWithinTransaction(TransactionAspectSupport.java:380)
	at org.springframework.transaction.interceptor.TransactionInterceptor.invoke(TransactionInterceptor.java:119)
	at org.springframework.aop.framework.ReflectiveMethodInvocation.proceed(ReflectiveMethodInvocation.java:184)
	at org.springframework.dao.support.PersistenceExceptionTranslationInterceptor.invoke(PersistenceExceptionTranslationInterceptor.java:138)
	at org.springframework.aop.framework.ReflectiveMethodInvocation.proceed(ReflectiveMethodInvocation.java:184)
	at org.springframework.data.jpa.repository.support.CrudMethodMetadataPostProcessor$CrudMethodMetadataPopulatingMethodInterceptor.invoke(CrudMethodMetadataPostProcessor.java:165)
	at org.springframework.aop.framework.ReflectiveMethodInvocation.proceed(ReflectiveMethodInvocation.java:184)
	at org.springframework.data.repository.core.support.MethodInvocationValidator.invoke(MethodInvocationValidator.java:96)
	at org.springframework.aop.framework.ReflectiveMethodInvocation.proceed(ReflectiveMethodInvocation.java:184)
	at org.springframework.aop.framework.JdkDynamicAopProxy.invoke(JdkDynamicAopProxy.java:223)
	at jdk.proxy4/jdk.proxy4.$Proxy138.save(Unknown Source)
	at com.personal.crud_pulsar.AuditLogService.saveAuditLog(AuditLogService.kt:9)
	at com.personal.crud_pulsar.HelloController.publishAuditEvent(HelloController.kt:300)
	at com.personal.crud_pulsar.HelloController.listUsers(HelloController.kt:196)
	at java.base/jdk.internal.reflect.NativeMethodAccessorImpl.invoke0(Native Method)
	at java.base/jdk.internal.reflect.NativeMethodAccessorImpl.invoke(NativeMethodAccessorImpl.java:77)
	at java.base/jdk.internal.reflect.DelegatingMethodAccessorImpl.invoke(DelegatingMethodAccessorImpl.java:43)
	at java.base/java.lang.reflect.Method.invoke(Method.java:568)
	at kotlin.reflect.jvm.internal.calls.CallerImpl$Method.callMethod(CallerImpl.kt:97)
	at kotlin.reflect.jvm.internal.calls.CallerImpl$Method$Instance.call(CallerImpl.kt:113)
	at kotlin.reflect.jvm.internal.KCallableImpl.callDefaultMethod$kotlin_reflection(KCallableImpl.kt:207)
	at kotlin.reflect.jvm.internal.KCallableImpl.callBy(KCallableImpl.kt:112)
	at org.springframework.web.method.support.InvocableHandlerMethod$KotlinDelegate.invokeFunction(InvocableHandlerMethod.java:337)
	at org.springframework.web.method.support.InvocableHandlerMethod.doInvoke(InvocableHandlerMethod.java:254)
	at org.springframework.web.method.support.InvocableHandlerMethod.invokeForRequest(InvocableHandlerMethod.java:190)
	at org.springframework.web.servlet.mvc.method.annotation.ServletInvocableHandlerMethod.invokeAndHandle(ServletInvocableHandlerMethod.java:118)
	at org.springframework.web.servlet.mvc.method.annotation.RequestMappingHandlerAdapter.invokeHandlerMethod(RequestMappingHandlerAdapter.java:986)
	at org.springframework.web.servlet.mvc.method.annotation.RequestMappingHandlerAdapter.handleInternal(RequestMappingHandlerAdapter.java:891)
	at org.springframework.web.servlet.mvc.method.AbstractHandlerMethodAdapter.handle(AbstractHandlerMethodAdapter.java:87)
	at org.springframework.web.servlet.DispatcherServlet.doDispatch(DispatcherServlet.java:1088)
	at org.springframework.web.servlet.DispatcherServlet.doService(DispatcherServlet.java:978)
	at org.springframework.web.servlet.FrameworkServlet.processRequest(FrameworkServlet.java:1014)
	at org.springframework.web.servlet.FrameworkServlet.doGet(FrameworkServlet.java:903)
	at jakarta.servlet.http.HttpServlet.service(HttpServlet.java:564)
	at org.springframework.web.servlet.FrameworkServlet.service(FrameworkServlet.java:885)
	at jakarta.servlet.http.HttpServlet.service(HttpServlet.java:658)
	at org.apache.catalina.core.ApplicationFilterChain.internalDoFilter(ApplicationFilterChain.java:195)
	at org.apache.catalina.core.ApplicationFilterChain.doFilter(ApplicationFilterChain.java:140)
	at org.apache.tomcat.websocket.server.WsFilter.doFilter(WsFilter.java:51)
	at org.apache.catalina.core.ApplicationFilterChain.internalDoFilter(ApplicationFilterChain.java:164)
	at org.apache.catalina.core.ApplicationFilterChain.doFilter(ApplicationFilterChain.java:140)
	at org.springframework.web.filter.RequestContextFilter.doFilterInternal(RequestContextFilter.java:100)
	at org.springframework.web.filter.OncePerRequestFilter.doFilter(OncePerRequestFilter.java:116)
	at org.apache.catalina.core.ApplicationFilterChain.internalDoFilter(ApplicationFilterChain.java:164)
	at org.apache.catalina.core.ApplicationFilterChain.doFilter(ApplicationFilterChain.java:140)
	at org.springframework.web.filter.FormContentFilter.doFilterInternal(FormContentFilter.java:93)
	at org.springframework.web.filter.OncePerRequestFilter.doFilter(OncePerRequestFilter.java:116)
	at org.apache.catalina.core.ApplicationFilterChain.internalDoFilter(ApplicationFilterChain.java:164)
	at org.apache.catalina.core.ApplicationFilterChain.doFilter(ApplicationFilterChain.java:140)
	at org.springframework.web.filter.CharacterEncodingFilter.doFilterInternal(CharacterEncodingFilter.java:201)
	at org.springframework.web.filter.OncePerRequestFilter.doFilter(OncePerRequestFilter.java:116)
	at org.apache.catalina.core.ApplicationFilterChain.internalDoFilter(ApplicationFilterChain.java:164)
	at org.apache.catalina.core.ApplicationFilterChain.doFilter(ApplicationFilterChain.java:140)
	at org.apache.catalina.core.StandardWrapperValve.invoke(StandardWrapperValve.java:167)
	at org.apache.catalina.core.StandardContextValve.invoke(StandardContextValve.java:90)
	at org.apache.catalina.authenticator.AuthenticatorBase.invoke(AuthenticatorBase.java:483)
	at org.apache.catalina.core.StandardHostValve.invoke(StandardHostValve.java:115)
	at org.apache.catalina.valves.ErrorReportValve.invoke(ErrorReportValve.java:93)
	at org.apache.catalina.core.StandardEngineValve.invoke(StandardEngineValve.java:74)
	at org.apache.catalina.connector.CoyoteAdapter.service(CoyoteAdapter.java:344)
	at org.apache.coyote.http11.Http11Processor.service(Http11Processor.java:397)
	at org.apache.coyote.AbstractProcessorLight.process(AbstractProcessorLight.java:63)
	at org.apache.coyote.AbstractProtocol$ConnectionHandler.process(AbstractProtocol.java:905)
	at org.apache.tomcat.util.net.NioEndpoint$SocketProcessor.doRun(NioEndpoint.java:1741)
	at org.apache.tomcat.util.net.SocketProcessorBase.run(SocketProcessorBase.java:52)
	at org.apache.tomcat.util.threads.ThreadPoolExecutor.runWorker(ThreadPoolExecutor.java:1190)
	at org.apache.tomcat.util.threads.ThreadPoolExecutor$Worker.run(ThreadPoolExecutor.java:659)
	at org.apache.tomcat.util.threads.TaskThread$WrappingRunnable.run(TaskThread.java:63)
	at java.base/java.lang.Thread.run(Thread.java:842)
2025-01-28 15:03:07 [org.springframework.Pulsar.PulsarListenerEndpointContainer#0-0-C-1] INFO  c.personal.crud_pulsar.EventConsumer - EventConsumer::consumeTextEvent consumed events AuditMessage(action=Fetch Users, description=Internal server error, statusCode=500)
2025-01-28 15:03:49 [http-nio-9191-exec-3] INFO  c.p.crud_pulsar.HelloController - Fetching all users
2025-01-28 15:03:49 [http-nio-9191-exec-3] INFO  c.p.crud_pulsar.EventPublisher - EventPublisher::publishPlainMessage published the event: Fetched all users
2025-01-28 15:03:49 [http-nio-9191-exec-3] INFO  c.p.crud_pulsar.EventPublisher - EventPublisher::publishPlainMessage published the event: AuditMessage(action=Fetch Users, description=Users fetched successfully, statusCode=200)
2025-01-28 15:03:49 [http-nio-9191-exec-3] WARN  o.h.e.jdbc.spi.SqlExceptionHelper - SQL Error: 0, SQLState: 23502
2025-01-28 15:03:49 [http-nio-9191-exec-3] ERROR o.h.e.jdbc.spi.SqlExceptionHelper - ERROR: null value in column "statuscode" of relation "audit_logs" violates not-null constraint
  Detail: Failing row contains (26, Fetch Users, Users fetched successfully, 200, 2025-01-28 15:03:49.727763, null).
2025-01-28 15:03:49 [http-nio-9191-exec-3] ERROR c.p.crud_pulsar.HelloController - Internal server error while fetching users
org.springframework.dao.DataIntegrityViolationException: could not execute statement [ERROR: null value in column "statuscode" of relation "audit_logs" violates not-null constraint
  Detail: Failing row contains (26, Fetch Users, Users fetched successfully, 200, 2025-01-28 15:03:49.727763, null).] [insert into audit_logs (action,description,status_code,timestamp) values (?,?,?,?)]; SQL [insert into audit_logs (action,description,status_code,timestamp) values (?,?,?,?)]; constraint [statuscode" of relation "audit_logs]
	at org.springframework.orm.jpa.vendor.HibernateJpaDialect.convertHibernateAccessException(HibernateJpaDialect.java:290)
	at org.springframework.orm.jpa.vendor.HibernateJpaDialect.translateExceptionIfPossible(HibernateJpaDialect.java:241)
	at org.springframework.orm.jpa.AbstractEntityManagerFactoryBean.translateExceptionIfPossible(AbstractEntityManagerFactoryBean.java:560)
	at org.springframework.dao.support.ChainedPersistenceExceptionTranslator.translateExceptionIfPossible(ChainedPersistenceExceptionTranslator.java:61)
	at org.springframework.dao.support.DataAccessUtils.translateIfNecessary(DataAccessUtils.java:343)
	at org.springframework.dao.support.PersistenceExceptionTranslationInterceptor.invoke(PersistenceExceptionTranslationInterceptor.java:160)
	at org.springframework.aop.framework.ReflectiveMethodInvocation.proceed(ReflectiveMethodInvocation.java:184)
	at org.springframework.data.jpa.repository.support.CrudMethodMetadataPostProcessor$CrudMethodMetadataPopulatingMethodInterceptor.invoke(CrudMethodMetadataPostProcessor.java:165)
	at org.springframework.aop.framework.ReflectiveMethodInvocation.proceed(ReflectiveMethodInvocation.java:184)
	at org.springframework.data.repository.core.support.MethodInvocationValidator.invoke(MethodInvocationValidator.java:96)
	at org.springframework.aop.framework.ReflectiveMethodInvocation.proceed(ReflectiveMethodInvocation.java:184)
	at org.springframework.aop.framework.JdkDynamicAopProxy.invoke(JdkDynamicAopProxy.java:223)
	at jdk.proxy4/jdk.proxy4.$Proxy138.save(Unknown Source)
	at com.personal.crud_pulsar.AuditLogService.saveAuditLog(AuditLogService.kt:9)
	at com.personal.crud_pulsar.HelloController.publishAuditEvent(HelloController.kt:300)
	at com.personal.crud_pulsar.HelloController.listUsers(HelloController.kt:192)
	at java.base/jdk.internal.reflect.NativeMethodAccessorImpl.invoke0(Native Method)
	at java.base/jdk.internal.reflect.NativeMethodAccessorImpl.invoke(NativeMethodAccessorImpl.java:77)
	at java.base/jdk.internal.reflect.DelegatingMethodAccessorImpl.invoke(DelegatingMethodAccessorImpl.java:43)
	at java.base/java.lang.reflect.Method.invoke(Method.java:568)
	at kotlin.reflect.jvm.internal.calls.CallerImpl$Method.callMethod(CallerImpl.kt:97)
	at kotlin.reflect.jvm.internal.calls.CallerImpl$Method$Instance.call(CallerImpl.kt:113)
	at kotlin.reflect.jvm.internal.KCallableImpl.callDefaultMethod$kotlin_reflection(KCallableImpl.kt:207)
	at kotlin.reflect.jvm.internal.KCallableImpl.callBy(KCallableImpl.kt:112)
	at org.springframework.web.method.support.InvocableHandlerMethod$KotlinDelegate.invokeFunction(InvocableHandlerMethod.java:337)
	at org.springframework.web.method.support.InvocableHandlerMethod.doInvoke(InvocableHandlerMethod.java:254)
	at org.springframework.web.method.support.InvocableHandlerMethod.invokeForRequest(InvocableHandlerMethod.java:190)
	at org.springframework.web.servlet.mvc.method.annotation.ServletInvocableHandlerMethod.invokeAndHandle(ServletInvocableHandlerMethod.java:118)
	at org.springframework.web.servlet.mvc.method.annotation.RequestMappingHandlerAdapter.invokeHandlerMethod(RequestMappingHandlerAdapter.java:986)
	at org.springframework.web.servlet.mvc.method.annotation.RequestMappingHandlerAdapter.handleInternal(RequestMappingHandlerAdapter.java:891)
	at org.springframework.web.servlet.mvc.method.AbstractHandlerMethodAdapter.handle(AbstractHandlerMethodAdapter.java:87)
	at org.springframework.web.servlet.DispatcherServlet.doDispatch(DispatcherServlet.java:1088)
	at org.springframework.web.servlet.DispatcherServlet.doService(DispatcherServlet.java:978)
	at org.springframework.web.servlet.FrameworkServlet.processRequest(FrameworkServlet.java:1014)
	at org.springframework.web.servlet.FrameworkServlet.doGet(FrameworkServlet.java:903)
	at jakarta.servlet.http.HttpServlet.service(HttpServlet.java:564)
	at org.springframework.web.servlet.FrameworkServlet.service(FrameworkServlet.java:885)
	at jakarta.servlet.http.HttpServlet.service(HttpServlet.java:658)
	at org.apache.catalina.core.ApplicationFilterChain.internalDoFilter(ApplicationFilterChain.java:195)
	at org.apache.catalina.core.ApplicationFilterChain.doFilter(ApplicationFilterChain.java:140)
	at org.apache.tomcat.websocket.server.WsFilter.doFilter(WsFilter.java:51)
	at org.apache.catalina.core.ApplicationFilterChain.internalDoFilter(ApplicationFilterChain.java:164)
	at org.apache.catalina.core.ApplicationFilterChain.doFilter(ApplicationFilterChain.java:140)
	at org.springframework.web.filter.RequestContextFilter.doFilterInternal(RequestContextFilter.java:100)
	at org.springframework.web.filter.OncePerRequestFilter.doFilter(OncePerRequestFilter.java:116)
	at org.apache.catalina.core.ApplicationFilterChain.internalDoFilter(ApplicationFilterChain.java:164)
	at org.apache.catalina.core.ApplicationFilterChain.doFilter(ApplicationFilterChain.java:140)
	at org.springframework.web.filter.FormContentFilter.doFilterInternal(FormContentFilter.java:93)
	at org.springframework.web.filter.OncePerRequestFilter.doFilter(OncePerRequestFilter.java:116)
	at org.apache.catalina.core.ApplicationFilterChain.internalDoFilter(ApplicationFilterChain.java:164)
	at org.apache.catalina.core.ApplicationFilterChain.doFilter(ApplicationFilterChain.java:140)
	at org.springframework.web.filter.CharacterEncodingFilter.doFilterInternal(CharacterEncodingFilter.java:201)
	at org.springframework.web.filter.OncePerRequestFilter.doFilter(OncePerRequestFilter.java:116)
	at org.apache.catalina.core.ApplicationFilterChain.internalDoFilter(ApplicationFilterChain.java:164)
	at org.apache.catalina.core.ApplicationFilterChain.doFilter(ApplicationFilterChain.java:140)
	at org.apache.catalina.core.StandardWrapperValve.invoke(StandardWrapperValve.java:167)
	at org.apache.catalina.core.StandardContextValve.invoke(StandardContextValve.java:90)
	at org.apache.catalina.authenticator.AuthenticatorBase.invoke(AuthenticatorBase.java:483)
	at org.apache.catalina.core.StandardHostValve.invoke(StandardHostValve.java:115)
	at org.apache.catalina.valves.ErrorReportValve.invoke(ErrorReportValve.java:93)
	at org.apache.catalina.core.StandardEngineValve.invoke(StandardEngineValve.java:74)
	at org.apache.catalina.connector.CoyoteAdapter.service(CoyoteAdapter.java:344)
	at org.apache.coyote.http11.Http11Processor.service(Http11Processor.java:397)
	at org.apache.coyote.AbstractProcessorLight.process(AbstractProcessorLight.java:63)
	at org.apache.coyote.AbstractProtocol$ConnectionHandler.process(AbstractProtocol.java:905)
	at org.apache.tomcat.util.net.NioEndpoint$SocketProcessor.doRun(NioEndpoint.java:1741)
	at org.apache.tomcat.util.net.SocketProcessorBase.run(SocketProcessorBase.java:52)
	at org.apache.tomcat.util.threads.ThreadPoolExecutor.runWorker(ThreadPoolExecutor.java:1190)
	at org.apache.tomcat.util.threads.ThreadPoolExecutor$Worker.run(ThreadPoolExecutor.java:659)
	at org.apache.tomcat.util.threads.TaskThread$WrappingRunnable.run(TaskThread.java:63)
	at java.base/java.lang.Thread.run(Thread.java:842)
Caused by: org.hibernate.exception.ConstraintViolationException: could not execute statement [ERROR: null value in column "statuscode" of relation "audit_logs" violates not-null constraint
  Detail: Failing row contains (26, Fetch Users, Users fetched successfully, 200, 2025-01-28 15:03:49.727763, null).] [insert into audit_logs (action,description,status_code,timestamp) values (?,?,?,?)]
	at org.hibernate.exception.internal.SQLStateConversionDelegate.convert(SQLStateConversionDelegate.java:97)
	at org.hibernate.exception.internal.StandardSQLExceptionConverter.convert(StandardSQLExceptionConverter.java:58)
	at org.hibernate.engine.jdbc.spi.SqlExceptionHelper.convert(SqlExceptionHelper.java:108)
	at org.hibernate.engine.jdbc.internal.ResultSetReturnImpl.executeUpdate(ResultSetReturnImpl.java:197)
	at org.hibernate.id.insert.GetGeneratedKeysDelegate.performMutation(GetGeneratedKeysDelegate.java:116)
	at org.hibernate.engine.jdbc.mutation.internal.MutationExecutorSingleNonBatched.performNonBatchedOperations(MutationExecutorSingleNonBatched.java:47)
	at org.hibernate.engine.jdbc.mutation.internal.AbstractMutationExecutor.execute(AbstractMutationExecutor.java:55)
	at org.hibernate.persister.entity.mutation.InsertCoordinatorStandard.doStaticInserts(InsertCoordinatorStandard.java:194)
	at org.hibernate.persister.entity.mutation.InsertCoordinatorStandard.coordinateInsert(InsertCoordinatorStandard.java:132)
	at org.hibernate.persister.entity.mutation.InsertCoordinatorStandard.insert(InsertCoordinatorStandard.java:95)
	at org.hibernate.action.internal.EntityIdentityInsertAction.execute(EntityIdentityInsertAction.java:85)
	at org.hibernate.engine.spi.ActionQueue.execute(ActionQueue.java:682)
	at org.hibernate.engine.spi.ActionQueue.addResolvedEntityInsertAction(ActionQueue.java:293)
	at org.hibernate.engine.spi.ActionQueue.addInsertAction(ActionQueue.java:274)
	at org.hibernate.engine.spi.ActionQueue.addAction(ActionQueue.java:324)
	at org.hibernate.event.internal.AbstractSaveEventListener.addInsertAction(AbstractSaveEventListener.java:393)
	at org.hibernate.event.internal.AbstractSaveEventListener.performSaveOrReplicate(AbstractSaveEventListener.java:307)
	at org.hibernate.event.internal.AbstractSaveEventListener.performSave(AbstractSaveEventListener.java:223)
	at org.hibernate.event.internal.AbstractSaveEventListener.saveWithGeneratedId(AbstractSaveEventListener.java:136)
	at org.hibernate.event.internal.DefaultPersistEventListener.entityIsTransient(DefaultPersistEventListener.java:177)
	at org.hibernate.event.internal.DefaultPersistEventListener.persist(DefaultPersistEventListener.java:95)
	at org.hibernate.event.internal.DefaultPersistEventListener.onPersist(DefaultPersistEventListener.java:79)
	at org.hibernate.event.internal.DefaultPersistEventListener.onPersist(DefaultPersistEventListener.java:55)
	at org.hibernate.event.service.internal.EventListenerGroupImpl.fireEventOnEachListener(EventListenerGroupImpl.java:127)
	at org.hibernate.internal.SessionImpl.firePersist(SessionImpl.java:761)
	at org.hibernate.internal.SessionImpl.persist(SessionImpl.java:745)
	at java.base/jdk.internal.reflect.NativeMethodAccessorImpl.invoke0(Native Method)
	at java.base/jdk.internal.reflect.NativeMethodAccessorImpl.invoke(NativeMethodAccessorImpl.java:77)
	at java.base/jdk.internal.reflect.DelegatingMethodAccessorImpl.invoke(DelegatingMethodAccessorImpl.java:43)
	at java.base/java.lang.reflect.Method.invoke(Method.java:568)
	at org.springframework.orm.jpa.ExtendedEntityManagerCreator$ExtendedEntityManagerInvocationHandler.invoke(ExtendedEntityManagerCreator.java:364)
	at jdk.proxy4/jdk.proxy4.$Proxy134.persist(Unknown Source)
	at java.base/jdk.internal.reflect.NativeMethodAccessorImpl.invoke0(Native Method)
	at java.base/jdk.internal.reflect.NativeMethodAccessorImpl.invoke(NativeMethodAccessorImpl.java:77)
	at java.base/jdk.internal.reflect.DelegatingMethodAccessorImpl.invoke(DelegatingMethodAccessorImpl.java:43)
	at java.base/java.lang.reflect.Method.invoke(Method.java:568)
	at org.springframework.orm.jpa.SharedEntityManagerCreator$SharedEntityManagerInvocationHandler.invoke(SharedEntityManagerCreator.java:320)
	at jdk.proxy4/jdk.proxy4.$Proxy134.persist(Unknown Source)
	at org.springframework.data.jpa.repository.support.SimpleJpaRepository.save(SimpleJpaRepository.java:627)
	at java.base/jdk.internal.reflect.NativeMethodAccessorImpl.invoke0(Native Method)
	at java.base/jdk.internal.reflect.NativeMethodAccessorImpl.invoke(NativeMethodAccessorImpl.java:77)
	at java.base/jdk.internal.reflect.DelegatingMethodAccessorImpl.invoke(DelegatingMethodAccessorImpl.java:43)
	at java.base/java.lang.reflect.Method.invoke(Method.java:568)
	at org.springframework.aop.support.AopUtils.invokeJoinpointUsingReflection(AopUtils.java:359)
	at org.springframework.data.repository.core.support.RepositoryMethodInvoker$RepositoryFragmentMethodInvoker.lambda$new$0(RepositoryMethodInvoker.java:277)
	at org.springframework.data.repository.core.support.RepositoryMethodInvoker.doInvoke(RepositoryMethodInvoker.java:170)
	at org.springframework.data.repository.core.support.RepositoryMethodInvoker.invoke(RepositoryMethodInvoker.java:158)
	at org.springframework.data.repository.core.support.RepositoryComposition$RepositoryFragments.invoke(RepositoryComposition.java:515)
	at org.springframework.data.repository.core.support.RepositoryComposition.invoke(RepositoryComposition.java:284)
	at org.springframework.data.repository.core.support.RepositoryFactorySupport$ImplementationMethodExecutionInterceptor.invoke(RepositoryFactorySupport.java:752)
	at org.springframework.aop.framework.ReflectiveMethodInvocation.proceed(ReflectiveMethodInvocation.java:184)
	at org.springframework.data.repository.core.support.QueryExecutorMethodInterceptor.doInvoke(QueryExecutorMethodInterceptor.java:174)
	at org.springframework.data.repository.core.support.QueryExecutorMethodInterceptor.invoke(QueryExecutorMethodInterceptor.java:149)
	at org.springframework.aop.framework.ReflectiveMethodInvocation.proceed(ReflectiveMethodInvocation.java:184)
	at org.springframework.data.projection.DefaultMethodInvokingMethodInterceptor.invoke(DefaultMethodInvokingMethodInterceptor.java:69)
	at org.springframework.aop.framework.ReflectiveMethodInvocation.proceed(ReflectiveMethodInvocation.java:184)
	at org.springframework.transaction.interceptor.TransactionAspectSupport.invokeWithinTransaction(TransactionAspectSupport.java:380)
	at org.springframework.transaction.interceptor.TransactionInterceptor.invoke(TransactionInterceptor.java:119)
	at org.springframework.aop.framework.ReflectiveMethodInvocation.proceed(ReflectiveMethodInvocation.java:184)
	at org.springframework.dao.support.PersistenceExceptionTranslationInterceptor.invoke(PersistenceExceptionTranslationInterceptor.java:138)
	... 65 common frames omitted
Caused by: org.postgresql.util.PSQLException: ERROR: null value in column "statuscode" of relation "audit_logs" violates not-null constraint
  Detail: Failing row contains (26, Fetch Users, Users fetched successfully, 200, 2025-01-28 15:03:49.727763, null).
	at org.postgresql.core.v3.QueryExecutorImpl.receiveErrorResponse(QueryExecutorImpl.java:2733)
	at org.postgresql.core.v3.QueryExecutorImpl.processResults(QueryExecutorImpl.java:2420)
	at org.postgresql.core.v3.QueryExecutorImpl.execute(QueryExecutorImpl.java:372)
	at org.postgresql.jdbc.PgStatement.executeInternal(PgStatement.java:517)
	at org.postgresql.jdbc.PgStatement.execute(PgStatement.java:434)
	at org.postgresql.jdbc.PgPreparedStatement.executeWithFlags(PgPreparedStatement.java:194)
	at org.postgresql.jdbc.PgPreparedStatement.executeUpdate(PgPreparedStatement.java:155)
	at com.zaxxer.hikari.pool.ProxyPreparedStatement.executeUpdate(ProxyPreparedStatement.java:61)
	at com.zaxxer.hikari.pool.HikariProxyPreparedStatement.executeUpdate(HikariProxyPreparedStatement.java)
	at org.hibernate.engine.jdbc.internal.ResultSetReturnImpl.executeUpdate(ResultSetReturnImpl.java:194)
	... 121 common frames omitted
2025-01-28 15:03:49 [http-nio-9191-exec-3] INFO  c.p.crud_pulsar.EventPublisher - EventPublisher::publishPlainMessage published the event: AuditMessage(action=Fetch Users, description=Internal server error, statusCode=500)
2025-01-28 15:03:49 [http-nio-9191-exec-3] WARN  o.h.e.jdbc.spi.SqlExceptionHelper - SQL Error: 0, SQLState: 23502
2025-01-28 15:03:49 [http-nio-9191-exec-3] ERROR o.h.e.jdbc.spi.SqlExceptionHelper - ERROR: null value in column "statuscode" of relation "audit_logs" violates not-null constraint
  Detail: Failing row contains (27, Fetch Users, Internal server error, 500, 2025-01-28 15:03:49.750033, null).
2025-01-28 15:03:49 [http-nio-9191-exec-3] ERROR o.a.c.c.C.[.[.[.[dispatcherServlet] - Servlet.service() for servlet [dispatcherServlet] in context with path [] threw exception [Request processing failed: org.springframework.dao.DataIntegrityViolationException: could not execute statement [ERROR: null value in column "statuscode" of relation "audit_logs" violates not-null constraint
  Detail: Failing row contains (27, Fetch Users, Internal server error, 500, 2025-01-28 15:03:49.750033, null).] [insert into audit_logs (action,description,status_code,timestamp) values (?,?,?,?)]; SQL [insert into audit_logs (action,description,status_code,timestamp) values (?,?,?,?)]; constraint [statuscode" of relation "audit_logs]] with root cause
org.postgresql.util.PSQLException: ERROR: null value in column "statuscode" of relation "audit_logs" violates not-null constraint
  Detail: Failing row contains (27, Fetch Users, Internal server error, 500, 2025-01-28 15:03:49.750033, null).
	at org.postgresql.core.v3.QueryExecutorImpl.receiveErrorResponse(QueryExecutorImpl.java:2733)
	at org.postgresql.core.v3.QueryExecutorImpl.processResults(QueryExecutorImpl.java:2420)
	at org.postgresql.core.v3.QueryExecutorImpl.execute(QueryExecutorImpl.java:372)
	at org.postgresql.jdbc.PgStatement.executeInternal(PgStatement.java:517)
	at org.postgresql.jdbc.PgStatement.execute(PgStatement.java:434)
	at org.postgresql.jdbc.PgPreparedStatement.executeWithFlags(PgPreparedStatement.java:194)
	at org.postgresql.jdbc.PgPreparedStatement.executeUpdate(PgPreparedStatement.java:155)
	at com.zaxxer.hikari.pool.ProxyPreparedStatement.executeUpdate(ProxyPreparedStatement.java:61)
	at com.zaxxer.hikari.pool.HikariProxyPreparedStatement.executeUpdate(HikariProxyPreparedStatement.java)
	at org.hibernate.engine.jdbc.internal.ResultSetReturnImpl.executeUpdate(ResultSetReturnImpl.java:194)
	at org.hibernate.id.insert.GetGeneratedKeysDelegate.performMutation(GetGeneratedKeysDelegate.java:116)
	at org.hibernate.engine.jdbc.mutation.internal.MutationExecutorSingleNonBatched.performNonBatchedOperations(MutationExecutorSingleNonBatched.java:47)
	at org.hibernate.engine.jdbc.mutation.internal.AbstractMutationExecutor.execute(AbstractMutationExecutor.java:55)
	at org.hibernate.persister.entity.mutation.InsertCoordinatorStandard.doStaticInserts(InsertCoordinatorStandard.java:194)
	at org.hibernate.persister.entity.mutation.InsertCoordinatorStandard.coordinateInsert(InsertCoordinatorStandard.java:132)
	at org.hibernate.persister.entity.mutation.InsertCoordinatorStandard.insert(InsertCoordinatorStandard.java:95)
	at org.hibernate.action.internal.EntityIdentityInsertAction.execute(EntityIdentityInsertAction.java:85)
	at org.hibernate.engine.spi.ActionQueue.execute(ActionQueue.java:682)
	at org.hibernate.engine.spi.ActionQueue.addResolvedEntityInsertAction(ActionQueue.java:293)
	at org.hibernate.engine.spi.ActionQueue.addInsertAction(ActionQueue.java:274)
	at org.hibernate.engine.spi.ActionQueue.addAction(ActionQueue.java:324)
	at org.hibernate.event.internal.AbstractSaveEventListener.addInsertAction(AbstractSaveEventListener.java:393)
	at org.hibernate.event.internal.AbstractSaveEventListener.performSaveOrReplicate(AbstractSaveEventListener.java:307)
	at org.hibernate.event.internal.AbstractSaveEventListener.performSave(AbstractSaveEventListener.java:223)
	at org.hibernate.event.internal.AbstractSaveEventListener.saveWithGeneratedId(AbstractSaveEventListener.java:136)
	at org.hibernate.event.internal.DefaultPersistEventListener.entityIsTransient(DefaultPersistEventListener.java:177)
	at org.hibernate.event.internal.DefaultPersistEventListener.persist(DefaultPersistEventListener.java:95)
	at org.hibernate.event.internal.DefaultPersistEventListener.onPersist(DefaultPersistEventListener.java:79)
	at org.hibernate.event.internal.DefaultPersistEventListener.onPersist(DefaultPersistEventListener.java:55)
	at org.hibernate.event.service.internal.EventListenerGroupImpl.fireEventOnEachListener(EventListenerGroupImpl.java:127)
	at org.hibernate.internal.SessionImpl.firePersist(SessionImpl.java:761)
	at org.hibernate.internal.SessionImpl.persist(SessionImpl.java:745)
	at java.base/jdk.internal.reflect.NativeMethodAccessorImpl.invoke0(Native Method)
	at java.base/jdk.internal.reflect.NativeMethodAccessorImpl.invoke(NativeMethodAccessorImpl.java:77)
	at java.base/jdk.internal.reflect.DelegatingMethodAccessorImpl.invoke(DelegatingMethodAccessorImpl.java:43)
	at java.base/java.lang.reflect.Method.invoke(Method.java:568)
	at org.springframework.orm.jpa.ExtendedEntityManagerCreator$ExtendedEntityManagerInvocationHandler.invoke(ExtendedEntityManagerCreator.java:364)
	at jdk.proxy4/jdk.proxy4.$Proxy134.persist(Unknown Source)
	at java.base/jdk.internal.reflect.NativeMethodAccessorImpl.invoke0(Native Method)
	at java.base/jdk.internal.reflect.NativeMethodAccessorImpl.invoke(NativeMethodAccessorImpl.java:77)
	at java.base/jdk.internal.reflect.DelegatingMethodAccessorImpl.invoke(DelegatingMethodAccessorImpl.java:43)
	at java.base/java.lang.reflect.Method.invoke(Method.java:568)
	at org.springframework.orm.jpa.SharedEntityManagerCreator$SharedEntityManagerInvocationHandler.invoke(SharedEntityManagerCreator.java:320)
	at jdk.proxy4/jdk.proxy4.$Proxy134.persist(Unknown Source)
	at org.springframework.data.jpa.repository.support.SimpleJpaRepository.save(SimpleJpaRepository.java:627)
	at java.base/jdk.internal.reflect.NativeMethodAccessorImpl.invoke0(Native Method)
	at java.base/jdk.internal.reflect.NativeMethodAccessorImpl.invoke(NativeMethodAccessorImpl.java:77)
	at java.base/jdk.internal.reflect.DelegatingMethodAccessorImpl.invoke(DelegatingMethodAccessorImpl.java:43)
	at java.base/java.lang.reflect.Method.invoke(Method.java:568)
	at org.springframework.aop.support.AopUtils.invokeJoinpointUsingReflection(AopUtils.java:359)
	at org.springframework.data.repository.core.support.RepositoryMethodInvoker$RepositoryFragmentMethodInvoker.lambda$new$0(RepositoryMethodInvoker.java:277)
	at org.springframework.data.repository.core.support.RepositoryMethodInvoker.doInvoke(RepositoryMethodInvoker.java:170)
	at org.springframework.data.repository.core.support.RepositoryMethodInvoker.invoke(RepositoryMethodInvoker.java:158)
	at org.springframework.data.repository.core.support.RepositoryComposition$RepositoryFragments.invoke(RepositoryComposition.java:515)
	at org.springframework.data.repository.core.support.RepositoryComposition.invoke(RepositoryComposition.java:284)
	at org.springframework.data.repository.core.support.RepositoryFactorySupport$ImplementationMethodExecutionInterceptor.invoke(RepositoryFactorySupport.java:752)
	at org.springframework.aop.framework.ReflectiveMethodInvocation.proceed(ReflectiveMethodInvocation.java:184)
	at org.springframework.data.repository.core.support.QueryExecutorMethodInterceptor.doInvoke(QueryExecutorMethodInterceptor.java:174)
	at org.springframework.data.repository.core.support.QueryExecutorMethodInterceptor.invoke(QueryExecutorMethodInterceptor.java:149)
	at org.springframework.aop.framework.ReflectiveMethodInvocation.proceed(ReflectiveMethodInvocation.java:184)
	at org.springframework.data.projection.DefaultMethodInvokingMethodInterceptor.invoke(DefaultMethodInvokingMethodInterceptor.java:69)
	at org.springframework.aop.framework.ReflectiveMethodInvocation.proceed(ReflectiveMethodInvocation.java:184)
	at org.springframework.transaction.interceptor.TransactionAspectSupport.invokeWithinTransaction(TransactionAspectSupport.java:380)
	at org.springframework.transaction.interceptor.TransactionInterceptor.invoke(TransactionInterceptor.java:119)
	at org.springframework.aop.framework.ReflectiveMethodInvocation.proceed(ReflectiveMethodInvocation.java:184)
	at org.springframework.dao.support.PersistenceExceptionTranslationInterceptor.invoke(PersistenceExceptionTranslationInterceptor.java:138)
	at org.springframework.aop.framework.ReflectiveMethodInvocation.proceed(ReflectiveMethodInvocation.java:184)
	at org.springframework.data.jpa.repository.support.CrudMethodMetadataPostProcessor$CrudMethodMetadataPopulatingMethodInterceptor.invoke(CrudMethodMetadataPostProcessor.java:165)
	at org.springframework.aop.framework.ReflectiveMethodInvocation.proceed(ReflectiveMethodInvocation.java:184)
	at org.springframework.data.repository.core.support.MethodInvocationValidator.invoke(MethodInvocationValidator.java:96)
	at org.springframework.aop.framework.ReflectiveMethodInvocation.proceed(ReflectiveMethodInvocation.java:184)
	at org.springframework.aop.framework.JdkDynamicAopProxy.invoke(JdkDynamicAopProxy.java:223)
	at jdk.proxy4/jdk.proxy4.$Proxy138.save(Unknown Source)
	at com.personal.crud_pulsar.AuditLogService.saveAuditLog(AuditLogService.kt:9)
	at com.personal.crud_pulsar.HelloController.publishAuditEvent(HelloController.kt:300)
	at com.personal.crud_pulsar.HelloController.listUsers(HelloController.kt:196)
	at java.base/jdk.internal.reflect.NativeMethodAccessorImpl.invoke0(Native Method)
	at java.base/jdk.internal.reflect.NativeMethodAccessorImpl.invoke(NativeMethodAccessorImpl.java:77)
	at java.base/jdk.internal.reflect.DelegatingMethodAccessorImpl.invoke(DelegatingMethodAccessorImpl.java:43)
	at java.base/java.lang.reflect.Method.invoke(Method.java:568)
	at kotlin.reflect.jvm.internal.calls.CallerImpl$Method.callMethod(CallerImpl.kt:97)
	at kotlin.reflect.jvm.internal.calls.CallerImpl$Method$Instance.call(CallerImpl.kt:113)
	at kotlin.reflect.jvm.internal.KCallableImpl.callDefaultMethod$kotlin_reflection(KCallableImpl.kt:207)
	at kotlin.reflect.jvm.internal.KCallableImpl.callBy(KCallableImpl.kt:112)
	at org.springframework.web.method.support.InvocableHandlerMethod$KotlinDelegate.invokeFunction(InvocableHandlerMethod.java:337)
	at org.springframework.web.method.support.InvocableHandlerMethod.doInvoke(InvocableHandlerMethod.java:254)
	at org.springframework.web.method.support.InvocableHandlerMethod.invokeForRequest(InvocableHandlerMethod.java:190)
	at org.springframework.web.servlet.mvc.method.annotation.ServletInvocableHandlerMethod.invokeAndHandle(ServletInvocableHandlerMethod.java:118)
	at org.springframework.web.servlet.mvc.method.annotation.RequestMappingHandlerAdapter.invokeHandlerMethod(RequestMappingHandlerAdapter.java:986)
	at org.springframework.web.servlet.mvc.method.annotation.RequestMappingHandlerAdapter.handleInternal(RequestMappingHandlerAdapter.java:891)
	at org.springframework.web.servlet.mvc.method.AbstractHandlerMethodAdapter.handle(AbstractHandlerMethodAdapter.java:87)
	at org.springframework.web.servlet.DispatcherServlet.doDispatch(DispatcherServlet.java:1088)
	at org.springframework.web.servlet.DispatcherServlet.doService(DispatcherServlet.java:978)
	at org.springframework.web.servlet.FrameworkServlet.processRequest(FrameworkServlet.java:1014)
	at org.springframework.web.servlet.FrameworkServlet.doGet(FrameworkServlet.java:903)
	at jakarta.servlet.http.HttpServlet.service(HttpServlet.java:564)
	at org.springframework.web.servlet.FrameworkServlet.service(FrameworkServlet.java:885)
	at jakarta.servlet.http.HttpServlet.service(HttpServlet.java:658)
	at org.apache.catalina.core.ApplicationFilterChain.internalDoFilter(ApplicationFilterChain.java:195)
	at org.apache.catalina.core.ApplicationFilterChain.doFilter(ApplicationFilterChain.java:140)
	at org.apache.tomcat.websocket.server.WsFilter.doFilter(WsFilter.java:51)
	at org.apache.catalina.core.ApplicationFilterChain.internalDoFilter(ApplicationFilterChain.java:164)
	at org.apache.catalina.core.ApplicationFilterChain.doFilter(ApplicationFilterChain.java:140)
	at org.springframework.web.filter.RequestContextFilter.doFilterInternal(RequestContextFilter.java:100)
	at org.springframework.web.filter.OncePerRequestFilter.doFilter(OncePerRequestFilter.java:116)
	at org.apache.catalina.core.ApplicationFilterChain.internalDoFilter(ApplicationFilterChain.java:164)
	at org.apache.catalina.core.ApplicationFilterChain.doFilter(ApplicationFilterChain.java:140)
	at org.springframework.web.filter.FormContentFilter.doFilterInternal(FormContentFilter.java:93)
	at org.springframework.web.filter.OncePerRequestFilter.doFilter(OncePerRequestFilter.java:116)
	at org.apache.catalina.core.ApplicationFilterChain.internalDoFilter(ApplicationFilterChain.java:164)
	at org.apache.catalina.core.ApplicationFilterChain.doFilter(ApplicationFilterChain.java:140)
	at org.springframework.web.filter.CharacterEncodingFilter.doFilterInternal(CharacterEncodingFilter.java:201)
	at org.springframework.web.filter.OncePerRequestFilter.doFilter(OncePerRequestFilter.java:116)
	at org.apache.catalina.core.ApplicationFilterChain.internalDoFilter(ApplicationFilterChain.java:164)
	at org.apache.catalina.core.ApplicationFilterChain.doFilter(ApplicationFilterChain.java:140)
	at org.apache.catalina.core.StandardWrapperValve.invoke(StandardWrapperValve.java:167)
	at org.apache.catalina.core.StandardContextValve.invoke(StandardContextValve.java:90)
	at org.apache.catalina.authenticator.AuthenticatorBase.invoke(AuthenticatorBase.java:483)
	at org.apache.catalina.core.StandardHostValve.invoke(StandardHostValve.java:115)
	at org.apache.catalina.valves.ErrorReportValve.invoke(ErrorReportValve.java:93)
	at org.apache.catalina.core.StandardEngineValve.invoke(StandardEngineValve.java:74)
	at org.apache.catalina.connector.CoyoteAdapter.service(CoyoteAdapter.java:344)
	at org.apache.coyote.http11.Http11Processor.service(Http11Processor.java:397)
	at org.apache.coyote.AbstractProcessorLight.process(AbstractProcessorLight.java:63)
	at org.apache.coyote.AbstractProtocol$ConnectionHandler.process(AbstractProtocol.java:905)
	at org.apache.tomcat.util.net.NioEndpoint$SocketProcessor.doRun(NioEndpoint.java:1741)
	at org.apache.tomcat.util.net.SocketProcessorBase.run(SocketProcessorBase.java:52)
	at org.apache.tomcat.util.threads.ThreadPoolExecutor.runWorker(ThreadPoolExecutor.java:1190)
	at org.apache.tomcat.util.threads.ThreadPoolExecutor$Worker.run(ThreadPoolExecutor.java:659)
	at org.apache.tomcat.util.threads.TaskThread$WrappingRunnable.run(TaskThread.java:63)
	at java.base/java.lang.Thread.run(Thread.java:842)
2025-01-28 15:03:49 [org.springframework.Pulsar.PulsarListenerEndpointContainer#0-0-C-1] INFO  c.personal.crud_pulsar.EventConsumer - EventConsumer::consumeTextEvent consumed events Fetched all users
2025-01-28 15:03:49 [org.springframework.Pulsar.PulsarListenerEndpointContainer#0-0-C-1] INFO  c.personal.crud_pulsar.EventConsumer - EventConsumer::consumeTextEvent consumed events AuditMessage(action=Fetch Users, description=Users fetched successfully, statusCode=200)
2025-01-28 15:03:49 [org.springframework.Pulsar.PulsarListenerEndpointContainer#0-0-C-1] INFO  c.personal.crud_pulsar.EventConsumer - EventConsumer::consumeTextEvent consumed events AuditMessage(action=Fetch Users, description=Internal server error, statusCode=500)
2025-01-28 15:04:02 [pulsar-timer-27-1] INFO  o.a.p.c.i.ConsumerStatsRecorderImpl - [persistent://public/default/jt-plain-topic] [my-subscription] [00fd9] Prefetched messages: 0 --- Consume throughput received: 0.10 msgs/s --- 0.00 Mbit/s --- Ack sent rate: 0.10 ack/s --- Failed messages: 0 --- batch messages: 0 ---Failed acks: 0
2025-01-28 15:04:07 [pulsar-timer-27-1] INFO  o.a.p.c.i.ProducerStatsRecorderImpl - [persistent://public/default/jt-plain-topic] [standalone-0-4] --- Publish throughput: 0.10 msg/s --- 0.00 Mbit/s --- Latency: med: 8.000 ms - 95pct: 24.000 ms - 99pct: 24.000 ms - 99.9pct: 24.000 ms - max: 24.000 ms --- BatchSize: med: 1.000 - 95pct: 1.000 - 99pct: 1.000 - 99.9pct: 1.000 - max: 1.000 --- MsgSize: med: 83.000 bytes - 95pct: 88.000 bytes - 99pct: 88.000 bytes - 99.9pct: 88.000 bytes - max: 88.000 bytes --- Ack received rate: 0.10 ack/s --- Failed messages: 0 --- Pending messages: 0
2025-01-28 15:04:49 [pulsar-client-io-1-3] INFO  o.a.pulsar.client.impl.ProducerImpl - [persistent://public/default/jt-plain-topic] [standalone-0-4] Closed Producer
2025-01-28 15:05:37 [SpringApplicationShutdownHook] INFO  o.s.b.w.e.tomcat.GracefulShutdown - Commencing graceful shutdown. Waiting for active requests to complete
2025-01-28 15:05:37 [tomcat-shutdown] INFO  o.s.b.w.e.tomcat.GracefulShutdown - Graceful shutdown complete
2025-01-28 15:05:37 [SpringApplicationShutdownHook] INFO  o.s.p.l.DefaultPulsarMessageListenerContainer - Pausing consumer
2025-01-28 15:05:37 [SpringApplicationShutdownHook] INFO  o.s.p.l.DefaultPulsarMessageListenerContainer - Closing consumer
2025-01-28 15:05:37 [pulsar-client-io-1-3] INFO  o.a.pulsar.client.impl.ConsumerImpl - [persistent://public/default/jt-raw-topic] [my-subscription] Closed consumer
2025-01-28 15:05:37 [SpringApplicationShutdownHook] INFO  o.s.p.l.DefaultPulsarMessageListenerContainer - Pausing consumer
2025-01-28 15:05:37 [SpringApplicationShutdownHook] INFO  o.s.p.l.DefaultPulsarMessageListenerContainer - Closing consumer
2025-01-28 15:05:37 [pulsar-client-io-1-3] INFO  o.a.pulsar.client.impl.ConsumerImpl - [persistent://public/default/jt-plain-topic] [my-subscription] Closed consumer
2025-01-28 15:05:37 [SpringApplicationShutdownHook] INFO  o.s.p.l.DefaultPulsarMessageListenerContainer - Pausing consumer
2025-01-28 15:05:37 [SpringApplicationShutdownHook] INFO  o.s.p.l.DefaultPulsarMessageListenerContainer - Closing consumer
2025-01-28 15:05:37 [pulsar-client-io-1-3] INFO  o.a.pulsar.client.impl.ConsumerImpl - [persistent://public/default/jt-raw-topic-dlq] [my-subscription-dlq] Closed consumer
2025-01-28 15:05:37 [SpringApplicationShutdownHook] INFO  o.a.p.client.impl.PulsarClientImpl - Client closing. URL: pulsar://localhost:6650
2025-01-28 15:05:37 [pulsar-client-io-1-3] INFO  o.a.pulsar.client.impl.ClientCnx - [id: 0x08e8539a, L:/127.0.0.1:53806 ! R:localhost/127.0.0.1:6650] Disconnected
2025-01-28 15:05:39 [SpringApplicationShutdownHook] INFO  o.s.o.j.LocalContainerEntityManagerFactoryBean - Closing JPA EntityManagerFactory for persistence unit 'default'
2025-01-28 15:05:39 [SpringApplicationShutdownHook] INFO  com.zaxxer.hikari.HikariDataSource - HikariPool-1 - Shutdown initiated...
2025-01-28 15:05:39 [SpringApplicationShutdownHook] INFO  com.zaxxer.hikari.HikariDataSource - HikariPool-1 - Shutdown completed.
2025-01-28 15:05:43 [restartedMain] INFO  c.p.c.CrudPulsarApplicationKt - Starting CrudPulsarApplicationKt using Java 17.0.12 with PID 39456 (/Users/uttam.gowda/IdeaProjects/crud-pulsar -1/build/classes/kotlin/main started by uttam.gowda in /Users/uttam.gowda/IdeaProjects/crud-pulsar -1)
2025-01-28 15:05:43 [restartedMain] INFO  c.p.c.CrudPulsarApplicationKt - No active profile set, falling back to 1 default profile: "default"
2025-01-28 15:05:43 [restartedMain] INFO  o.s.b.d.restart.ChangeableUrls - The Class-Path manifest attribute in /Users/uttam.gowda/.gradle/caches/modules-2/files-2.1/org.springframework.pulsar/spring-pulsar-cache-provider-caffeine/1.2.1/c2b0ff3dd061069d916cb1df19e539eda19562e0/spring-pulsar-cache-provider-caffeine-1.2.1.jar referenced one or more files that do not exist: file:/Users/uttam.gowda/.gradle/caches/modules-2/files-2.1/org.springframework.pulsar/spring-pulsar-cache-provider-caffeine/1.2.1/c2b0ff3dd061069d916cb1df19e539eda19562e0/spring-pulsar-cache-provider-1.2.1.jar
2025-01-28 15:05:43 [restartedMain] INFO  o.s.b.d.e.DevToolsPropertyDefaultsPostProcessor - Devtools property defaults active! Set 'spring.devtools.add-properties' to 'false' to disable
2025-01-28 15:05:43 [restartedMain] INFO  o.s.b.d.e.DevToolsPropertyDefaultsPostProcessor - For additional web related logging consider setting the 'logging.level.web' property to 'DEBUG'
2025-01-28 15:05:43 [restartedMain] INFO  o.s.d.r.c.RepositoryConfigurationDelegate - Bootstrapping Spring Data JPA repositories in DEFAULT mode.
2025-01-28 15:05:43 [restartedMain] INFO  o.s.d.r.c.RepositoryConfigurationDelegate - Finished Spring Data repository scanning in 26 ms. Found 2 JPA repository interfaces.
2025-01-28 15:05:44 [restartedMain] INFO  o.s.b.w.e.tomcat.TomcatWebServer - Tomcat initialized with port 9191 (http)
2025-01-28 15:05:44 [restartedMain] INFO  o.a.catalina.core.StandardService - Starting service [Tomcat]
2025-01-28 15:05:44 [restartedMain] INFO  o.a.catalina.core.StandardEngine - Starting Servlet engine: [Apache Tomcat/10.1.34]
2025-01-28 15:05:44 [restartedMain] INFO  o.a.c.c.C.[Tomcat].[localhost].[/] - Initializing Spring embedded WebApplicationContext
2025-01-28 15:05:44 [restartedMain] INFO  o.s.b.w.s.c.ServletWebServerApplicationContext - Root WebApplicationContext: initialization completed in 918 ms
2025-01-28 15:05:44 [restartedMain] INFO  o.h.jpa.internal.util.LogHelper - HHH000204: Processing PersistenceUnitInfo [name: default]
2025-01-28 15:05:44 [restartedMain] INFO  org.hibernate.Version - HHH000412: Hibernate ORM core version 6.6.4.Final
2025-01-28 15:05:44 [restartedMain] INFO  o.h.c.i.RegionFactoryInitiator - HHH000026: Second-level cache disabled
2025-01-28 15:05:44 [restartedMain] INFO  o.s.o.j.p.SpringPersistenceUnitInfo - No LoadTimeWeaver setup: ignoring JPA class transformer
2025-01-28 15:05:44 [restartedMain] INFO  com.zaxxer.hikari.HikariDataSource - HikariPool-1 - Starting...
2025-01-28 15:05:44 [restartedMain] INFO  com.zaxxer.hikari.pool.HikariPool - HikariPool-1 - Added connection org.postgresql.jdbc.PgConnection@5101ab1a
2025-01-28 15:05:44 [restartedMain] INFO  com.zaxxer.hikari.HikariDataSource - HikariPool-1 - Start completed.
2025-01-28 15:05:44 [restartedMain] WARN  org.hibernate.orm.deprecation - HHH90000025: PostgreSQLDialect does not need to be specified explicitly using 'hibernate.dialect' (remove the property setting and it will be selected by default)
2025-01-28 15:05:44 [restartedMain] INFO  o.hibernate.orm.connections.pooling - HHH10001005: Database info:
	Database JDBC URL [Connecting through datasource 'HikariDataSource (HikariPool-1)']
	Database driver: undefined/unknown
	Database version: 17.2
	Autocommit mode: undefined/unknown
	Isolation level: undefined/unknown
	Minimum pool size: undefined/unknown
	Maximum pool size: undefined/unknown
2025-01-28 15:05:45 [restartedMain] INFO  o.h.e.t.j.p.i.JtaPlatformInitiator - HHH000489: No JTA platform available (set 'hibernate.transaction.jta.platform' to enable JTA platform integration)
2025-01-28 15:05:45 [restartedMain] INFO  o.s.o.j.LocalContainerEntityManagerFactoryBean - Initialized JPA EntityManagerFactory for persistence unit 'default'
2025-01-28 15:05:45 [restartedMain] INFO  o.s.p.c.DefaultPulsarClientFactory - Using restartable client
2025-01-28 15:05:45 [restartedMain] ERROR o.a.p.s.i.n.r.d.DnsServerAddressStreamProviders - Unable to load org.apache.pulsar.shade.io.netty.resolver.dns.macos.MacOSDnsServerAddressStreamProvider, fallback to system defaults. This may result in incorrect DNS resolutions on MacOS. Check whether you have a dependency on 'io.netty:netty-resolver-dns-native-macos'. Use DEBUG level to see the full stack: java.lang.UnsatisfiedLinkError: failed to load the required native library
2025-01-28 15:05:45 [restartedMain] WARN  o.a.p.c.util.netty.DnsResolverUtil - Cannot get DNS TTL settings from sun.net.InetAddressCachePolicy class
java.lang.IllegalAccessException: class org.apache.pulsar.common.util.netty.DnsResolverUtil cannot access class sun.net.InetAddressCachePolicy (in module java.base) because module java.base does not export sun.net to unnamed module @7e5b879a
	at java.base/jdk.internal.reflect.Reflection.newIllegalAccessException(Reflection.java:392)
	at java.base/java.lang.reflect.AccessibleObject.checkAccess(AccessibleObject.java:674)
	at java.base/java.lang.reflect.Method.invoke(Method.java:560)
	at org.apache.pulsar.common.util.netty.DnsResolverUtil.<clinit>(DnsResolverUtil.java:46)
	at org.apache.pulsar.client.impl.ConnectionPool.createAddressResolver(ConnectionPool.java:159)
	at org.apache.pulsar.client.impl.ConnectionPool.lambda$new$1(ConnectionPool.java:126)
	at java.base/java.util.Optional.orElseGet(Optional.java:364)
	at org.apache.pulsar.client.impl.ConnectionPool.<init>(ConnectionPool.java:126)
	at org.apache.pulsar.client.impl.ConnectionPool.<init>(ConnectionPool.java:95)
	at org.apache.pulsar.client.impl.ConnectionPool.<init>(ConnectionPool.java:90)
	at org.apache.pulsar.client.impl.PulsarClientImpl.<init>(PulsarClientImpl.java:196)
	at org.apache.pulsar.client.impl.PulsarClientImpl.<init>(PulsarClientImpl.java:153)
	at org.apache.pulsar.client.impl.ClientBuilderImpl.build(ClientBuilderImpl.java:63)
	at org.springframework.pulsar.core.PulsarClientProxy.createInstance(PulsarClientProxy.java:97)
	at org.springframework.pulsar.core.PulsarClientProxy.createInstance(PulsarClientProxy.java:47)
	at org.springframework.pulsar.core.RestartableSingletonFactory.ensureInstanceCreated(RestartableSingletonFactory.java:72)
	at org.springframework.pulsar.core.RestartableSingletonFactory.afterPropertiesSet(RestartableSingletonFactory.java:61)
	at org.springframework.beans.factory.support.AbstractAutowireCapableBeanFactory.invokeInitMethods(AbstractAutowireCapableBeanFactory.java:1855)
	at org.springframework.beans.factory.support.AbstractAutowireCapableBeanFactory.initializeBean(AbstractAutowireCapableBeanFactory.java:1804)
	at org.springframework.beans.factory.support.AbstractAutowireCapableBeanFactory.doCreateBean(AbstractAutowireCapableBeanFactory.java:601)
	at org.springframework.beans.factory.support.AbstractAutowireCapableBeanFactory.createBean(AbstractAutowireCapableBeanFactory.java:523)
	at org.springframework.beans.factory.support.AbstractBeanFactory.lambda$doGetBean$0(AbstractBeanFactory.java:336)
	at org.springframework.beans.factory.support.DefaultSingletonBeanRegistry.getSingleton(DefaultSingletonBeanRegistry.java:289)
	at org.springframework.beans.factory.support.AbstractBeanFactory.doGetBean(AbstractBeanFactory.java:334)
	at org.springframework.beans.factory.support.AbstractBeanFactory.getBean(AbstractBeanFactory.java:199)
	at org.springframework.beans.factory.support.DefaultListableBeanFactory.doResolveDependency(DefaultListableBeanFactory.java:1573)
	at org.springframework.beans.factory.support.DefaultListableBeanFactory.resolveDependency(DefaultListableBeanFactory.java:1519)
	at org.springframework.beans.factory.support.ConstructorResolver.resolveAutowiredArgument(ConstructorResolver.java:913)
	at org.springframework.beans.factory.support.ConstructorResolver.createArgumentArray(ConstructorResolver.java:791)
	at org.springframework.beans.factory.support.ConstructorResolver.instantiateUsingFactoryMethod(ConstructorResolver.java:546)
	at org.springframework.beans.factory.support.AbstractAutowireCapableBeanFactory.instantiateUsingFactoryMethod(AbstractAutowireCapableBeanFactory.java:1357)
	at org.springframework.beans.factory.support.AbstractAutowireCapableBeanFactory.createBeanInstance(AbstractAutowireCapableBeanFactory.java:1187)
	at org.springframework.beans.factory.support.AbstractAutowireCapableBeanFactory.doCreateBean(AbstractAutowireCapableBeanFactory.java:563)
	at org.springframework.beans.factory.support.AbstractAutowireCapableBeanFactory.createBean(AbstractAutowireCapableBeanFactory.java:523)
	at org.springframework.beans.factory.support.AbstractBeanFactory.lambda$doGetBean$0(AbstractBeanFactory.java:336)
	at org.springframework.beans.factory.support.DefaultSingletonBeanRegistry.getSingleton(DefaultSingletonBeanRegistry.java:289)
	at org.springframework.beans.factory.support.AbstractBeanFactory.doGetBean(AbstractBeanFactory.java:334)
	at org.springframework.beans.factory.support.AbstractBeanFactory.getBean(AbstractBeanFactory.java:199)
	at org.springframework.beans.factory.config.DependencyDescriptor.resolveCandidate(DependencyDescriptor.java:254)
	at org.springframework.beans.factory.support.DefaultListableBeanFactory.doResolveDependency(DefaultListableBeanFactory.java:1631)
	at org.springframework.beans.factory.support.DefaultListableBeanFactory.resolveDependency(DefaultListableBeanFactory.java:1519)
	at org.springframework.beans.factory.support.ConstructorResolver.resolveAutowiredArgument(ConstructorResolver.java:913)
	at org.springframework.beans.factory.support.ConstructorResolver.createArgumentArray(ConstructorResolver.java:791)
	at org.springframework.beans.factory.support.ConstructorResolver.instantiateUsingFactoryMethod(ConstructorResolver.java:546)
	at org.springframework.beans.factory.support.AbstractAutowireCapableBeanFactory.instantiateUsingFactoryMethod(AbstractAutowireCapableBeanFactory.java:1357)
	at org.springframework.beans.factory.support.AbstractAutowireCapableBeanFactory.createBeanInstance(AbstractAutowireCapableBeanFactory.java:1187)
	at org.springframework.beans.factory.support.AbstractAutowireCapableBeanFactory.doCreateBean(AbstractAutowireCapableBeanFactory.java:563)
	at org.springframework.beans.factory.support.AbstractAutowireCapableBeanFactory.createBean(AbstractAutowireCapableBeanFactory.java:523)
	at org.springframework.beans.factory.support.AbstractBeanFactory.lambda$doGetBean$0(AbstractBeanFactory.java:336)
	at org.springframework.beans.factory.support.DefaultSingletonBeanRegistry.getSingleton(DefaultSingletonBeanRegistry.java:289)
	at org.springframework.beans.factory.support.AbstractBeanFactory.doGetBean(AbstractBeanFactory.java:334)
	at org.springframework.beans.factory.support.AbstractBeanFactory.getBean(AbstractBeanFactory.java:199)
	at org.springframework.beans.factory.config.DependencyDescriptor.resolveCandidate(DependencyDescriptor.java:254)
	at org.springframework.beans.factory.support.DefaultListableBeanFactory.doResolveDependency(DefaultListableBeanFactory.java:1631)
	at org.springframework.beans.factory.support.DefaultListableBeanFactory.resolveDependency(DefaultListableBeanFactory.java:1519)
	at org.springframework.beans.factory.support.ConstructorResolver.resolveAutowiredArgument(ConstructorResolver.java:913)
	at org.springframework.beans.factory.support.ConstructorResolver.createArgumentArray(ConstructorResolver.java:791)
	at org.springframework.beans.factory.support.ConstructorResolver.autowireConstructor(ConstructorResolver.java:240)
	at org.springframework.beans.factory.support.AbstractAutowireCapableBeanFactory.autowireConstructor(AbstractAutowireCapableBeanFactory.java:1377)
	at org.springframework.beans.factory.support.AbstractAutowireCapableBeanFactory.createBeanInstance(AbstractAutowireCapableBeanFactory.java:1214)
	at org.springframework.beans.factory.support.AbstractAutowireCapableBeanFactory.doCreateBean(AbstractAutowireCapableBeanFactory.java:563)
	at org.springframework.beans.factory.support.AbstractAutowireCapableBeanFactory.createBean(AbstractAutowireCapableBeanFactory.java:523)
	at org.springframework.beans.factory.support.AbstractBeanFactory.lambda$doGetBean$0(AbstractBeanFactory.java:336)
	at org.springframework.beans.factory.support.DefaultSingletonBeanRegistry.getSingleton(DefaultSingletonBeanRegistry.java:289)
	at org.springframework.beans.factory.support.AbstractBeanFactory.doGetBean(AbstractBeanFactory.java:334)
	at org.springframework.beans.factory.support.AbstractBeanFactory.getBean(AbstractBeanFactory.java:199)
	at org.springframework.beans.factory.support.DefaultListableBeanFactory.instantiateSingleton(DefaultListableBeanFactory.java:1122)
	at org.springframework.beans.factory.support.DefaultListableBeanFactory.preInstantiateSingleton(DefaultListableBeanFactory.java:1093)
	at org.springframework.beans.factory.support.DefaultListableBeanFactory.preInstantiateSingletons(DefaultListableBeanFactory.java:1030)
	at org.springframework.context.support.AbstractApplicationContext.finishBeanFactoryInitialization(AbstractApplicationContext.java:987)
	at org.springframework.context.support.AbstractApplicationContext.refresh(AbstractApplicationContext.java:627)
	at org.springframework.boot.web.servlet.context.ServletWebServerApplicationContext.refresh(ServletWebServerApplicationContext.java:146)
	at org.springframework.boot.SpringApplication.refresh(SpringApplication.java:752)
	at org.springframework.boot.SpringApplication.refreshContext(SpringApplication.java:439)
	at org.springframework.boot.SpringApplication.run(SpringApplication.java:318)
	at org.springframework.boot.SpringApplication.run(SpringApplication.java:1361)
	at org.springframework.boot.SpringApplication.run(SpringApplication.java:1350)
	at com.personal.crud_pulsar.CrudPulsarApplicationKt.main(CrudPulsarApplication.kt:15)
	at java.base/jdk.internal.reflect.NativeMethodAccessorImpl.invoke0(Native Method)
	at java.base/jdk.internal.reflect.NativeMethodAccessorImpl.invoke(NativeMethodAccessorImpl.java:77)
	at java.base/jdk.internal.reflect.DelegatingMethodAccessorImpl.invoke(DelegatingMethodAccessorImpl.java:43)
	at java.base/java.lang.reflect.Method.invoke(Method.java:568)
	at org.springframework.boot.devtools.restart.RestartLauncher.run(RestartLauncher.java:50)
2025-01-28 15:05:45 [restartedMain] WARN  o.s.b.a.o.j.JpaBaseConfiguration$JpaWebConfiguration - spring.jpa.open-in-view is enabled by default. Therefore, database queries may be performed during view rendering. Explicitly configure spring.jpa.open-in-view to disable this warning
2025-01-28 15:05:46 [restartedMain] INFO  o.s.b.d.a.OptionalLiveReloadServer - LiveReload server is running on port 35729
2025-01-28 15:05:46 [pulsar-client-io-1-3] INFO  o.a.p.client.impl.ConnectionPool - [[id: 0xf28bef83, L:/127.0.0.1:53928 - R:localhost/127.0.0.1:6650]] Connected to server
2025-01-28 15:05:46 [pulsar-client-io-1-3] INFO  o.a.p.c.i.ConsumerStatsRecorderImpl - Starting Pulsar consumer status recorder with config: {"topicNames":["persistent://public/default/jt-raw-topic"],"topicsPattern":null,"subscriptionName":"my-subscription","subscriptionType":"Shared","subscriptionProperties":null,"subscriptionMode":"Durable","receiverQueueSize":1000,"acknowledgementsGroupTimeMicros":100000,"maxAcknowledgmentGroupSize":1000,"negativeAckRedeliveryDelayMicros":60000000,"maxTotalReceiverQueueSizeAcrossPartitions":50000,"consumerName":null,"ackTimeoutMillis":0,"tickDurationMillis":1000,"priorityLevel":0,"maxPendingChunkedMessage":10,"autoAckOldestChunkedMessageOnQueueFull":false,"expireTimeOfIncompleteChunkedMessageMillis":60000,"cryptoFailureAction":"FAIL","properties":{},"readCompacted":false,"subscriptionInitialPosition":"Latest","patternAutoDiscoveryPeriod":60,"regexSubscriptionMode":"PersistentOnly","deadLetterPolicy":{"maxRedeliverCount":3,"retryLetterTopic":"jt-raw-topic-retry","deadLetterTopic":"jt-raw-topic-dlq","initialSubscriptionName":null},"retryEnable":false,"autoUpdatePartitions":true,"autoUpdatePartitionsIntervalSeconds":60,"replicateSubscriptionState":false,"resetIncludeHead":false,"batchIndexAckEnabled":false,"ackReceiptEnabled":false,"poolMessages":false,"startPaused":false,"autoScaledReceiverQueueSizeEnabled":false,"topicConfigurations":[],"maxPendingChuckedMessage":10}
2025-01-28 15:05:46 [pulsar-client-io-1-3] INFO  o.a.p.c.i.ConsumerStatsRecorderImpl - Pulsar client config: {"serviceUrl":"pulsar://localhost:6650","authPluginClassName":null,"authParams":null,"authParamMap":null,"operationTimeoutMs":30000,"lookupTimeoutMs":30000,"statsIntervalSeconds":60,"numIoThreads":8,"numListenerThreads":8,"connectionsPerBroker":1,"connectionMaxIdleSeconds":180,"useTcpNoDelay":true,"useTls":false,"tlsKeyFilePath":null,"tlsCertificateFilePath":null,"tlsTrustCertsFilePath":null,"tlsAllowInsecureConnection":false,"tlsHostnameVerificationEnable":false,"concurrentLookupRequest":5000,"maxLookupRequest":50000,"maxLookupRedirects":20,"maxNumberOfRejectedRequestPerConnection":50,"keepAliveIntervalSeconds":30,"connectionTimeoutMs":10000,"requestTimeoutMs":60000,"readTimeoutMs":60000,"autoCertRefreshSeconds":300,"initialBackoffIntervalNanos":100000000,"maxBackoffIntervalNanos":60000000000,"enableBusyWait":false,"listenerName":null,"useKeyStoreTls":false,"sslProvider":null,"tlsKeyStoreType":"JKS","tlsKeyStorePath":null,"tlsKeyStorePassword":null,"tlsTrustStoreType":"JKS","tlsTrustStorePath":null,"tlsTrustStorePassword":null,"tlsCiphers":[],"tlsProtocols":[],"memoryLimitBytes":67108864,"proxyServiceUrl":null,"proxyProtocol":null,"enableTransaction":false,"dnsLookupBindAddress":null,"dnsLookupBindPort":0,"socks5ProxyAddress":null,"socks5ProxyUsername":null,"socks5ProxyPassword":null,"description":null}
2025-01-28 15:05:46 [pulsar-client-io-1-3] INFO  o.a.pulsar.client.impl.ConsumerImpl - [persistent://public/default/jt-raw-topic][my-subscription] Subscribing to topic on cnx [id: 0xf28bef83, L:/127.0.0.1:53928 - R:localhost/127.0.0.1:6650], consumerId 0
2025-01-28 15:05:46 [pulsar-client-io-1-3] INFO  o.a.pulsar.client.impl.ConsumerImpl - [persistent://public/default/jt-raw-topic][my-subscription] Subscribed to topic on localhost/127.0.0.1:6650 -- consumer: 0
2025-01-28 15:05:46 [pulsar-client-io-1-3] INFO  o.a.p.c.i.ConsumerStatsRecorderImpl - Starting Pulsar consumer status recorder with config: {"topicNames":["persistent://public/default/jt-plain-topic"],"topicsPattern":null,"subscriptionName":"my-subscription","subscriptionType":"Shared","subscriptionProperties":null,"subscriptionMode":"Durable","receiverQueueSize":1000,"acknowledgementsGroupTimeMicros":100000,"maxAcknowledgmentGroupSize":1000,"negativeAckRedeliveryDelayMicros":60000000,"maxTotalReceiverQueueSizeAcrossPartitions":50000,"consumerName":null,"ackTimeoutMillis":0,"tickDurationMillis":1000,"priorityLevel":0,"maxPendingChunkedMessage":10,"autoAckOldestChunkedMessageOnQueueFull":false,"expireTimeOfIncompleteChunkedMessageMillis":60000,"cryptoFailureAction":"FAIL","properties":{},"readCompacted":false,"subscriptionInitialPosition":"Latest","patternAutoDiscoveryPeriod":60,"regexSubscriptionMode":"PersistentOnly","deadLetterPolicy":{"maxRedeliverCount":3,"retryLetterTopic":"jt-raw-topic-retry","deadLetterTopic":"jt-raw-topic-dlq","initialSubscriptionName":null},"retryEnable":false,"autoUpdatePartitions":true,"autoUpdatePartitionsIntervalSeconds":60,"replicateSubscriptionState":false,"resetIncludeHead":false,"batchIndexAckEnabled":false,"ackReceiptEnabled":false,"poolMessages":false,"startPaused":false,"autoScaledReceiverQueueSizeEnabled":false,"topicConfigurations":[],"maxPendingChuckedMessage":10}
2025-01-28 15:05:46 [pulsar-client-io-1-3] INFO  o.a.p.c.i.ConsumerStatsRecorderImpl - Pulsar client config: {"serviceUrl":"pulsar://localhost:6650","authPluginClassName":null,"authParams":null,"authParamMap":null,"operationTimeoutMs":30000,"lookupTimeoutMs":30000,"statsIntervalSeconds":60,"numIoThreads":8,"numListenerThreads":8,"connectionsPerBroker":1,"connectionMaxIdleSeconds":180,"useTcpNoDelay":true,"useTls":false,"tlsKeyFilePath":null,"tlsCertificateFilePath":null,"tlsTrustCertsFilePath":null,"tlsAllowInsecureConnection":false,"tlsHostnameVerificationEnable":false,"concurrentLookupRequest":5000,"maxLookupRequest":50000,"maxLookupRedirects":20,"maxNumberOfRejectedRequestPerConnection":50,"keepAliveIntervalSeconds":30,"connectionTimeoutMs":10000,"requestTimeoutMs":60000,"readTimeoutMs":60000,"autoCertRefreshSeconds":300,"initialBackoffIntervalNanos":100000000,"maxBackoffIntervalNanos":60000000000,"enableBusyWait":false,"listenerName":null,"useKeyStoreTls":false,"sslProvider":null,"tlsKeyStoreType":"JKS","tlsKeyStorePath":null,"tlsKeyStorePassword":null,"tlsTrustStoreType":"JKS","tlsTrustStorePath":null,"tlsTrustStorePassword":null,"tlsCiphers":[],"tlsProtocols":[],"memoryLimitBytes":67108864,"proxyServiceUrl":null,"proxyProtocol":null,"enableTransaction":false,"dnsLookupBindAddress":null,"dnsLookupBindPort":0,"socks5ProxyAddress":null,"socks5ProxyUsername":null,"socks5ProxyPassword":null,"description":null}
2025-01-28 15:05:46 [pulsar-client-io-1-3] INFO  o.a.pulsar.client.impl.ConsumerImpl - [persistent://public/default/jt-plain-topic][my-subscription] Subscribing to topic on cnx [id: 0xf28bef83, L:/127.0.0.1:53928 - R:localhost/127.0.0.1:6650], consumerId 1
2025-01-28 15:05:46 [pulsar-client-io-1-3] INFO  o.a.pulsar.client.impl.ConsumerImpl - [persistent://public/default/jt-plain-topic][my-subscription] Subscribed to topic on localhost/127.0.0.1:6650 -- consumer: 1
2025-01-28 15:05:46 [pulsar-client-io-1-3] INFO  o.a.p.c.i.ConsumerStatsRecorderImpl - Starting Pulsar consumer status recorder with config: {"topicNames":["persistent://public/default/jt-raw-topic-dlq"],"topicsPattern":null,"subscriptionName":"my-subscription-dlq","subscriptionType":"Exclusive","subscriptionProperties":null,"subscriptionMode":"Durable","receiverQueueSize":1000,"acknowledgementsGroupTimeMicros":100000,"maxAcknowledgmentGroupSize":1000,"negativeAckRedeliveryDelayMicros":60000000,"maxTotalReceiverQueueSizeAcrossPartitions":50000,"consumerName":null,"ackTimeoutMillis":0,"tickDurationMillis":1000,"priorityLevel":0,"maxPendingChunkedMessage":10,"autoAckOldestChunkedMessageOnQueueFull":false,"expireTimeOfIncompleteChunkedMessageMillis":60000,"cryptoFailureAction":"FAIL","properties":{},"readCompacted":false,"subscriptionInitialPosition":"Latest","patternAutoDiscoveryPeriod":60,"regexSubscriptionMode":"PersistentOnly","deadLetterPolicy":{"maxRedeliverCount":3,"retryLetterTopic":"jt-raw-topic-retry","deadLetterTopic":"jt-raw-topic-dlq","initialSubscriptionName":null},"retryEnable":false,"autoUpdatePartitions":true,"autoUpdatePartitionsIntervalSeconds":60,"replicateSubscriptionState":false,"resetIncludeHead":false,"batchIndexAckEnabled":false,"ackReceiptEnabled":false,"poolMessages":false,"startPaused":false,"autoScaledReceiverQueueSizeEnabled":false,"topicConfigurations":[],"maxPendingChuckedMessage":10}
2025-01-28 15:05:46 [pulsar-client-io-1-3] INFO  o.a.p.c.i.ConsumerStatsRecorderImpl - Pulsar client config: {"serviceUrl":"pulsar://localhost:6650","authPluginClassName":null,"authParams":null,"authParamMap":null,"operationTimeoutMs":30000,"lookupTimeoutMs":30000,"statsIntervalSeconds":60,"numIoThreads":8,"numListenerThreads":8,"connectionsPerBroker":1,"connectionMaxIdleSeconds":180,"useTcpNoDelay":true,"useTls":false,"tlsKeyFilePath":null,"tlsCertificateFilePath":null,"tlsTrustCertsFilePath":null,"tlsAllowInsecureConnection":false,"tlsHostnameVerificationEnable":false,"concurrentLookupRequest":5000,"maxLookupRequest":50000,"maxLookupRedirects":20,"maxNumberOfRejectedRequestPerConnection":50,"keepAliveIntervalSeconds":30,"connectionTimeoutMs":10000,"requestTimeoutMs":60000,"readTimeoutMs":60000,"autoCertRefreshSeconds":300,"initialBackoffIntervalNanos":100000000,"maxBackoffIntervalNanos":60000000000,"enableBusyWait":false,"listenerName":null,"useKeyStoreTls":false,"sslProvider":null,"tlsKeyStoreType":"JKS","tlsKeyStorePath":null,"tlsKeyStorePassword":null,"tlsTrustStoreType":"JKS","tlsTrustStorePath":null,"tlsTrustStorePassword":null,"tlsCiphers":[],"tlsProtocols":[],"memoryLimitBytes":67108864,"proxyServiceUrl":null,"proxyProtocol":null,"enableTransaction":false,"dnsLookupBindAddress":null,"dnsLookupBindPort":0,"socks5ProxyAddress":null,"socks5ProxyUsername":null,"socks5ProxyPassword":null,"description":null}
2025-01-28 15:05:46 [pulsar-client-io-1-3] INFO  o.a.pulsar.client.impl.ConsumerImpl - [persistent://public/default/jt-raw-topic-dlq][my-subscription-dlq] Subscribing to topic on cnx [id: 0xf28bef83, L:/127.0.0.1:53928 - R:localhost/127.0.0.1:6650], consumerId 2
2025-01-28 15:05:46 [pulsar-client-io-1-3] INFO  o.a.pulsar.client.impl.ConsumerImpl - [persistent://public/default/jt-raw-topic-dlq][my-subscription-dlq] Subscribed to topic on localhost/127.0.0.1:6650 -- consumer: 2
2025-01-28 15:05:46 [restartedMain] INFO  o.s.b.w.e.tomcat.TomcatWebServer - Tomcat started on port 9191 (http) with context path '/'
2025-01-28 15:05:46 [restartedMain] INFO  c.p.c.CrudPulsarApplicationKt - Started CrudPulsarApplicationKt in 3.307 seconds (process running for 3.615)
2025-01-28 15:05:52 [http-nio-9191-exec-2] INFO  o.a.c.c.C.[Tomcat].[localhost].[/] - Initializing Spring DispatcherServlet 'dispatcherServlet'
2025-01-28 15:05:52 [http-nio-9191-exec-2] INFO  o.s.web.servlet.DispatcherServlet - Initializing Servlet 'dispatcherServlet'
2025-01-28 15:05:52 [http-nio-9191-exec-2] INFO  o.s.web.servlet.DispatcherServlet - Completed initialization in 1 ms
2025-01-28 15:05:52 [http-nio-9191-exec-2] INFO  c.p.crud_pulsar.HelloController - Fetching all users
2025-01-28 15:05:52 [pulsar-client-io-1-3] INFO  o.a.p.c.i.ProducerStatsRecorderImpl - Starting Pulsar producer perf with config: {"topicName":"persistent://public/default/jt-plain-topic","producerName":null,"sendTimeoutMs":30000,"blockIfQueueFull":false,"maxPendingMessages":0,"maxPendingMessagesAcrossPartitions":0,"messageRoutingMode":"RoundRobinPartition","hashingScheme":"JavaStringHash","cryptoFailureAction":"FAIL","batchingMaxPublishDelayMicros":1000,"batchingPartitionSwitchFrequencyByPublishDelay":10,"batchingMaxMessages":1000,"batchingMaxBytes":131072,"batchingEnabled":true,"chunkingEnabled":false,"chunkMaxMessageSize":-1,"encryptionKeys":[],"compressionType":"NONE","initialSequenceId":null,"autoUpdatePartitions":true,"autoUpdatePartitionsIntervalSeconds":60,"multiSchema":true,"accessMode":"Shared","lazyStartPartitionedProducers":false,"properties":{},"initialSubscriptionName":null}
2025-01-28 15:05:52 [pulsar-client-io-1-3] INFO  o.a.p.c.i.ProducerStatsRecorderImpl - Pulsar client config: {"serviceUrl":"pulsar://localhost:6650","authPluginClassName":null,"authParams":null,"authParamMap":null,"operationTimeoutMs":30000,"lookupTimeoutMs":30000,"statsIntervalSeconds":60,"numIoThreads":8,"numListenerThreads":8,"connectionsPerBroker":1,"connectionMaxIdleSeconds":180,"useTcpNoDelay":true,"useTls":false,"tlsKeyFilePath":null,"tlsCertificateFilePath":null,"tlsTrustCertsFilePath":null,"tlsAllowInsecureConnection":false,"tlsHostnameVerificationEnable":false,"concurrentLookupRequest":5000,"maxLookupRequest":50000,"maxLookupRedirects":20,"maxNumberOfRejectedRequestPerConnection":50,"keepAliveIntervalSeconds":30,"connectionTimeoutMs":10000,"requestTimeoutMs":60000,"readTimeoutMs":60000,"autoCertRefreshSeconds":300,"initialBackoffIntervalNanos":100000000,"maxBackoffIntervalNanos":60000000000,"enableBusyWait":false,"listenerName":null,"useKeyStoreTls":false,"sslProvider":null,"tlsKeyStoreType":"JKS","tlsKeyStorePath":null,"tlsKeyStorePassword":null,"tlsTrustStoreType":"JKS","tlsTrustStorePath":null,"tlsTrustStorePassword":null,"tlsCiphers":[],"tlsProtocols":[],"memoryLimitBytes":67108864,"proxyServiceUrl":null,"proxyProtocol":null,"enableTransaction":false,"dnsLookupBindAddress":null,"dnsLookupBindPort":0,"socks5ProxyAddress":null,"socks5ProxyUsername":null,"socks5ProxyPassword":null,"description":null}
2025-01-28 15:05:52 [pulsar-client-io-1-3] INFO  o.a.pulsar.client.impl.ProducerImpl - [persistent://public/default/jt-plain-topic] [null] Creating producer on cnx [id: 0xf28bef83, L:/127.0.0.1:53928 - R:localhost/127.0.0.1:6650]
2025-01-28 15:05:52 [pulsar-client-io-1-3] INFO  o.a.pulsar.client.impl.ProducerImpl - [persistent://public/default/jt-plain-topic] [standalone-0-5] Created producer on cnx [id: 0xf28bef83, L:/127.0.0.1:53928 - R:localhost/127.0.0.1:6650]
2025-01-28 15:05:52 [http-nio-9191-exec-2] INFO  c.p.crud_pulsar.EventPublisher - EventPublisher::publishPlainMessage published the event: Fetched all users
2025-01-28 15:05:52 [org.springframework.Pulsar.PulsarListenerEndpointContainer#0-0-C-1] INFO  c.personal.crud_pulsar.EventConsumer - EventConsumer::consumeTextEvent consumed events Fetched all users
2025-01-28 15:05:52 [http-nio-9191-exec-2] INFO  c.p.crud_pulsar.EventPublisher - EventPublisher::publishPlainMessage published the event: {"action":"Fetch Users","description":"Users fetched successfully","statusCode":200}
2025-01-28 15:05:52 [http-nio-9191-exec-2] WARN  o.h.e.jdbc.spi.SqlExceptionHelper - SQL Error: 0, SQLState: 23502
2025-01-28 15:05:52 [http-nio-9191-exec-2] ERROR o.h.e.jdbc.spi.SqlExceptionHelper - ERROR: null value in column "statuscode" of relation "audit_logs" violates not-null constraint
  Detail: Failing row contains (28, Fetch Users, Users fetched successfully, 200, 2025-01-28 15:05:52.813519, null).
2025-01-28 15:05:52 [http-nio-9191-exec-2] ERROR c.p.crud_pulsar.HelloController - Internal server error while fetching users
org.springframework.dao.DataIntegrityViolationException: could not execute statement [ERROR: null value in column "statuscode" of relation "audit_logs" violates not-null constraint
  Detail: Failing row contains (28, Fetch Users, Users fetched successfully, 200, 2025-01-28 15:05:52.813519, null).] [insert into audit_logs (action,description,status_code,timestamp) values (?,?,?,?)]; SQL [insert into audit_logs (action,description,status_code,timestamp) values (?,?,?,?)]; constraint [statuscode" of relation "audit_logs]
	at org.springframework.orm.jpa.vendor.HibernateJpaDialect.convertHibernateAccessException(HibernateJpaDialect.java:290)
	at org.springframework.orm.jpa.vendor.HibernateJpaDialect.translateExceptionIfPossible(HibernateJpaDialect.java:241)
	at org.springframework.orm.jpa.AbstractEntityManagerFactoryBean.translateExceptionIfPossible(AbstractEntityManagerFactoryBean.java:560)
	at org.springframework.dao.support.ChainedPersistenceExceptionTranslator.translateExceptionIfPossible(ChainedPersistenceExceptionTranslator.java:61)
	at org.springframework.dao.support.DataAccessUtils.translateIfNecessary(DataAccessUtils.java:343)
	at org.springframework.dao.support.PersistenceExceptionTranslationInterceptor.invoke(PersistenceExceptionTranslationInterceptor.java:160)
	at org.springframework.aop.framework.ReflectiveMethodInvocation.proceed(ReflectiveMethodInvocation.java:184)
	at org.springframework.data.jpa.repository.support.CrudMethodMetadataPostProcessor$CrudMethodMetadataPopulatingMethodInterceptor.invoke(CrudMethodMetadataPostProcessor.java:165)
	at org.springframework.aop.framework.ReflectiveMethodInvocation.proceed(ReflectiveMethodInvocation.java:184)
	at org.springframework.data.repository.core.support.MethodInvocationValidator.invoke(MethodInvocationValidator.java:96)
	at org.springframework.aop.framework.ReflectiveMethodInvocation.proceed(ReflectiveMethodInvocation.java:184)
	at org.springframework.aop.framework.JdkDynamicAopProxy.invoke(JdkDynamicAopProxy.java:223)
	at jdk.proxy4/jdk.proxy4.$Proxy138.save(Unknown Source)
	at com.personal.crud_pulsar.AuditLogService.saveAuditLog(AuditLogService.kt:9)
	at com.personal.crud_pulsar.HelloController.publishAuditEvent(HelloController.kt:305)
	at com.personal.crud_pulsar.HelloController.listUsers(HelloController.kt:193)
	at java.base/jdk.internal.reflect.NativeMethodAccessorImpl.invoke0(Native Method)
	at java.base/jdk.internal.reflect.NativeMethodAccessorImpl.invoke(NativeMethodAccessorImpl.java:77)
	at java.base/jdk.internal.reflect.DelegatingMethodAccessorImpl.invoke(DelegatingMethodAccessorImpl.java:43)
	at java.base/java.lang.reflect.Method.invoke(Method.java:568)
	at kotlin.reflect.jvm.internal.calls.CallerImpl$Method.callMethod(CallerImpl.kt:97)
	at kotlin.reflect.jvm.internal.calls.CallerImpl$Method$Instance.call(CallerImpl.kt:113)
	at kotlin.reflect.jvm.internal.KCallableImpl.callDefaultMethod$kotlin_reflection(KCallableImpl.kt:207)
	at kotlin.reflect.jvm.internal.KCallableImpl.callBy(KCallableImpl.kt:112)
	at org.springframework.web.method.support.InvocableHandlerMethod$KotlinDelegate.invokeFunction(InvocableHandlerMethod.java:337)
	at org.springframework.web.method.support.InvocableHandlerMethod.doInvoke(InvocableHandlerMethod.java:254)
	at org.springframework.web.method.support.InvocableHandlerMethod.invokeForRequest(InvocableHandlerMethod.java:190)
	at org.springframework.web.servlet.mvc.method.annotation.ServletInvocableHandlerMethod.invokeAndHandle(ServletInvocableHandlerMethod.java:118)
	at org.springframework.web.servlet.mvc.method.annotation.RequestMappingHandlerAdapter.invokeHandlerMethod(RequestMappingHandlerAdapter.java:986)
	at org.springframework.web.servlet.mvc.method.annotation.RequestMappingHandlerAdapter.handleInternal(RequestMappingHandlerAdapter.java:891)
	at org.springframework.web.servlet.mvc.method.AbstractHandlerMethodAdapter.handle(AbstractHandlerMethodAdapter.java:87)
	at org.springframework.web.servlet.DispatcherServlet.doDispatch(DispatcherServlet.java:1088)
	at org.springframework.web.servlet.DispatcherServlet.doService(DispatcherServlet.java:978)
	at org.springframework.web.servlet.FrameworkServlet.processRequest(FrameworkServlet.java:1014)
	at org.springframework.web.servlet.FrameworkServlet.doGet(FrameworkServlet.java:903)
	at jakarta.servlet.http.HttpServlet.service(HttpServlet.java:564)
	at org.springframework.web.servlet.FrameworkServlet.service(FrameworkServlet.java:885)
	at jakarta.servlet.http.HttpServlet.service(HttpServlet.java:658)
	at org.apache.catalina.core.ApplicationFilterChain.internalDoFilter(ApplicationFilterChain.java:195)
	at org.apache.catalina.core.ApplicationFilterChain.doFilter(ApplicationFilterChain.java:140)
	at org.apache.tomcat.websocket.server.WsFilter.doFilter(WsFilter.java:51)
	at org.apache.catalina.core.ApplicationFilterChain.internalDoFilter(ApplicationFilterChain.java:164)
	at org.apache.catalina.core.ApplicationFilterChain.doFilter(ApplicationFilterChain.java:140)
	at org.springframework.web.filter.RequestContextFilter.doFilterInternal(RequestContextFilter.java:100)
	at org.springframework.web.filter.OncePerRequestFilter.doFilter(OncePerRequestFilter.java:116)
	at org.apache.catalina.core.ApplicationFilterChain.internalDoFilter(ApplicationFilterChain.java:164)
	at org.apache.catalina.core.ApplicationFilterChain.doFilter(ApplicationFilterChain.java:140)
	at org.springframework.web.filter.FormContentFilter.doFilterInternal(FormContentFilter.java:93)
	at org.springframework.web.filter.OncePerRequestFilter.doFilter(OncePerRequestFilter.java:116)
	at org.apache.catalina.core.ApplicationFilterChain.internalDoFilter(ApplicationFilterChain.java:164)
	at org.apache.catalina.core.ApplicationFilterChain.doFilter(ApplicationFilterChain.java:140)
	at org.springframework.web.filter.CharacterEncodingFilter.doFilterInternal(CharacterEncodingFilter.java:201)
	at org.springframework.web.filter.OncePerRequestFilter.doFilter(OncePerRequestFilter.java:116)
	at org.apache.catalina.core.ApplicationFilterChain.internalDoFilter(ApplicationFilterChain.java:164)
	at org.apache.catalina.core.ApplicationFilterChain.doFilter(ApplicationFilterChain.java:140)
	at org.apache.catalina.core.StandardWrapperValve.invoke(StandardWrapperValve.java:167)
	at org.apache.catalina.core.StandardContextValve.invoke(StandardContextValve.java:90)
	at org.apache.catalina.authenticator.AuthenticatorBase.invoke(AuthenticatorBase.java:483)
	at org.apache.catalina.core.StandardHostValve.invoke(StandardHostValve.java:115)
	at org.apache.catalina.valves.ErrorReportValve.invoke(ErrorReportValve.java:93)
	at org.apache.catalina.core.StandardEngineValve.invoke(StandardEngineValve.java:74)
	at org.apache.catalina.connector.CoyoteAdapter.service(CoyoteAdapter.java:344)
	at org.apache.coyote.http11.Http11Processor.service(Http11Processor.java:397)
	at org.apache.coyote.AbstractProcessorLight.process(AbstractProcessorLight.java:63)
	at org.apache.coyote.AbstractProtocol$ConnectionHandler.process(AbstractProtocol.java:905)
	at org.apache.tomcat.util.net.NioEndpoint$SocketProcessor.doRun(NioEndpoint.java:1741)
	at org.apache.tomcat.util.net.SocketProcessorBase.run(SocketProcessorBase.java:52)
	at org.apache.tomcat.util.threads.ThreadPoolExecutor.runWorker(ThreadPoolExecutor.java:1190)
	at org.apache.tomcat.util.threads.ThreadPoolExecutor$Worker.run(ThreadPoolExecutor.java:659)
	at org.apache.tomcat.util.threads.TaskThread$WrappingRunnable.run(TaskThread.java:63)
	at java.base/java.lang.Thread.run(Thread.java:842)
Caused by: org.hibernate.exception.ConstraintViolationException: could not execute statement [ERROR: null value in column "statuscode" of relation "audit_logs" violates not-null constraint
  Detail: Failing row contains (28, Fetch Users, Users fetched successfully, 200, 2025-01-28 15:05:52.813519, null).] [insert into audit_logs (action,description,status_code,timestamp) values (?,?,?,?)]
	at org.hibernate.exception.internal.SQLStateConversionDelegate.convert(SQLStateConversionDelegate.java:97)
	at org.hibernate.exception.internal.StandardSQLExceptionConverter.convert(StandardSQLExceptionConverter.java:58)
	at org.hibernate.engine.jdbc.spi.SqlExceptionHelper.convert(SqlExceptionHelper.java:108)
	at org.hibernate.engine.jdbc.internal.ResultSetReturnImpl.executeUpdate(ResultSetReturnImpl.java:197)
	at org.hibernate.id.insert.GetGeneratedKeysDelegate.performMutation(GetGeneratedKeysDelegate.java:116)
	at org.hibernate.engine.jdbc.mutation.internal.MutationExecutorSingleNonBatched.performNonBatchedOperations(MutationExecutorSingleNonBatched.java:47)
	at org.hibernate.engine.jdbc.mutation.internal.AbstractMutationExecutor.execute(AbstractMutationExecutor.java:55)
	at org.hibernate.persister.entity.mutation.InsertCoordinatorStandard.doStaticInserts(InsertCoordinatorStandard.java:194)
	at org.hibernate.persister.entity.mutation.InsertCoordinatorStandard.coordinateInsert(InsertCoordinatorStandard.java:132)
	at org.hibernate.persister.entity.mutation.InsertCoordinatorStandard.insert(InsertCoordinatorStandard.java:95)
	at org.hibernate.action.internal.EntityIdentityInsertAction.execute(EntityIdentityInsertAction.java:85)
	at org.hibernate.engine.spi.ActionQueue.execute(ActionQueue.java:682)
	at org.hibernate.engine.spi.ActionQueue.addResolvedEntityInsertAction(ActionQueue.java:293)
	at org.hibernate.engine.spi.ActionQueue.addInsertAction(ActionQueue.java:274)
	at org.hibernate.engine.spi.ActionQueue.addAction(ActionQueue.java:324)
	at org.hibernate.event.internal.AbstractSaveEventListener.addInsertAction(AbstractSaveEventListener.java:393)
	at org.hibernate.event.internal.AbstractSaveEventListener.performSaveOrReplicate(AbstractSaveEventListener.java:307)
	at org.hibernate.event.internal.AbstractSaveEventListener.performSave(AbstractSaveEventListener.java:223)
	at org.hibernate.event.internal.AbstractSaveEventListener.saveWithGeneratedId(AbstractSaveEventListener.java:136)
	at org.hibernate.event.internal.DefaultPersistEventListener.entityIsTransient(DefaultPersistEventListener.java:177)
	at org.hibernate.event.internal.DefaultPersistEventListener.persist(DefaultPersistEventListener.java:95)
	at org.hibernate.event.internal.DefaultPersistEventListener.onPersist(DefaultPersistEventListener.java:79)
	at org.hibernate.event.internal.DefaultPersistEventListener.onPersist(DefaultPersistEventListener.java:55)
	at org.hibernate.event.service.internal.EventListenerGroupImpl.fireEventOnEachListener(EventListenerGroupImpl.java:127)
	at org.hibernate.internal.SessionImpl.firePersist(SessionImpl.java:761)
	at org.hibernate.internal.SessionImpl.persist(SessionImpl.java:745)
	at java.base/jdk.internal.reflect.NativeMethodAccessorImpl.invoke0(Native Method)
	at java.base/jdk.internal.reflect.NativeMethodAccessorImpl.invoke(NativeMethodAccessorImpl.java:77)
	at java.base/jdk.internal.reflect.DelegatingMethodAccessorImpl.invoke(DelegatingMethodAccessorImpl.java:43)
	at java.base/java.lang.reflect.Method.invoke(Method.java:568)
	at org.springframework.orm.jpa.ExtendedEntityManagerCreator$ExtendedEntityManagerInvocationHandler.invoke(ExtendedEntityManagerCreator.java:364)
	at jdk.proxy4/jdk.proxy4.$Proxy134.persist(Unknown Source)
	at java.base/jdk.internal.reflect.NativeMethodAccessorImpl.invoke0(Native Method)
	at java.base/jdk.internal.reflect.NativeMethodAccessorImpl.invoke(NativeMethodAccessorImpl.java:77)
	at java.base/jdk.internal.reflect.DelegatingMethodAccessorImpl.invoke(DelegatingMethodAccessorImpl.java:43)
	at java.base/java.lang.reflect.Method.invoke(Method.java:568)
	at org.springframework.orm.jpa.SharedEntityManagerCreator$SharedEntityManagerInvocationHandler.invoke(SharedEntityManagerCreator.java:320)
	at jdk.proxy4/jdk.proxy4.$Proxy134.persist(Unknown Source)
	at org.springframework.data.jpa.repository.support.SimpleJpaRepository.save(SimpleJpaRepository.java:627)
	at java.base/jdk.internal.reflect.NativeMethodAccessorImpl.invoke0(Native Method)
	at java.base/jdk.internal.reflect.NativeMethodAccessorImpl.invoke(NativeMethodAccessorImpl.java:77)
	at java.base/jdk.internal.reflect.DelegatingMethodAccessorImpl.invoke(DelegatingMethodAccessorImpl.java:43)
	at java.base/java.lang.reflect.Method.invoke(Method.java:568)
	at org.springframework.aop.support.AopUtils.invokeJoinpointUsingReflection(AopUtils.java:359)
	at org.springframework.data.repository.core.support.RepositoryMethodInvoker$RepositoryFragmentMethodInvoker.lambda$new$0(RepositoryMethodInvoker.java:277)
	at org.springframework.data.repository.core.support.RepositoryMethodInvoker.doInvoke(RepositoryMethodInvoker.java:170)
	at org.springframework.data.repository.core.support.RepositoryMethodInvoker.invoke(RepositoryMethodInvoker.java:158)
	at org.springframework.data.repository.core.support.RepositoryComposition$RepositoryFragments.invoke(RepositoryComposition.java:515)
	at org.springframework.data.repository.core.support.RepositoryComposition.invoke(RepositoryComposition.java:284)
	at org.springframework.data.repository.core.support.RepositoryFactorySupport$ImplementationMethodExecutionInterceptor.invoke(RepositoryFactorySupport.java:752)
	at org.springframework.aop.framework.ReflectiveMethodInvocation.proceed(ReflectiveMethodInvocation.java:184)
	at org.springframework.data.repository.core.support.QueryExecutorMethodInterceptor.doInvoke(QueryExecutorMethodInterceptor.java:174)
	at org.springframework.data.repository.core.support.QueryExecutorMethodInterceptor.invoke(QueryExecutorMethodInterceptor.java:149)
	at org.springframework.aop.framework.ReflectiveMethodInvocation.proceed(ReflectiveMethodInvocation.java:184)
	at org.springframework.data.projection.DefaultMethodInvokingMethodInterceptor.invoke(DefaultMethodInvokingMethodInterceptor.java:69)
	at org.springframework.aop.framework.ReflectiveMethodInvocation.proceed(ReflectiveMethodInvocation.java:184)
	at org.springframework.transaction.interceptor.TransactionAspectSupport.invokeWithinTransaction(TransactionAspectSupport.java:380)
	at org.springframework.transaction.interceptor.TransactionInterceptor.invoke(TransactionInterceptor.java:119)
	at org.springframework.aop.framework.ReflectiveMethodInvocation.proceed(ReflectiveMethodInvocation.java:184)
	at org.springframework.dao.support.PersistenceExceptionTranslationInterceptor.invoke(PersistenceExceptionTranslationInterceptor.java:138)
	... 65 common frames omitted
Caused by: org.postgresql.util.PSQLException: ERROR: null value in column "statuscode" of relation "audit_logs" violates not-null constraint
  Detail: Failing row contains (28, Fetch Users, Users fetched successfully, 200, 2025-01-28 15:05:52.813519, null).
	at org.postgresql.core.v3.QueryExecutorImpl.receiveErrorResponse(QueryExecutorImpl.java:2733)
	at org.postgresql.core.v3.QueryExecutorImpl.processResults(QueryExecutorImpl.java:2420)
	at org.postgresql.core.v3.QueryExecutorImpl.execute(QueryExecutorImpl.java:372)
	at org.postgresql.jdbc.PgStatement.executeInternal(PgStatement.java:517)
	at org.postgresql.jdbc.PgStatement.execute(PgStatement.java:434)
	at org.postgresql.jdbc.PgPreparedStatement.executeWithFlags(PgPreparedStatement.java:194)
	at org.postgresql.jdbc.PgPreparedStatement.executeUpdate(PgPreparedStatement.java:155)
	at com.zaxxer.hikari.pool.ProxyPreparedStatement.executeUpdate(ProxyPreparedStatement.java:61)
	at com.zaxxer.hikari.pool.HikariProxyPreparedStatement.executeUpdate(HikariProxyPreparedStatement.java)
	at org.hibernate.engine.jdbc.internal.ResultSetReturnImpl.executeUpdate(ResultSetReturnImpl.java:194)
	... 121 common frames omitted
2025-01-28 15:05:52 [http-nio-9191-exec-2] INFO  c.p.crud_pulsar.EventPublisher - EventPublisher::publishPlainMessage published the event: {"action":"Fetch Users","description":"Internal server error","statusCode":500}
2025-01-28 15:05:52 [http-nio-9191-exec-2] WARN  o.h.e.jdbc.spi.SqlExceptionHelper - SQL Error: 0, SQLState: 23502
2025-01-28 15:05:52 [http-nio-9191-exec-2] ERROR o.h.e.jdbc.spi.SqlExceptionHelper - ERROR: null value in column "statuscode" of relation "audit_logs" violates not-null constraint
  Detail: Failing row contains (29, Fetch Users, Internal server error, 500, 2025-01-28 15:05:52.859427, null).
2025-01-28 15:05:52 [http-nio-9191-exec-2] ERROR o.a.c.c.C.[.[.[.[dispatcherServlet] - Servlet.service() for servlet [dispatcherServlet] in context with path [] threw exception [Request processing failed: org.springframework.dao.DataIntegrityViolationException: could not execute statement [ERROR: null value in column "statuscode" of relation "audit_logs" violates not-null constraint
  Detail: Failing row contains (29, Fetch Users, Internal server error, 500, 2025-01-28 15:05:52.859427, null).] [insert into audit_logs (action,description,status_code,timestamp) values (?,?,?,?)]; SQL [insert into audit_logs (action,description,status_code,timestamp) values (?,?,?,?)]; constraint [statuscode" of relation "audit_logs]] with root cause
org.postgresql.util.PSQLException: ERROR: null value in column "statuscode" of relation "audit_logs" violates not-null constraint
  Detail: Failing row contains (29, Fetch Users, Internal server error, 500, 2025-01-28 15:05:52.859427, null).
	at org.postgresql.core.v3.QueryExecutorImpl.receiveErrorResponse(QueryExecutorImpl.java:2733)
	at org.postgresql.core.v3.QueryExecutorImpl.processResults(QueryExecutorImpl.java:2420)
	at org.postgresql.core.v3.QueryExecutorImpl.execute(QueryExecutorImpl.java:372)
	at org.postgresql.jdbc.PgStatement.executeInternal(PgStatement.java:517)
	at org.postgresql.jdbc.PgStatement.execute(PgStatement.java:434)
	at org.postgresql.jdbc.PgPreparedStatement.executeWithFlags(PgPreparedStatement.java:194)
	at org.postgresql.jdbc.PgPreparedStatement.executeUpdate(PgPreparedStatement.java:155)
	at com.zaxxer.hikari.pool.ProxyPreparedStatement.executeUpdate(ProxyPreparedStatement.java:61)
	at com.zaxxer.hikari.pool.HikariProxyPreparedStatement.executeUpdate(HikariProxyPreparedStatement.java)
	at org.hibernate.engine.jdbc.internal.ResultSetReturnImpl.executeUpdate(ResultSetReturnImpl.java:194)
	at org.hibernate.id.insert.GetGeneratedKeysDelegate.performMutation(GetGeneratedKeysDelegate.java:116)
	at org.hibernate.engine.jdbc.mutation.internal.MutationExecutorSingleNonBatched.performNonBatchedOperations(MutationExecutorSingleNonBatched.java:47)
	at org.hibernate.engine.jdbc.mutation.internal.AbstractMutationExecutor.execute(AbstractMutationExecutor.java:55)
	at org.hibernate.persister.entity.mutation.InsertCoordinatorStandard.doStaticInserts(InsertCoordinatorStandard.java:194)
	at org.hibernate.persister.entity.mutation.InsertCoordinatorStandard.coordinateInsert(InsertCoordinatorStandard.java:132)
	at org.hibernate.persister.entity.mutation.InsertCoordinatorStandard.insert(InsertCoordinatorStandard.java:95)
	at org.hibernate.action.internal.EntityIdentityInsertAction.execute(EntityIdentityInsertAction.java:85)
	at org.hibernate.engine.spi.ActionQueue.execute(ActionQueue.java:682)
	at org.hibernate.engine.spi.ActionQueue.addResolvedEntityInsertAction(ActionQueue.java:293)
	at org.hibernate.engine.spi.ActionQueue.addInsertAction(ActionQueue.java:274)
	at org.hibernate.engine.spi.ActionQueue.addAction(ActionQueue.java:324)
	at org.hibernate.event.internal.AbstractSaveEventListener.addInsertAction(AbstractSaveEventListener.java:393)
	at org.hibernate.event.internal.AbstractSaveEventListener.performSaveOrReplicate(AbstractSaveEventListener.java:307)
	at org.hibernate.event.internal.AbstractSaveEventListener.performSave(AbstractSaveEventListener.java:223)
	at org.hibernate.event.internal.AbstractSaveEventListener.saveWithGeneratedId(AbstractSaveEventListener.java:136)
	at org.hibernate.event.internal.DefaultPersistEventListener.entityIsTransient(DefaultPersistEventListener.java:177)
	at org.hibernate.event.internal.DefaultPersistEventListener.persist(DefaultPersistEventListener.java:95)
	at org.hibernate.event.internal.DefaultPersistEventListener.onPersist(DefaultPersistEventListener.java:79)
	at org.hibernate.event.internal.DefaultPersistEventListener.onPersist(DefaultPersistEventListener.java:55)
	at org.hibernate.event.service.internal.EventListenerGroupImpl.fireEventOnEachListener(EventListenerGroupImpl.java:127)
	at org.hibernate.internal.SessionImpl.firePersist(SessionImpl.java:761)
	at org.hibernate.internal.SessionImpl.persist(SessionImpl.java:745)
	at java.base/jdk.internal.reflect.NativeMethodAccessorImpl.invoke0(Native Method)
	at java.base/jdk.internal.reflect.NativeMethodAccessorImpl.invoke(NativeMethodAccessorImpl.java:77)
	at java.base/jdk.internal.reflect.DelegatingMethodAccessorImpl.invoke(DelegatingMethodAccessorImpl.java:43)
	at java.base/java.lang.reflect.Method.invoke(Method.java:568)
	at org.springframework.orm.jpa.ExtendedEntityManagerCreator$ExtendedEntityManagerInvocationHandler.invoke(ExtendedEntityManagerCreator.java:364)
	at jdk.proxy4/jdk.proxy4.$Proxy134.persist(Unknown Source)
	at java.base/jdk.internal.reflect.NativeMethodAccessorImpl.invoke0(Native Method)
	at java.base/jdk.internal.reflect.NativeMethodAccessorImpl.invoke(NativeMethodAccessorImpl.java:77)
	at java.base/jdk.internal.reflect.DelegatingMethodAccessorImpl.invoke(DelegatingMethodAccessorImpl.java:43)
	at java.base/java.lang.reflect.Method.invoke(Method.java:568)
	at org.springframework.orm.jpa.SharedEntityManagerCreator$SharedEntityManagerInvocationHandler.invoke(SharedEntityManagerCreator.java:320)
	at jdk.proxy4/jdk.proxy4.$Proxy134.persist(Unknown Source)
	at org.springframework.data.jpa.repository.support.SimpleJpaRepository.save(SimpleJpaRepository.java:627)
	at java.base/jdk.internal.reflect.NativeMethodAccessorImpl.invoke0(Native Method)
	at java.base/jdk.internal.reflect.NativeMethodAccessorImpl.invoke(NativeMethodAccessorImpl.java:77)
	at java.base/jdk.internal.reflect.DelegatingMethodAccessorImpl.invoke(DelegatingMethodAccessorImpl.java:43)
	at java.base/java.lang.reflect.Method.invoke(Method.java:568)
	at org.springframework.aop.support.AopUtils.invokeJoinpointUsingReflection(AopUtils.java:359)
	at org.springframework.data.repository.core.support.RepositoryMethodInvoker$RepositoryFragmentMethodInvoker.lambda$new$0(RepositoryMethodInvoker.java:277)
	at org.springframework.data.repository.core.support.RepositoryMethodInvoker.doInvoke(RepositoryMethodInvoker.java:170)
	at org.springframework.data.repository.core.support.RepositoryMethodInvoker.invoke(RepositoryMethodInvoker.java:158)
	at org.springframework.data.repository.core.support.RepositoryComposition$RepositoryFragments.invoke(RepositoryComposition.java:515)
	at org.springframework.data.repository.core.support.RepositoryComposition.invoke(RepositoryComposition.java:284)
	at org.springframework.data.repository.core.support.RepositoryFactorySupport$ImplementationMethodExecutionInterceptor.invoke(RepositoryFactorySupport.java:752)
	at org.springframework.aop.framework.ReflectiveMethodInvocation.proceed(ReflectiveMethodInvocation.java:184)
	at org.springframework.data.repository.core.support.QueryExecutorMethodInterceptor.doInvoke(QueryExecutorMethodInterceptor.java:174)
	at org.springframework.data.repository.core.support.QueryExecutorMethodInterceptor.invoke(QueryExecutorMethodInterceptor.java:149)
	at org.springframework.aop.framework.ReflectiveMethodInvocation.proceed(ReflectiveMethodInvocation.java:184)
	at org.springframework.data.projection.DefaultMethodInvokingMethodInterceptor.invoke(DefaultMethodInvokingMethodInterceptor.java:69)
	at org.springframework.aop.framework.ReflectiveMethodInvocation.proceed(ReflectiveMethodInvocation.java:184)
	at org.springframework.transaction.interceptor.TransactionAspectSupport.invokeWithinTransaction(TransactionAspectSupport.java:380)
	at org.springframework.transaction.interceptor.TransactionInterceptor.invoke(TransactionInterceptor.java:119)
	at org.springframework.aop.framework.ReflectiveMethodInvocation.proceed(ReflectiveMethodInvocation.java:184)
	at org.springframework.dao.support.PersistenceExceptionTranslationInterceptor.invoke(PersistenceExceptionTranslationInterceptor.java:138)
	at org.springframework.aop.framework.ReflectiveMethodInvocation.proceed(ReflectiveMethodInvocation.java:184)
	at org.springframework.data.jpa.repository.support.CrudMethodMetadataPostProcessor$CrudMethodMetadataPopulatingMethodInterceptor.invoke(CrudMethodMetadataPostProcessor.java:165)
	at org.springframework.aop.framework.ReflectiveMethodInvocation.proceed(ReflectiveMethodInvocation.java:184)
	at org.springframework.data.repository.core.support.MethodInvocationValidator.invoke(MethodInvocationValidator.java:96)
	at org.springframework.aop.framework.ReflectiveMethodInvocation.proceed(ReflectiveMethodInvocation.java:184)
	at org.springframework.aop.framework.JdkDynamicAopProxy.invoke(JdkDynamicAopProxy.java:223)
	at jdk.proxy4/jdk.proxy4.$Proxy138.save(Unknown Source)
	at com.personal.crud_pulsar.AuditLogService.saveAuditLog(AuditLogService.kt:9)
	at com.personal.crud_pulsar.HelloController.publishAuditEvent(HelloController.kt:305)
	at com.personal.crud_pulsar.HelloController.listUsers(HelloController.kt:197)
	at java.base/jdk.internal.reflect.NativeMethodAccessorImpl.invoke0(Native Method)
	at java.base/jdk.internal.reflect.NativeMethodAccessorImpl.invoke(NativeMethodAccessorImpl.java:77)
	at java.base/jdk.internal.reflect.DelegatingMethodAccessorImpl.invoke(DelegatingMethodAccessorImpl.java:43)
	at java.base/java.lang.reflect.Method.invoke(Method.java:568)
	at kotlin.reflect.jvm.internal.calls.CallerImpl$Method.callMethod(CallerImpl.kt:97)
	at kotlin.reflect.jvm.internal.calls.CallerImpl$Method$Instance.call(CallerImpl.kt:113)
	at kotlin.reflect.jvm.internal.KCallableImpl.callDefaultMethod$kotlin_reflection(KCallableImpl.kt:207)
	at kotlin.reflect.jvm.internal.KCallableImpl.callBy(KCallableImpl.kt:112)
	at org.springframework.web.method.support.InvocableHandlerMethod$KotlinDelegate.invokeFunction(InvocableHandlerMethod.java:337)
	at org.springframework.web.method.support.InvocableHandlerMethod.doInvoke(InvocableHandlerMethod.java:254)
	at org.springframework.web.method.support.InvocableHandlerMethod.invokeForRequest(InvocableHandlerMethod.java:190)
	at org.springframework.web.servlet.mvc.method.annotation.ServletInvocableHandlerMethod.invokeAndHandle(ServletInvocableHandlerMethod.java:118)
	at org.springframework.web.servlet.mvc.method.annotation.RequestMappingHandlerAdapter.invokeHandlerMethod(RequestMappingHandlerAdapter.java:986)
	at org.springframework.web.servlet.mvc.method.annotation.RequestMappingHandlerAdapter.handleInternal(RequestMappingHandlerAdapter.java:891)
	at org.springframework.web.servlet.mvc.method.AbstractHandlerMethodAdapter.handle(AbstractHandlerMethodAdapter.java:87)
	at org.springframework.web.servlet.DispatcherServlet.doDispatch(DispatcherServlet.java:1088)
	at org.springframework.web.servlet.DispatcherServlet.doService(DispatcherServlet.java:978)
	at org.springframework.web.servlet.FrameworkServlet.processRequest(FrameworkServlet.java:1014)
	at org.springframework.web.servlet.FrameworkServlet.doGet(FrameworkServlet.java:903)
	at jakarta.servlet.http.HttpServlet.service(HttpServlet.java:564)
	at org.springframework.web.servlet.FrameworkServlet.service(FrameworkServlet.java:885)
	at jakarta.servlet.http.HttpServlet.service(HttpServlet.java:658)
	at org.apache.catalina.core.ApplicationFilterChain.internalDoFilter(ApplicationFilterChain.java:195)
	at org.apache.catalina.core.ApplicationFilterChain.doFilter(ApplicationFilterChain.java:140)
	at org.apache.tomcat.websocket.server.WsFilter.doFilter(WsFilter.java:51)
	at org.apache.catalina.core.ApplicationFilterChain.internalDoFilter(ApplicationFilterChain.java:164)
	at org.apache.catalina.core.ApplicationFilterChain.doFilter(ApplicationFilterChain.java:140)
	at org.springframework.web.filter.RequestContextFilter.doFilterInternal(RequestContextFilter.java:100)
	at org.springframework.web.filter.OncePerRequestFilter.doFilter(OncePerRequestFilter.java:116)
	at org.apache.catalina.core.ApplicationFilterChain.internalDoFilter(ApplicationFilterChain.java:164)
	at org.apache.catalina.core.ApplicationFilterChain.doFilter(ApplicationFilterChain.java:140)
	at org.springframework.web.filter.FormContentFilter.doFilterInternal(FormContentFilter.java:93)
	at org.springframework.web.filter.OncePerRequestFilter.doFilter(OncePerRequestFilter.java:116)
	at org.apache.catalina.core.ApplicationFilterChain.internalDoFilter(ApplicationFilterChain.java:164)
	at org.apache.catalina.core.ApplicationFilterChain.doFilter(ApplicationFilterChain.java:140)
	at org.springframework.web.filter.CharacterEncodingFilter.doFilterInternal(CharacterEncodingFilter.java:201)
	at org.springframework.web.filter.OncePerRequestFilter.doFilter(OncePerRequestFilter.java:116)
	at org.apache.catalina.core.ApplicationFilterChain.internalDoFilter(ApplicationFilterChain.java:164)
	at org.apache.catalina.core.ApplicationFilterChain.doFilter(ApplicationFilterChain.java:140)
	at org.apache.catalina.core.StandardWrapperValve.invoke(StandardWrapperValve.java:167)
	at org.apache.catalina.core.StandardContextValve.invoke(StandardContextValve.java:90)
	at org.apache.catalina.authenticator.AuthenticatorBase.invoke(AuthenticatorBase.java:483)
	at org.apache.catalina.core.StandardHostValve.invoke(StandardHostValve.java:115)
	at org.apache.catalina.valves.ErrorReportValve.invoke(ErrorReportValve.java:93)
	at org.apache.catalina.core.StandardEngineValve.invoke(StandardEngineValve.java:74)
	at org.apache.catalina.connector.CoyoteAdapter.service(CoyoteAdapter.java:344)
	at org.apache.coyote.http11.Http11Processor.service(Http11Processor.java:397)
	at org.apache.coyote.AbstractProcessorLight.process(AbstractProcessorLight.java:63)
	at org.apache.coyote.AbstractProtocol$ConnectionHandler.process(AbstractProtocol.java:905)
	at org.apache.tomcat.util.net.NioEndpoint$SocketProcessor.doRun(NioEndpoint.java:1741)
	at org.apache.tomcat.util.net.SocketProcessorBase.run(SocketProcessorBase.java:52)
	at org.apache.tomcat.util.threads.ThreadPoolExecutor.runWorker(ThreadPoolExecutor.java:1190)
	at org.apache.tomcat.util.threads.ThreadPoolExecutor$Worker.run(ThreadPoolExecutor.java:659)
	at org.apache.tomcat.util.threads.TaskThread$WrappingRunnable.run(TaskThread.java:63)
	at java.base/java.lang.Thread.run(Thread.java:842)
2025-01-28 15:05:52 [org.springframework.Pulsar.PulsarListenerEndpointContainer#0-0-C-1] INFO  c.personal.crud_pulsar.EventConsumer - EventConsumer::consumeTextEvent consumed events {"action":"Fetch Users","description":"Users fetched successfully","statusCode":200}
2025-01-28 15:05:52 [org.springframework.Pulsar.PulsarListenerEndpointContainer#0-0-C-1] INFO  c.personal.crud_pulsar.EventConsumer - EventConsumer::consumeTextEvent consumed events {"action":"Fetch Users","description":"Internal server error","statusCode":500}
2025-01-28 15:06:21 [SpringApplicationShutdownHook] INFO  o.s.b.w.e.tomcat.GracefulShutdown - Commencing graceful shutdown. Waiting for active requests to complete
2025-01-28 15:06:21 [tomcat-shutdown] INFO  o.s.b.w.e.tomcat.GracefulShutdown - Graceful shutdown complete
2025-01-28 15:06:21 [SpringApplicationShutdownHook] INFO  o.s.p.l.DefaultPulsarMessageListenerContainer - Pausing consumer
2025-01-28 15:06:21 [SpringApplicationShutdownHook] INFO  o.s.p.l.DefaultPulsarMessageListenerContainer - Closing consumer
2025-01-28 15:06:21 [pulsar-client-io-1-3] INFO  o.a.pulsar.client.impl.ConsumerImpl - [persistent://public/default/jt-raw-topic] [my-subscription] Closed consumer
2025-01-28 15:06:21 [SpringApplicationShutdownHook] INFO  o.s.p.l.DefaultPulsarMessageListenerContainer - Pausing consumer
2025-01-28 15:06:21 [SpringApplicationShutdownHook] INFO  o.s.p.l.DefaultPulsarMessageListenerContainer - Closing consumer
2025-01-28 15:06:21 [pulsar-client-io-1-3] INFO  o.a.pulsar.client.impl.ConsumerImpl - [persistent://public/default/jt-plain-topic] [my-subscription] Closed consumer
2025-01-28 15:06:21 [SpringApplicationShutdownHook] INFO  o.s.p.l.DefaultPulsarMessageListenerContainer - Pausing consumer
2025-01-28 15:06:21 [SpringApplicationShutdownHook] INFO  o.s.p.l.DefaultPulsarMessageListenerContainer - Closing consumer
2025-01-28 15:06:21 [pulsar-client-io-1-3] INFO  o.a.pulsar.client.impl.ConsumerImpl - [persistent://public/default/jt-raw-topic-dlq] [my-subscription-dlq] Closed consumer
2025-01-28 15:06:21 [SpringApplicationShutdownHook] INFO  o.a.p.c.i.ProducerStatsRecorderImpl - [persistent://public/default/jt-plain-topic] [standalone-0-5] --- Publish throughput: 0.10 msg/s --- 0.00 Mbit/s --- Latency: med: 6.000 ms - 95pct: 21.000 ms - 99pct: 21.000 ms - 99.9pct: 21.000 ms - max: 21.000 ms --- BatchSize: med: 1.000 - 95pct: 1.000 - 99pct: 1.000 - 99.9pct: 1.000 - max: 1.000 --- MsgSize: med: 79.000 bytes - 95pct: 84.000 bytes - 99pct: 84.000 bytes - 99.9pct: 84.000 bytes - max: 84.000 bytes --- Ack received rate: 0.10 ack/s --- Failed messages: 0 --- Pending messages: 0
2025-01-28 15:06:21 [pulsar-client-io-1-3] INFO  o.a.pulsar.client.impl.ProducerImpl - [persistent://public/default/jt-plain-topic] [standalone-0-5] Closed Producer
2025-01-28 15:06:21 [SpringApplicationShutdownHook] INFO  o.a.p.client.impl.PulsarClientImpl - Client closing. URL: pulsar://localhost:6650
2025-01-28 15:06:21 [pulsar-client-io-1-3] INFO  o.a.pulsar.client.impl.ClientCnx - [id: 0xf28bef83, L:/127.0.0.1:53928 ! R:localhost/127.0.0.1:6650] Disconnected
2025-01-28 15:06:23 [SpringApplicationShutdownHook] INFO  o.s.o.j.LocalContainerEntityManagerFactoryBean - Closing JPA EntityManagerFactory for persistence unit 'default'
2025-01-28 15:06:23 [SpringApplicationShutdownHook] INFO  com.zaxxer.hikari.HikariDataSource - HikariPool-1 - Shutdown initiated...
2025-01-28 15:06:23 [SpringApplicationShutdownHook] INFO  com.zaxxer.hikari.HikariDataSource - HikariPool-1 - Shutdown completed.
2025-01-28 15:06:33 [restartedMain] INFO  c.p.c.CrudPulsarApplicationKt - Starting CrudPulsarApplicationKt using Java 17.0.12 with PID 39633 (/Users/uttam.gowda/IdeaProjects/crud-pulsar -1/build/classes/kotlin/main started by uttam.gowda in /Users/uttam.gowda/IdeaProjects/crud-pulsar -1)
2025-01-28 15:06:33 [restartedMain] INFO  c.p.c.CrudPulsarApplicationKt - No active profile set, falling back to 1 default profile: "default"
2025-01-28 15:06:33 [restartedMain] INFO  o.s.b.d.restart.ChangeableUrls - The Class-Path manifest attribute in /Users/uttam.gowda/.gradle/caches/modules-2/files-2.1/org.springframework.pulsar/spring-pulsar-cache-provider-caffeine/1.2.1/c2b0ff3dd061069d916cb1df19e539eda19562e0/spring-pulsar-cache-provider-caffeine-1.2.1.jar referenced one or more files that do not exist: file:/Users/uttam.gowda/.gradle/caches/modules-2/files-2.1/org.springframework.pulsar/spring-pulsar-cache-provider-caffeine/1.2.1/c2b0ff3dd061069d916cb1df19e539eda19562e0/spring-pulsar-cache-provider-1.2.1.jar
2025-01-28 15:06:33 [restartedMain] INFO  o.s.b.d.e.DevToolsPropertyDefaultsPostProcessor - Devtools property defaults active! Set 'spring.devtools.add-properties' to 'false' to disable
2025-01-28 15:06:33 [restartedMain] INFO  o.s.b.d.e.DevToolsPropertyDefaultsPostProcessor - For additional web related logging consider setting the 'logging.level.web' property to 'DEBUG'
2025-01-28 15:06:34 [restartedMain] INFO  o.s.d.r.c.RepositoryConfigurationDelegate - Bootstrapping Spring Data JPA repositories in DEFAULT mode.
2025-01-28 15:06:34 [restartedMain] INFO  o.s.d.r.c.RepositoryConfigurationDelegate - Finished Spring Data repository scanning in 25 ms. Found 2 JPA repository interfaces.
2025-01-28 15:06:34 [restartedMain] INFO  o.s.b.w.e.tomcat.TomcatWebServer - Tomcat initialized with port 9191 (http)
2025-01-28 15:06:34 [restartedMain] INFO  o.a.catalina.core.StandardService - Starting service [Tomcat]
2025-01-28 15:06:34 [restartedMain] INFO  o.a.catalina.core.StandardEngine - Starting Servlet engine: [Apache Tomcat/10.1.34]
2025-01-28 15:06:34 [restartedMain] INFO  o.a.c.c.C.[Tomcat].[localhost].[/] - Initializing Spring embedded WebApplicationContext
2025-01-28 15:06:34 [restartedMain] INFO  o.s.b.w.s.c.ServletWebServerApplicationContext - Root WebApplicationContext: initialization completed in 843 ms
2025-01-28 15:06:34 [restartedMain] INFO  o.h.jpa.internal.util.LogHelper - HHH000204: Processing PersistenceUnitInfo [name: default]
2025-01-28 15:06:34 [restartedMain] INFO  org.hibernate.Version - HHH000412: Hibernate ORM core version 6.6.4.Final
2025-01-28 15:06:34 [restartedMain] INFO  o.h.c.i.RegionFactoryInitiator - HHH000026: Second-level cache disabled
2025-01-28 15:06:34 [restartedMain] INFO  o.s.o.j.p.SpringPersistenceUnitInfo - No LoadTimeWeaver setup: ignoring JPA class transformer
2025-01-28 15:06:34 [restartedMain] INFO  com.zaxxer.hikari.HikariDataSource - HikariPool-1 - Starting...
2025-01-28 15:06:34 [restartedMain] INFO  com.zaxxer.hikari.pool.HikariPool - HikariPool-1 - Added connection org.postgresql.jdbc.PgConnection@2aa26f4
2025-01-28 15:06:34 [restartedMain] INFO  com.zaxxer.hikari.HikariDataSource - HikariPool-1 - Start completed.
2025-01-28 15:06:35 [restartedMain] WARN  org.hibernate.orm.deprecation - HHH90000025: PostgreSQLDialect does not need to be specified explicitly using 'hibernate.dialect' (remove the property setting and it will be selected by default)
2025-01-28 15:06:35 [restartedMain] INFO  o.hibernate.orm.connections.pooling - HHH10001005: Database info:
	Database JDBC URL [Connecting through datasource 'HikariDataSource (HikariPool-1)']
	Database driver: undefined/unknown
	Database version: 17.2
	Autocommit mode: undefined/unknown
	Isolation level: undefined/unknown
	Minimum pool size: undefined/unknown
	Maximum pool size: undefined/unknown
2025-01-28 15:06:35 [restartedMain] INFO  o.h.e.t.j.p.i.JtaPlatformInitiator - HHH000489: No JTA platform available (set 'hibernate.transaction.jta.platform' to enable JTA platform integration)
2025-01-28 15:06:35 [restartedMain] INFO  o.s.o.j.LocalContainerEntityManagerFactoryBean - Initialized JPA EntityManagerFactory for persistence unit 'default'
2025-01-28 15:06:35 [restartedMain] INFO  o.s.p.c.DefaultPulsarClientFactory - Using restartable client
2025-01-28 15:06:35 [restartedMain] ERROR o.a.p.s.i.n.r.d.DnsServerAddressStreamProviders - Unable to load org.apache.pulsar.shade.io.netty.resolver.dns.macos.MacOSDnsServerAddressStreamProvider, fallback to system defaults. This may result in incorrect DNS resolutions on MacOS. Check whether you have a dependency on 'io.netty:netty-resolver-dns-native-macos'. Use DEBUG level to see the full stack: java.lang.UnsatisfiedLinkError: failed to load the required native library
2025-01-28 15:06:35 [restartedMain] WARN  o.a.p.c.util.netty.DnsResolverUtil - Cannot get DNS TTL settings from sun.net.InetAddressCachePolicy class
java.lang.IllegalAccessException: class org.apache.pulsar.common.util.netty.DnsResolverUtil cannot access class sun.net.InetAddressCachePolicy (in module java.base) because module java.base does not export sun.net to unnamed module @21bbf41
	at java.base/jdk.internal.reflect.Reflection.newIllegalAccessException(Reflection.java:392)
	at java.base/java.lang.reflect.AccessibleObject.checkAccess(AccessibleObject.java:674)
	at java.base/java.lang.reflect.Method.invoke(Method.java:560)
	at org.apache.pulsar.common.util.netty.DnsResolverUtil.<clinit>(DnsResolverUtil.java:46)
	at org.apache.pulsar.client.impl.ConnectionPool.createAddressResolver(ConnectionPool.java:159)
	at org.apache.pulsar.client.impl.ConnectionPool.lambda$new$1(ConnectionPool.java:126)
	at java.base/java.util.Optional.orElseGet(Optional.java:364)
	at org.apache.pulsar.client.impl.ConnectionPool.<init>(ConnectionPool.java:126)
	at org.apache.pulsar.client.impl.ConnectionPool.<init>(ConnectionPool.java:95)
	at org.apache.pulsar.client.impl.ConnectionPool.<init>(ConnectionPool.java:90)
	at org.apache.pulsar.client.impl.PulsarClientImpl.<init>(PulsarClientImpl.java:196)
	at org.apache.pulsar.client.impl.PulsarClientImpl.<init>(PulsarClientImpl.java:153)
	at org.apache.pulsar.client.impl.ClientBuilderImpl.build(ClientBuilderImpl.java:63)
	at org.springframework.pulsar.core.PulsarClientProxy.createInstance(PulsarClientProxy.java:97)
	at org.springframework.pulsar.core.PulsarClientProxy.createInstance(PulsarClientProxy.java:47)
	at org.springframework.pulsar.core.RestartableSingletonFactory.ensureInstanceCreated(RestartableSingletonFactory.java:72)
	at org.springframework.pulsar.core.RestartableSingletonFactory.afterPropertiesSet(RestartableSingletonFactory.java:61)
	at org.springframework.beans.factory.support.AbstractAutowireCapableBeanFactory.invokeInitMethods(AbstractAutowireCapableBeanFactory.java:1855)
	at org.springframework.beans.factory.support.AbstractAutowireCapableBeanFactory.initializeBean(AbstractAutowireCapableBeanFactory.java:1804)
	at org.springframework.beans.factory.support.AbstractAutowireCapableBeanFactory.doCreateBean(AbstractAutowireCapableBeanFactory.java:601)
	at org.springframework.beans.factory.support.AbstractAutowireCapableBeanFactory.createBean(AbstractAutowireCapableBeanFactory.java:523)
	at org.springframework.beans.factory.support.AbstractBeanFactory.lambda$doGetBean$0(AbstractBeanFactory.java:336)
	at org.springframework.beans.factory.support.DefaultSingletonBeanRegistry.getSingleton(DefaultSingletonBeanRegistry.java:289)
	at org.springframework.beans.factory.support.AbstractBeanFactory.doGetBean(AbstractBeanFactory.java:334)
	at org.springframework.beans.factory.support.AbstractBeanFactory.getBean(AbstractBeanFactory.java:199)
	at org.springframework.beans.factory.support.DefaultListableBeanFactory.doResolveDependency(DefaultListableBeanFactory.java:1573)
	at org.springframework.beans.factory.support.DefaultListableBeanFactory.resolveDependency(DefaultListableBeanFactory.java:1519)
	at org.springframework.beans.factory.support.ConstructorResolver.resolveAutowiredArgument(ConstructorResolver.java:913)
	at org.springframework.beans.factory.support.ConstructorResolver.createArgumentArray(ConstructorResolver.java:791)
	at org.springframework.beans.factory.support.ConstructorResolver.instantiateUsingFactoryMethod(ConstructorResolver.java:546)
	at org.springframework.beans.factory.support.AbstractAutowireCapableBeanFactory.instantiateUsingFactoryMethod(AbstractAutowireCapableBeanFactory.java:1357)
	at org.springframework.beans.factory.support.AbstractAutowireCapableBeanFactory.createBeanInstance(AbstractAutowireCapableBeanFactory.java:1187)
	at org.springframework.beans.factory.support.AbstractAutowireCapableBeanFactory.doCreateBean(AbstractAutowireCapableBeanFactory.java:563)
	at org.springframework.beans.factory.support.AbstractAutowireCapableBeanFactory.createBean(AbstractAutowireCapableBeanFactory.java:523)
	at org.springframework.beans.factory.support.AbstractBeanFactory.lambda$doGetBean$0(AbstractBeanFactory.java:336)
	at org.springframework.beans.factory.support.DefaultSingletonBeanRegistry.getSingleton(DefaultSingletonBeanRegistry.java:289)
	at org.springframework.beans.factory.support.AbstractBeanFactory.doGetBean(AbstractBeanFactory.java:334)
	at org.springframework.beans.factory.support.AbstractBeanFactory.getBean(AbstractBeanFactory.java:199)
	at org.springframework.beans.factory.config.DependencyDescriptor.resolveCandidate(DependencyDescriptor.java:254)
	at org.springframework.beans.factory.support.DefaultListableBeanFactory.doResolveDependency(DefaultListableBeanFactory.java:1631)
	at org.springframework.beans.factory.support.DefaultListableBeanFactory.resolveDependency(DefaultListableBeanFactory.java:1519)
	at org.springframework.beans.factory.support.ConstructorResolver.resolveAutowiredArgument(ConstructorResolver.java:913)
	at org.springframework.beans.factory.support.ConstructorResolver.createArgumentArray(ConstructorResolver.java:791)
	at org.springframework.beans.factory.support.ConstructorResolver.instantiateUsingFactoryMethod(ConstructorResolver.java:546)
	at org.springframework.beans.factory.support.AbstractAutowireCapableBeanFactory.instantiateUsingFactoryMethod(AbstractAutowireCapableBeanFactory.java:1357)
	at org.springframework.beans.factory.support.AbstractAutowireCapableBeanFactory.createBeanInstance(AbstractAutowireCapableBeanFactory.java:1187)
	at org.springframework.beans.factory.support.AbstractAutowireCapableBeanFactory.doCreateBean(AbstractAutowireCapableBeanFactory.java:563)
	at org.springframework.beans.factory.support.AbstractAutowireCapableBeanFactory.createBean(AbstractAutowireCapableBeanFactory.java:523)
	at org.springframework.beans.factory.support.AbstractBeanFactory.lambda$doGetBean$0(AbstractBeanFactory.java:336)
	at org.springframework.beans.factory.support.DefaultSingletonBeanRegistry.getSingleton(DefaultSingletonBeanRegistry.java:289)
	at org.springframework.beans.factory.support.AbstractBeanFactory.doGetBean(AbstractBeanFactory.java:334)
	at org.springframework.beans.factory.support.AbstractBeanFactory.getBean(AbstractBeanFactory.java:199)
	at org.springframework.beans.factory.config.DependencyDescriptor.resolveCandidate(DependencyDescriptor.java:254)
	at org.springframework.beans.factory.support.DefaultListableBeanFactory.doResolveDependency(DefaultListableBeanFactory.java:1631)
	at org.springframework.beans.factory.support.DefaultListableBeanFactory.resolveDependency(DefaultListableBeanFactory.java:1519)
	at org.springframework.beans.factory.support.ConstructorResolver.resolveAutowiredArgument(ConstructorResolver.java:913)
	at org.springframework.beans.factory.support.ConstructorResolver.createArgumentArray(ConstructorResolver.java:791)
	at org.springframework.beans.factory.support.ConstructorResolver.autowireConstructor(ConstructorResolver.java:240)
	at org.springframework.beans.factory.support.AbstractAutowireCapableBeanFactory.autowireConstructor(AbstractAutowireCapableBeanFactory.java:1377)
	at org.springframework.beans.factory.support.AbstractAutowireCapableBeanFactory.createBeanInstance(AbstractAutowireCapableBeanFactory.java:1214)
	at org.springframework.beans.factory.support.AbstractAutowireCapableBeanFactory.doCreateBean(AbstractAutowireCapableBeanFactory.java:563)
	at org.springframework.beans.factory.support.AbstractAutowireCapableBeanFactory.createBean(AbstractAutowireCapableBeanFactory.java:523)
	at org.springframework.beans.factory.support.AbstractBeanFactory.lambda$doGetBean$0(AbstractBeanFactory.java:336)
	at org.springframework.beans.factory.support.DefaultSingletonBeanRegistry.getSingleton(DefaultSingletonBeanRegistry.java:289)
	at org.springframework.beans.factory.support.AbstractBeanFactory.doGetBean(AbstractBeanFactory.java:334)
	at org.springframework.beans.factory.support.AbstractBeanFactory.getBean(AbstractBeanFactory.java:199)
	at org.springframework.beans.factory.support.DefaultListableBeanFactory.instantiateSingleton(DefaultListableBeanFactory.java:1122)
	at org.springframework.beans.factory.support.DefaultListableBeanFactory.preInstantiateSingleton(DefaultListableBeanFactory.java:1093)
	at org.springframework.beans.factory.support.DefaultListableBeanFactory.preInstantiateSingletons(DefaultListableBeanFactory.java:1030)
	at org.springframework.context.support.AbstractApplicationContext.finishBeanFactoryInitialization(AbstractApplicationContext.java:987)
	at org.springframework.context.support.AbstractApplicationContext.refresh(AbstractApplicationContext.java:627)
	at org.springframework.boot.web.servlet.context.ServletWebServerApplicationContext.refresh(ServletWebServerApplicationContext.java:146)
	at org.springframework.boot.SpringApplication.refresh(SpringApplication.java:752)
	at org.springframework.boot.SpringApplication.refreshContext(SpringApplication.java:439)
	at org.springframework.boot.SpringApplication.run(SpringApplication.java:318)
	at org.springframework.boot.SpringApplication.run(SpringApplication.java:1361)
	at org.springframework.boot.SpringApplication.run(SpringApplication.java:1350)
	at com.personal.crud_pulsar.CrudPulsarApplicationKt.main(CrudPulsarApplication.kt:15)
	at java.base/jdk.internal.reflect.NativeMethodAccessorImpl.invoke0(Native Method)
	at java.base/jdk.internal.reflect.NativeMethodAccessorImpl.invoke(NativeMethodAccessorImpl.java:77)
	at java.base/jdk.internal.reflect.DelegatingMethodAccessorImpl.invoke(DelegatingMethodAccessorImpl.java:43)
	at java.base/java.lang.reflect.Method.invoke(Method.java:568)
	at org.springframework.boot.devtools.restart.RestartLauncher.run(RestartLauncher.java:50)
2025-01-28 15:06:36 [restartedMain] WARN  o.s.b.a.o.j.JpaBaseConfiguration$JpaWebConfiguration - spring.jpa.open-in-view is enabled by default. Therefore, database queries may be performed during view rendering. Explicitly configure spring.jpa.open-in-view to disable this warning
2025-01-28 15:06:36 [restartedMain] INFO  o.s.b.d.a.OptionalLiveReloadServer - LiveReload server is running on port 35729
2025-01-28 15:06:36 [pulsar-client-io-1-3] INFO  o.a.p.client.impl.ConnectionPool - [[id: 0x12cba7ce, L:/127.0.0.1:53984 - R:localhost/127.0.0.1:6650]] Connected to server
2025-01-28 15:06:36 [pulsar-client-io-1-3] INFO  o.a.p.c.i.ConsumerStatsRecorderImpl - Starting Pulsar consumer status recorder with config: {"topicNames":["persistent://public/default/jt-raw-topic"],"topicsPattern":null,"subscriptionName":"my-subscription","subscriptionType":"Shared","subscriptionProperties":null,"subscriptionMode":"Durable","receiverQueueSize":1000,"acknowledgementsGroupTimeMicros":100000,"maxAcknowledgmentGroupSize":1000,"negativeAckRedeliveryDelayMicros":60000000,"maxTotalReceiverQueueSizeAcrossPartitions":50000,"consumerName":null,"ackTimeoutMillis":0,"tickDurationMillis":1000,"priorityLevel":0,"maxPendingChunkedMessage":10,"autoAckOldestChunkedMessageOnQueueFull":false,"expireTimeOfIncompleteChunkedMessageMillis":60000,"cryptoFailureAction":"FAIL","properties":{},"readCompacted":false,"subscriptionInitialPosition":"Latest","patternAutoDiscoveryPeriod":60,"regexSubscriptionMode":"PersistentOnly","deadLetterPolicy":{"maxRedeliverCount":3,"retryLetterTopic":"jt-raw-topic-retry","deadLetterTopic":"jt-raw-topic-dlq","initialSubscriptionName":null},"retryEnable":false,"autoUpdatePartitions":true,"autoUpdatePartitionsIntervalSeconds":60,"replicateSubscriptionState":false,"resetIncludeHead":false,"batchIndexAckEnabled":false,"ackReceiptEnabled":false,"poolMessages":false,"startPaused":false,"autoScaledReceiverQueueSizeEnabled":false,"topicConfigurations":[],"maxPendingChuckedMessage":10}
2025-01-28 15:06:36 [pulsar-client-io-1-3] INFO  o.a.p.c.i.ConsumerStatsRecorderImpl - Pulsar client config: {"serviceUrl":"pulsar://localhost:6650","authPluginClassName":null,"authParams":null,"authParamMap":null,"operationTimeoutMs":30000,"lookupTimeoutMs":30000,"statsIntervalSeconds":60,"numIoThreads":8,"numListenerThreads":8,"connectionsPerBroker":1,"connectionMaxIdleSeconds":180,"useTcpNoDelay":true,"useTls":false,"tlsKeyFilePath":null,"tlsCertificateFilePath":null,"tlsTrustCertsFilePath":null,"tlsAllowInsecureConnection":false,"tlsHostnameVerificationEnable":false,"concurrentLookupRequest":5000,"maxLookupRequest":50000,"maxLookupRedirects":20,"maxNumberOfRejectedRequestPerConnection":50,"keepAliveIntervalSeconds":30,"connectionTimeoutMs":10000,"requestTimeoutMs":60000,"readTimeoutMs":60000,"autoCertRefreshSeconds":300,"initialBackoffIntervalNanos":100000000,"maxBackoffIntervalNanos":60000000000,"enableBusyWait":false,"listenerName":null,"useKeyStoreTls":false,"sslProvider":null,"tlsKeyStoreType":"JKS","tlsKeyStorePath":null,"tlsKeyStorePassword":null,"tlsTrustStoreType":"JKS","tlsTrustStorePath":null,"tlsTrustStorePassword":null,"tlsCiphers":[],"tlsProtocols":[],"memoryLimitBytes":67108864,"proxyServiceUrl":null,"proxyProtocol":null,"enableTransaction":false,"dnsLookupBindAddress":null,"dnsLookupBindPort":0,"socks5ProxyAddress":null,"socks5ProxyUsername":null,"socks5ProxyPassword":null,"description":null}
2025-01-28 15:06:36 [pulsar-client-io-1-3] INFO  o.a.pulsar.client.impl.ConsumerImpl - [persistent://public/default/jt-raw-topic][my-subscription] Subscribing to topic on cnx [id: 0x12cba7ce, L:/127.0.0.1:53984 - R:localhost/127.0.0.1:6650], consumerId 0
2025-01-28 15:06:36 [pulsar-client-io-1-3] INFO  o.a.pulsar.client.impl.ConsumerImpl - [persistent://public/default/jt-raw-topic][my-subscription] Subscribed to topic on localhost/127.0.0.1:6650 -- consumer: 0
2025-01-28 15:06:36 [pulsar-client-io-1-3] INFO  o.a.p.c.i.ConsumerStatsRecorderImpl - Starting Pulsar consumer status recorder with config: {"topicNames":["persistent://public/default/jt-plain-topic"],"topicsPattern":null,"subscriptionName":"my-subscription","subscriptionType":"Shared","subscriptionProperties":null,"subscriptionMode":"Durable","receiverQueueSize":1000,"acknowledgementsGroupTimeMicros":100000,"maxAcknowledgmentGroupSize":1000,"negativeAckRedeliveryDelayMicros":60000000,"maxTotalReceiverQueueSizeAcrossPartitions":50000,"consumerName":null,"ackTimeoutMillis":0,"tickDurationMillis":1000,"priorityLevel":0,"maxPendingChunkedMessage":10,"autoAckOldestChunkedMessageOnQueueFull":false,"expireTimeOfIncompleteChunkedMessageMillis":60000,"cryptoFailureAction":"FAIL","properties":{},"readCompacted":false,"subscriptionInitialPosition":"Latest","patternAutoDiscoveryPeriod":60,"regexSubscriptionMode":"PersistentOnly","deadLetterPolicy":{"maxRedeliverCount":3,"retryLetterTopic":"jt-raw-topic-retry","deadLetterTopic":"jt-raw-topic-dlq","initialSubscriptionName":null},"retryEnable":false,"autoUpdatePartitions":true,"autoUpdatePartitionsIntervalSeconds":60,"replicateSubscriptionState":false,"resetIncludeHead":false,"batchIndexAckEnabled":false,"ackReceiptEnabled":false,"poolMessages":false,"startPaused":false,"autoScaledReceiverQueueSizeEnabled":false,"topicConfigurations":[],"maxPendingChuckedMessage":10}
2025-01-28 15:06:36 [pulsar-client-io-1-3] INFO  o.a.p.c.i.ConsumerStatsRecorderImpl - Pulsar client config: {"serviceUrl":"pulsar://localhost:6650","authPluginClassName":null,"authParams":null,"authParamMap":null,"operationTimeoutMs":30000,"lookupTimeoutMs":30000,"statsIntervalSeconds":60,"numIoThreads":8,"numListenerThreads":8,"connectionsPerBroker":1,"connectionMaxIdleSeconds":180,"useTcpNoDelay":true,"useTls":false,"tlsKeyFilePath":null,"tlsCertificateFilePath":null,"tlsTrustCertsFilePath":null,"tlsAllowInsecureConnection":false,"tlsHostnameVerificationEnable":false,"concurrentLookupRequest":5000,"maxLookupRequest":50000,"maxLookupRedirects":20,"maxNumberOfRejectedRequestPerConnection":50,"keepAliveIntervalSeconds":30,"connectionTimeoutMs":10000,"requestTimeoutMs":60000,"readTimeoutMs":60000,"autoCertRefreshSeconds":300,"initialBackoffIntervalNanos":100000000,"maxBackoffIntervalNanos":60000000000,"enableBusyWait":false,"listenerName":null,"useKeyStoreTls":false,"sslProvider":null,"tlsKeyStoreType":"JKS","tlsKeyStorePath":null,"tlsKeyStorePassword":null,"tlsTrustStoreType":"JKS","tlsTrustStorePath":null,"tlsTrustStorePassword":null,"tlsCiphers":[],"tlsProtocols":[],"memoryLimitBytes":67108864,"proxyServiceUrl":null,"proxyProtocol":null,"enableTransaction":false,"dnsLookupBindAddress":null,"dnsLookupBindPort":0,"socks5ProxyAddress":null,"socks5ProxyUsername":null,"socks5ProxyPassword":null,"description":null}
2025-01-28 15:06:36 [pulsar-client-io-1-3] INFO  o.a.pulsar.client.impl.ConsumerImpl - [persistent://public/default/jt-plain-topic][my-subscription] Subscribing to topic on cnx [id: 0x12cba7ce, L:/127.0.0.1:53984 - R:localhost/127.0.0.1:6650], consumerId 1
2025-01-28 15:06:36 [pulsar-client-io-1-3] INFO  o.a.pulsar.client.impl.ConsumerImpl - [persistent://public/default/jt-plain-topic][my-subscription] Subscribed to topic on localhost/127.0.0.1:6650 -- consumer: 1
2025-01-28 15:06:36 [pulsar-client-io-1-3] INFO  o.a.p.c.i.ConsumerStatsRecorderImpl - Starting Pulsar consumer status recorder with config: {"topicNames":["persistent://public/default/jt-raw-topic-dlq"],"topicsPattern":null,"subscriptionName":"my-subscription-dlq","subscriptionType":"Exclusive","subscriptionProperties":null,"subscriptionMode":"Durable","receiverQueueSize":1000,"acknowledgementsGroupTimeMicros":100000,"maxAcknowledgmentGroupSize":1000,"negativeAckRedeliveryDelayMicros":60000000,"maxTotalReceiverQueueSizeAcrossPartitions":50000,"consumerName":null,"ackTimeoutMillis":0,"tickDurationMillis":1000,"priorityLevel":0,"maxPendingChunkedMessage":10,"autoAckOldestChunkedMessageOnQueueFull":false,"expireTimeOfIncompleteChunkedMessageMillis":60000,"cryptoFailureAction":"FAIL","properties":{},"readCompacted":false,"subscriptionInitialPosition":"Latest","patternAutoDiscoveryPeriod":60,"regexSubscriptionMode":"PersistentOnly","deadLetterPolicy":{"maxRedeliverCount":3,"retryLetterTopic":"jt-raw-topic-retry","deadLetterTopic":"jt-raw-topic-dlq","initialSubscriptionName":null},"retryEnable":false,"autoUpdatePartitions":true,"autoUpdatePartitionsIntervalSeconds":60,"replicateSubscriptionState":false,"resetIncludeHead":false,"batchIndexAckEnabled":false,"ackReceiptEnabled":false,"poolMessages":false,"startPaused":false,"autoScaledReceiverQueueSizeEnabled":false,"topicConfigurations":[],"maxPendingChuckedMessage":10}
2025-01-28 15:06:36 [pulsar-client-io-1-3] INFO  o.a.p.c.i.ConsumerStatsRecorderImpl - Pulsar client config: {"serviceUrl":"pulsar://localhost:6650","authPluginClassName":null,"authParams":null,"authParamMap":null,"operationTimeoutMs":30000,"lookupTimeoutMs":30000,"statsIntervalSeconds":60,"numIoThreads":8,"numListenerThreads":8,"connectionsPerBroker":1,"connectionMaxIdleSeconds":180,"useTcpNoDelay":true,"useTls":false,"tlsKeyFilePath":null,"tlsCertificateFilePath":null,"tlsTrustCertsFilePath":null,"tlsAllowInsecureConnection":false,"tlsHostnameVerificationEnable":false,"concurrentLookupRequest":5000,"maxLookupRequest":50000,"maxLookupRedirects":20,"maxNumberOfRejectedRequestPerConnection":50,"keepAliveIntervalSeconds":30,"connectionTimeoutMs":10000,"requestTimeoutMs":60000,"readTimeoutMs":60000,"autoCertRefreshSeconds":300,"initialBackoffIntervalNanos":100000000,"maxBackoffIntervalNanos":60000000000,"enableBusyWait":false,"listenerName":null,"useKeyStoreTls":false,"sslProvider":null,"tlsKeyStoreType":"JKS","tlsKeyStorePath":null,"tlsKeyStorePassword":null,"tlsTrustStoreType":"JKS","tlsTrustStorePath":null,"tlsTrustStorePassword":null,"tlsCiphers":[],"tlsProtocols":[],"memoryLimitBytes":67108864,"proxyServiceUrl":null,"proxyProtocol":null,"enableTransaction":false,"dnsLookupBindAddress":null,"dnsLookupBindPort":0,"socks5ProxyAddress":null,"socks5ProxyUsername":null,"socks5ProxyPassword":null,"description":null}
2025-01-28 15:06:36 [pulsar-client-io-1-3] INFO  o.a.pulsar.client.impl.ConsumerImpl - [persistent://public/default/jt-raw-topic-dlq][my-subscription-dlq] Subscribing to topic on cnx [id: 0x12cba7ce, L:/127.0.0.1:53984 - R:localhost/127.0.0.1:6650], consumerId 2
2025-01-28 15:06:36 [pulsar-client-io-1-3] INFO  o.a.pulsar.client.impl.ConsumerImpl - [persistent://public/default/jt-raw-topic-dlq][my-subscription-dlq] Subscribed to topic on localhost/127.0.0.1:6650 -- consumer: 2
2025-01-28 15:06:36 [restartedMain] INFO  o.s.b.w.e.tomcat.TomcatWebServer - Tomcat started on port 9191 (http) with context path '/'
2025-01-28 15:06:36 [restartedMain] INFO  c.p.c.CrudPulsarApplicationKt - Started CrudPulsarApplicationKt in 3.268 seconds (process running for 3.565)
2025-01-28 15:06:42 [http-nio-9191-exec-2] INFO  o.a.c.c.C.[Tomcat].[localhost].[/] - Initializing Spring DispatcherServlet 'dispatcherServlet'
2025-01-28 15:06:42 [http-nio-9191-exec-2] INFO  o.s.web.servlet.DispatcherServlet - Initializing Servlet 'dispatcherServlet'
2025-01-28 15:06:42 [http-nio-9191-exec-2] INFO  o.s.web.servlet.DispatcherServlet - Completed initialization in 0 ms
2025-01-28 15:06:42 [http-nio-9191-exec-2] INFO  c.p.crud_pulsar.HelloController - Fetching all users
2025-01-28 15:06:42 [pulsar-client-io-1-3] INFO  o.a.p.c.i.ProducerStatsRecorderImpl - Starting Pulsar producer perf with config: {"topicName":"persistent://public/default/jt-plain-topic","producerName":null,"sendTimeoutMs":30000,"blockIfQueueFull":false,"maxPendingMessages":0,"maxPendingMessagesAcrossPartitions":0,"messageRoutingMode":"RoundRobinPartition","hashingScheme":"JavaStringHash","cryptoFailureAction":"FAIL","batchingMaxPublishDelayMicros":1000,"batchingPartitionSwitchFrequencyByPublishDelay":10,"batchingMaxMessages":1000,"batchingMaxBytes":131072,"batchingEnabled":true,"chunkingEnabled":false,"chunkMaxMessageSize":-1,"encryptionKeys":[],"compressionType":"NONE","initialSequenceId":null,"autoUpdatePartitions":true,"autoUpdatePartitionsIntervalSeconds":60,"multiSchema":true,"accessMode":"Shared","lazyStartPartitionedProducers":false,"properties":{},"initialSubscriptionName":null}
2025-01-28 15:06:42 [pulsar-client-io-1-3] INFO  o.a.p.c.i.ProducerStatsRecorderImpl - Pulsar client config: {"serviceUrl":"pulsar://localhost:6650","authPluginClassName":null,"authParams":null,"authParamMap":null,"operationTimeoutMs":30000,"lookupTimeoutMs":30000,"statsIntervalSeconds":60,"numIoThreads":8,"numListenerThreads":8,"connectionsPerBroker":1,"connectionMaxIdleSeconds":180,"useTcpNoDelay":true,"useTls":false,"tlsKeyFilePath":null,"tlsCertificateFilePath":null,"tlsTrustCertsFilePath":null,"tlsAllowInsecureConnection":false,"tlsHostnameVerificationEnable":false,"concurrentLookupRequest":5000,"maxLookupRequest":50000,"maxLookupRedirects":20,"maxNumberOfRejectedRequestPerConnection":50,"keepAliveIntervalSeconds":30,"connectionTimeoutMs":10000,"requestTimeoutMs":60000,"readTimeoutMs":60000,"autoCertRefreshSeconds":300,"initialBackoffIntervalNanos":100000000,"maxBackoffIntervalNanos":60000000000,"enableBusyWait":false,"listenerName":null,"useKeyStoreTls":false,"sslProvider":null,"tlsKeyStoreType":"JKS","tlsKeyStorePath":null,"tlsKeyStorePassword":null,"tlsTrustStoreType":"JKS","tlsTrustStorePath":null,"tlsTrustStorePassword":null,"tlsCiphers":[],"tlsProtocols":[],"memoryLimitBytes":67108864,"proxyServiceUrl":null,"proxyProtocol":null,"enableTransaction":false,"dnsLookupBindAddress":null,"dnsLookupBindPort":0,"socks5ProxyAddress":null,"socks5ProxyUsername":null,"socks5ProxyPassword":null,"description":null}
2025-01-28 15:06:42 [pulsar-client-io-1-3] INFO  o.a.pulsar.client.impl.ProducerImpl - [persistent://public/default/jt-plain-topic] [null] Creating producer on cnx [id: 0x12cba7ce, L:/127.0.0.1:53984 - R:localhost/127.0.0.1:6650]
2025-01-28 15:06:42 [pulsar-client-io-1-3] INFO  o.a.pulsar.client.impl.ProducerImpl - [persistent://public/default/jt-plain-topic] [standalone-0-6] Created producer on cnx [id: 0x12cba7ce, L:/127.0.0.1:53984 - R:localhost/127.0.0.1:6650]
2025-01-28 15:06:42 [http-nio-9191-exec-2] INFO  c.p.crud_pulsar.EventPublisher - EventPublisher::publishPlainMessage published the event: Fetched all users
2025-01-28 15:06:42 [org.springframework.Pulsar.PulsarListenerEndpointContainer#0-0-C-1] INFO  c.personal.crud_pulsar.EventConsumer - EventConsumer::consumeTextEvent consumed events Fetched all users
2025-01-28 15:06:42 [http-nio-9191-exec-2] INFO  c.p.crud_pulsar.EventPublisher - EventPublisher::publishPlainMessage published the event: {"action":"Fetch Users","description":"Users fetched successfully","statusCode":200}
2025-01-28 15:06:42 [http-nio-9191-exec-2] INFO  c.p.crud_pulsar.HelloController - Audit log saved to database: AuditLog(id=null, action=Fetch Users, description=Users fetched successfully, statusCode=200, timestamp=2025-01-28T15:06:42.515755)
2025-01-28 15:06:42 [org.springframework.Pulsar.PulsarListenerEndpointContainer#0-0-C-1] INFO  c.personal.crud_pulsar.EventConsumer - EventConsumer::consumeTextEvent consumed events {"action":"Fetch Users","description":"Users fetched successfully","statusCode":200}
2025-01-28 15:07:36 [pulsar-timer-27-1] INFO  o.a.p.c.i.ConsumerStatsRecorderImpl - [persistent://public/default/jt-plain-topic] [my-subscription] [24bfd] Prefetched messages: 0 --- Consume throughput received: 0.03 msgs/s --- 0.00 Mbit/s --- Ack sent rate: 0.03 ack/s --- Failed messages: 0 --- batch messages: 0 ---Failed acks: 0
2025-01-28 15:07:40 [SpringApplicationShutdownHook] INFO  o.s.b.w.e.tomcat.GracefulShutdown - Commencing graceful shutdown. Waiting for active requests to complete
2025-01-28 15:07:40 [tomcat-shutdown] INFO  o.s.b.w.e.tomcat.GracefulShutdown - Graceful shutdown complete
2025-01-28 15:07:40 [SpringApplicationShutdownHook] INFO  o.s.p.l.DefaultPulsarMessageListenerContainer - Pausing consumer
2025-01-28 15:07:40 [SpringApplicationShutdownHook] INFO  o.s.p.l.DefaultPulsarMessageListenerContainer - Closing consumer
2025-01-28 15:07:40 [pulsar-client-io-1-3] INFO  o.a.pulsar.client.impl.ConsumerImpl - [persistent://public/default/jt-raw-topic] [my-subscription] Closed consumer
2025-01-28 15:07:40 [SpringApplicationShutdownHook] INFO  o.s.p.l.DefaultPulsarMessageListenerContainer - Pausing consumer
2025-01-28 15:07:40 [SpringApplicationShutdownHook] INFO  o.s.p.l.DefaultPulsarMessageListenerContainer - Closing consumer
2025-01-28 15:07:40 [pulsar-client-io-1-3] INFO  o.a.pulsar.client.impl.ConsumerImpl - [persistent://public/default/jt-plain-topic] [my-subscription] Closed consumer
2025-01-28 15:07:40 [SpringApplicationShutdownHook] INFO  o.s.p.l.DefaultPulsarMessageListenerContainer - Pausing consumer
2025-01-28 15:07:40 [SpringApplicationShutdownHook] INFO  o.s.p.l.DefaultPulsarMessageListenerContainer - Closing consumer
2025-01-28 15:07:40 [pulsar-client-io-1-3] INFO  o.a.pulsar.client.impl.ConsumerImpl - [persistent://public/default/jt-raw-topic-dlq] [my-subscription-dlq] Closed consumer
2025-01-28 15:07:40 [SpringApplicationShutdownHook] INFO  o.a.p.c.i.ProducerStatsRecorderImpl - [persistent://public/default/jt-plain-topic] [standalone-0-6] --- Publish throughput: 0.03 msg/s --- 0.00 Mbit/s --- Latency: med: 19.000 ms - 95pct: 19.000 ms - 99pct: 19.000 ms - 99.9pct: 19.000 ms - max: 19.000 ms --- BatchSize: med: 1.000 - 95pct: 1.000 - 99pct: 1.000 - 99.9pct: 1.000 - max: 1.000 --- MsgSize: med: 84.000 bytes - 95pct: 84.000 bytes - 99pct: 84.000 bytes - 99.9pct: 84.000 bytes - max: 84.000 bytes --- Ack received rate: 0.03 ack/s --- Failed messages: 0 --- Pending messages: 0
2025-01-28 15:07:40 [pulsar-client-io-1-3] INFO  o.a.pulsar.client.impl.ProducerImpl - [persistent://public/default/jt-plain-topic] [standalone-0-6] Closed Producer
2025-01-28 15:07:40 [SpringApplicationShutdownHook] INFO  o.a.p.client.impl.PulsarClientImpl - Client closing. URL: pulsar://localhost:6650
2025-01-28 15:07:40 [pulsar-client-io-1-3] INFO  o.a.pulsar.client.impl.ClientCnx - [id: 0x12cba7ce, L:/127.0.0.1:53984 ! R:localhost/127.0.0.1:6650] Disconnected
2025-01-28 15:07:42 [SpringApplicationShutdownHook] INFO  o.s.o.j.LocalContainerEntityManagerFactoryBean - Closing JPA EntityManagerFactory for persistence unit 'default'
2025-01-28 15:07:42 [SpringApplicationShutdownHook] INFO  com.zaxxer.hikari.HikariDataSource - HikariPool-1 - Shutdown initiated...
2025-01-28 15:07:42 [SpringApplicationShutdownHook] INFO  com.zaxxer.hikari.HikariDataSource - HikariPool-1 - Shutdown completed.
2025-01-28 15:07:51 [restartedMain] INFO  c.p.c.CrudPulsarApplicationKt - Starting CrudPulsarApplicationKt using Java 17.0.12 with PID 39909 (/Users/uttam.gowda/IdeaProjects/crud-pulsar -1/build/classes/kotlin/main started by uttam.gowda in /Users/uttam.gowda/IdeaProjects/crud-pulsar -1)
2025-01-28 15:07:51 [restartedMain] INFO  c.p.c.CrudPulsarApplicationKt - No active profile set, falling back to 1 default profile: "default"
2025-01-28 15:07:51 [restartedMain] INFO  o.s.b.d.restart.ChangeableUrls - The Class-Path manifest attribute in /Users/uttam.gowda/.gradle/caches/modules-2/files-2.1/org.springframework.pulsar/spring-pulsar-cache-provider-caffeine/1.2.1/c2b0ff3dd061069d916cb1df19e539eda19562e0/spring-pulsar-cache-provider-caffeine-1.2.1.jar referenced one or more files that do not exist: file:/Users/uttam.gowda/.gradle/caches/modules-2/files-2.1/org.springframework.pulsar/spring-pulsar-cache-provider-caffeine/1.2.1/c2b0ff3dd061069d916cb1df19e539eda19562e0/spring-pulsar-cache-provider-1.2.1.jar
2025-01-28 15:07:51 [restartedMain] INFO  o.s.b.d.e.DevToolsPropertyDefaultsPostProcessor - Devtools property defaults active! Set 'spring.devtools.add-properties' to 'false' to disable
2025-01-28 15:07:51 [restartedMain] INFO  o.s.b.d.e.DevToolsPropertyDefaultsPostProcessor - For additional web related logging consider setting the 'logging.level.web' property to 'DEBUG'
2025-01-28 15:07:51 [restartedMain] INFO  o.s.d.r.c.RepositoryConfigurationDelegate - Bootstrapping Spring Data JPA repositories in DEFAULT mode.
2025-01-28 15:07:51 [restartedMain] INFO  o.s.d.r.c.RepositoryConfigurationDelegate - Finished Spring Data repository scanning in 27 ms. Found 2 JPA repository interfaces.
2025-01-28 15:07:52 [restartedMain] INFO  o.s.b.w.e.tomcat.TomcatWebServer - Tomcat initialized with port 9191 (http)
2025-01-28 15:07:52 [restartedMain] INFO  o.a.catalina.core.StandardService - Starting service [Tomcat]
2025-01-28 15:07:52 [restartedMain] INFO  o.a.catalina.core.StandardEngine - Starting Servlet engine: [Apache Tomcat/10.1.34]
2025-01-28 15:07:52 [restartedMain] INFO  o.a.c.c.C.[Tomcat].[localhost].[/] - Initializing Spring embedded WebApplicationContext
2025-01-28 15:07:52 [restartedMain] INFO  o.s.b.w.s.c.ServletWebServerApplicationContext - Root WebApplicationContext: initialization completed in 913 ms
2025-01-28 15:07:52 [restartedMain] INFO  o.h.jpa.internal.util.LogHelper - HHH000204: Processing PersistenceUnitInfo [name: default]
2025-01-28 15:07:52 [restartedMain] INFO  org.hibernate.Version - HHH000412: Hibernate ORM core version 6.6.4.Final
2025-01-28 15:07:52 [restartedMain] INFO  o.h.c.i.RegionFactoryInitiator - HHH000026: Second-level cache disabled
2025-01-28 15:07:52 [restartedMain] INFO  o.s.o.j.p.SpringPersistenceUnitInfo - No LoadTimeWeaver setup: ignoring JPA class transformer
2025-01-28 15:07:52 [restartedMain] INFO  com.zaxxer.hikari.HikariDataSource - HikariPool-1 - Starting...
2025-01-28 15:07:52 [restartedMain] INFO  com.zaxxer.hikari.pool.HikariPool - HikariPool-1 - Added connection org.postgresql.jdbc.PgConnection@190afc48
2025-01-28 15:07:52 [restartedMain] INFO  com.zaxxer.hikari.HikariDataSource - HikariPool-1 - Start completed.
2025-01-28 15:07:52 [restartedMain] WARN  org.hibernate.orm.deprecation - HHH90000025: PostgreSQLDialect does not need to be specified explicitly using 'hibernate.dialect' (remove the property setting and it will be selected by default)
2025-01-28 15:07:52 [restartedMain] INFO  o.hibernate.orm.connections.pooling - HHH10001005: Database info:
	Database JDBC URL [Connecting through datasource 'HikariDataSource (HikariPool-1)']
	Database driver: undefined/unknown
	Database version: 17.2
	Autocommit mode: undefined/unknown
	Isolation level: undefined/unknown
	Minimum pool size: undefined/unknown
	Maximum pool size: undefined/unknown
2025-01-28 15:07:53 [restartedMain] INFO  o.h.e.t.j.p.i.JtaPlatformInitiator - HHH000489: No JTA platform available (set 'hibernate.transaction.jta.platform' to enable JTA platform integration)
2025-01-28 15:07:53 [restartedMain] INFO  o.s.o.j.LocalContainerEntityManagerFactoryBean - Initialized JPA EntityManagerFactory for persistence unit 'default'
2025-01-28 15:07:53 [restartedMain] INFO  o.s.p.c.DefaultPulsarClientFactory - Using restartable client
2025-01-28 15:07:53 [restartedMain] ERROR o.a.p.s.i.n.r.d.DnsServerAddressStreamProviders - Unable to load org.apache.pulsar.shade.io.netty.resolver.dns.macos.MacOSDnsServerAddressStreamProvider, fallback to system defaults. This may result in incorrect DNS resolutions on MacOS. Check whether you have a dependency on 'io.netty:netty-resolver-dns-native-macos'. Use DEBUG level to see the full stack: java.lang.UnsatisfiedLinkError: failed to load the required native library
2025-01-28 15:07:53 [restartedMain] WARN  o.a.p.c.util.netty.DnsResolverUtil - Cannot get DNS TTL settings from sun.net.InetAddressCachePolicy class
java.lang.IllegalAccessException: class org.apache.pulsar.common.util.netty.DnsResolverUtil cannot access class sun.net.InetAddressCachePolicy (in module java.base) because module java.base does not export sun.net to unnamed module @2dd3bff
	at java.base/jdk.internal.reflect.Reflection.newIllegalAccessException(Reflection.java:392)
	at java.base/java.lang.reflect.AccessibleObject.checkAccess(AccessibleObject.java:674)
	at java.base/java.lang.reflect.Method.invoke(Method.java:560)
	at org.apache.pulsar.common.util.netty.DnsResolverUtil.<clinit>(DnsResolverUtil.java:46)
	at org.apache.pulsar.client.impl.ConnectionPool.createAddressResolver(ConnectionPool.java:159)
	at org.apache.pulsar.client.impl.ConnectionPool.lambda$new$1(ConnectionPool.java:126)
	at java.base/java.util.Optional.orElseGet(Optional.java:364)
	at org.apache.pulsar.client.impl.ConnectionPool.<init>(ConnectionPool.java:126)
	at org.apache.pulsar.client.impl.ConnectionPool.<init>(ConnectionPool.java:95)
	at org.apache.pulsar.client.impl.ConnectionPool.<init>(ConnectionPool.java:90)
	at org.apache.pulsar.client.impl.PulsarClientImpl.<init>(PulsarClientImpl.java:196)
	at org.apache.pulsar.client.impl.PulsarClientImpl.<init>(PulsarClientImpl.java:153)
	at org.apache.pulsar.client.impl.ClientBuilderImpl.build(ClientBuilderImpl.java:63)
	at org.springframework.pulsar.core.PulsarClientProxy.createInstance(PulsarClientProxy.java:97)
	at org.springframework.pulsar.core.PulsarClientProxy.createInstance(PulsarClientProxy.java:47)
	at org.springframework.pulsar.core.RestartableSingletonFactory.ensureInstanceCreated(RestartableSingletonFactory.java:72)
	at org.springframework.pulsar.core.RestartableSingletonFactory.afterPropertiesSet(RestartableSingletonFactory.java:61)
	at org.springframework.beans.factory.support.AbstractAutowireCapableBeanFactory.invokeInitMethods(AbstractAutowireCapableBeanFactory.java:1855)
	at org.springframework.beans.factory.support.AbstractAutowireCapableBeanFactory.initializeBean(AbstractAutowireCapableBeanFactory.java:1804)
	at org.springframework.beans.factory.support.AbstractAutowireCapableBeanFactory.doCreateBean(AbstractAutowireCapableBeanFactory.java:601)
	at org.springframework.beans.factory.support.AbstractAutowireCapableBeanFactory.createBean(AbstractAutowireCapableBeanFactory.java:523)
	at org.springframework.beans.factory.support.AbstractBeanFactory.lambda$doGetBean$0(AbstractBeanFactory.java:336)
	at org.springframework.beans.factory.support.DefaultSingletonBeanRegistry.getSingleton(DefaultSingletonBeanRegistry.java:289)
	at org.springframework.beans.factory.support.AbstractBeanFactory.doGetBean(AbstractBeanFactory.java:334)
	at org.springframework.beans.factory.support.AbstractBeanFactory.getBean(AbstractBeanFactory.java:199)
	at org.springframework.beans.factory.support.DefaultListableBeanFactory.doResolveDependency(DefaultListableBeanFactory.java:1573)
	at org.springframework.beans.factory.support.DefaultListableBeanFactory.resolveDependency(DefaultListableBeanFactory.java:1519)
	at org.springframework.beans.factory.support.ConstructorResolver.resolveAutowiredArgument(ConstructorResolver.java:913)
	at org.springframework.beans.factory.support.ConstructorResolver.createArgumentArray(ConstructorResolver.java:791)
	at org.springframework.beans.factory.support.ConstructorResolver.instantiateUsingFactoryMethod(ConstructorResolver.java:546)
	at org.springframework.beans.factory.support.AbstractAutowireCapableBeanFactory.instantiateUsingFactoryMethod(AbstractAutowireCapableBeanFactory.java:1357)
	at org.springframework.beans.factory.support.AbstractAutowireCapableBeanFactory.createBeanInstance(AbstractAutowireCapableBeanFactory.java:1187)
	at org.springframework.beans.factory.support.AbstractAutowireCapableBeanFactory.doCreateBean(AbstractAutowireCapableBeanFactory.java:563)
	at org.springframework.beans.factory.support.AbstractAutowireCapableBeanFactory.createBean(AbstractAutowireCapableBeanFactory.java:523)
	at org.springframework.beans.factory.support.AbstractBeanFactory.lambda$doGetBean$0(AbstractBeanFactory.java:336)
	at org.springframework.beans.factory.support.DefaultSingletonBeanRegistry.getSingleton(DefaultSingletonBeanRegistry.java:289)
	at org.springframework.beans.factory.support.AbstractBeanFactory.doGetBean(AbstractBeanFactory.java:334)
	at org.springframework.beans.factory.support.AbstractBeanFactory.getBean(AbstractBeanFactory.java:199)
	at org.springframework.beans.factory.config.DependencyDescriptor.resolveCandidate(DependencyDescriptor.java:254)
	at org.springframework.beans.factory.support.DefaultListableBeanFactory.doResolveDependency(DefaultListableBeanFactory.java:1631)
	at org.springframework.beans.factory.support.DefaultListableBeanFactory.resolveDependency(DefaultListableBeanFactory.java:1519)
	at org.springframework.beans.factory.support.ConstructorResolver.resolveAutowiredArgument(ConstructorResolver.java:913)
	at org.springframework.beans.factory.support.ConstructorResolver.createArgumentArray(ConstructorResolver.java:791)
	at org.springframework.beans.factory.support.ConstructorResolver.instantiateUsingFactoryMethod(ConstructorResolver.java:546)
	at org.springframework.beans.factory.support.AbstractAutowireCapableBeanFactory.instantiateUsingFactoryMethod(AbstractAutowireCapableBeanFactory.java:1357)
	at org.springframework.beans.factory.support.AbstractAutowireCapableBeanFactory.createBeanInstance(AbstractAutowireCapableBeanFactory.java:1187)
	at org.springframework.beans.factory.support.AbstractAutowireCapableBeanFactory.doCreateBean(AbstractAutowireCapableBeanFactory.java:563)
	at org.springframework.beans.factory.support.AbstractAutowireCapableBeanFactory.createBean(AbstractAutowireCapableBeanFactory.java:523)
	at org.springframework.beans.factory.support.AbstractBeanFactory.lambda$doGetBean$0(AbstractBeanFactory.java:336)
	at org.springframework.beans.factory.support.DefaultSingletonBeanRegistry.getSingleton(DefaultSingletonBeanRegistry.java:289)
	at org.springframework.beans.factory.support.AbstractBeanFactory.doGetBean(AbstractBeanFactory.java:334)
	at org.springframework.beans.factory.support.AbstractBeanFactory.getBean(AbstractBeanFactory.java:199)
	at org.springframework.beans.factory.config.DependencyDescriptor.resolveCandidate(DependencyDescriptor.java:254)
	at org.springframework.beans.factory.support.DefaultListableBeanFactory.doResolveDependency(DefaultListableBeanFactory.java:1631)
	at org.springframework.beans.factory.support.DefaultListableBeanFactory.resolveDependency(DefaultListableBeanFactory.java:1519)
	at org.springframework.beans.factory.support.ConstructorResolver.resolveAutowiredArgument(ConstructorResolver.java:913)
	at org.springframework.beans.factory.support.ConstructorResolver.createArgumentArray(ConstructorResolver.java:791)
	at org.springframework.beans.factory.support.ConstructorResolver.autowireConstructor(ConstructorResolver.java:240)
	at org.springframework.beans.factory.support.AbstractAutowireCapableBeanFactory.autowireConstructor(AbstractAutowireCapableBeanFactory.java:1377)
	at org.springframework.beans.factory.support.AbstractAutowireCapableBeanFactory.createBeanInstance(AbstractAutowireCapableBeanFactory.java:1214)
	at org.springframework.beans.factory.support.AbstractAutowireCapableBeanFactory.doCreateBean(AbstractAutowireCapableBeanFactory.java:563)
	at org.springframework.beans.factory.support.AbstractAutowireCapableBeanFactory.createBean(AbstractAutowireCapableBeanFactory.java:523)
	at org.springframework.beans.factory.support.AbstractBeanFactory.lambda$doGetBean$0(AbstractBeanFactory.java:336)
	at org.springframework.beans.factory.support.DefaultSingletonBeanRegistry.getSingleton(DefaultSingletonBeanRegistry.java:289)
	at org.springframework.beans.factory.support.AbstractBeanFactory.doGetBean(AbstractBeanFactory.java:334)
	at org.springframework.beans.factory.support.AbstractBeanFactory.getBean(AbstractBeanFactory.java:199)
	at org.springframework.beans.factory.support.DefaultListableBeanFactory.instantiateSingleton(DefaultListableBeanFactory.java:1122)
	at org.springframework.beans.factory.support.DefaultListableBeanFactory.preInstantiateSingleton(DefaultListableBeanFactory.java:1093)
	at org.springframework.beans.factory.support.DefaultListableBeanFactory.preInstantiateSingletons(DefaultListableBeanFactory.java:1030)
	at org.springframework.context.support.AbstractApplicationContext.finishBeanFactoryInitialization(AbstractApplicationContext.java:987)
	at org.springframework.context.support.AbstractApplicationContext.refresh(AbstractApplicationContext.java:627)
	at org.springframework.boot.web.servlet.context.ServletWebServerApplicationContext.refresh(ServletWebServerApplicationContext.java:146)
	at org.springframework.boot.SpringApplication.refresh(SpringApplication.java:752)
	at org.springframework.boot.SpringApplication.refreshContext(SpringApplication.java:439)
	at org.springframework.boot.SpringApplication.run(SpringApplication.java:318)
	at org.springframework.boot.SpringApplication.run(SpringApplication.java:1361)
	at org.springframework.boot.SpringApplication.run(SpringApplication.java:1350)
	at com.personal.crud_pulsar.CrudPulsarApplicationKt.main(CrudPulsarApplication.kt:15)
	at java.base/jdk.internal.reflect.NativeMethodAccessorImpl.invoke0(Native Method)
	at java.base/jdk.internal.reflect.NativeMethodAccessorImpl.invoke(NativeMethodAccessorImpl.java:77)
	at java.base/jdk.internal.reflect.DelegatingMethodAccessorImpl.invoke(DelegatingMethodAccessorImpl.java:43)
	at java.base/java.lang.reflect.Method.invoke(Method.java:568)
	at org.springframework.boot.devtools.restart.RestartLauncher.run(RestartLauncher.java:50)
2025-01-28 15:07:53 [restartedMain] WARN  o.s.b.a.o.j.JpaBaseConfiguration$JpaWebConfiguration - spring.jpa.open-in-view is enabled by default. Therefore, database queries may be performed during view rendering. Explicitly configure spring.jpa.open-in-view to disable this warning
2025-01-28 15:07:54 [restartedMain] INFO  o.s.b.d.a.OptionalLiveReloadServer - LiveReload server is running on port 35729
2025-01-28 15:07:54 [pulsar-client-io-1-3] INFO  o.a.p.client.impl.ConnectionPool - [[id: 0xe9ef1378, L:/127.0.0.1:54053 - R:localhost/127.0.0.1:6650]] Connected to server
2025-01-28 15:07:54 [pulsar-client-io-1-3] INFO  o.a.p.c.i.ConsumerStatsRecorderImpl - Starting Pulsar consumer status recorder with config: {"topicNames":["persistent://public/default/jt-raw-topic"],"topicsPattern":null,"subscriptionName":"my-subscription","subscriptionType":"Shared","subscriptionProperties":null,"subscriptionMode":"Durable","receiverQueueSize":1000,"acknowledgementsGroupTimeMicros":100000,"maxAcknowledgmentGroupSize":1000,"negativeAckRedeliveryDelayMicros":60000000,"maxTotalReceiverQueueSizeAcrossPartitions":50000,"consumerName":null,"ackTimeoutMillis":0,"tickDurationMillis":1000,"priorityLevel":0,"maxPendingChunkedMessage":10,"autoAckOldestChunkedMessageOnQueueFull":false,"expireTimeOfIncompleteChunkedMessageMillis":60000,"cryptoFailureAction":"FAIL","properties":{},"readCompacted":false,"subscriptionInitialPosition":"Latest","patternAutoDiscoveryPeriod":60,"regexSubscriptionMode":"PersistentOnly","deadLetterPolicy":{"maxRedeliverCount":3,"retryLetterTopic":"jt-raw-topic-retry","deadLetterTopic":"jt-raw-topic-dlq","initialSubscriptionName":null},"retryEnable":false,"autoUpdatePartitions":true,"autoUpdatePartitionsIntervalSeconds":60,"replicateSubscriptionState":false,"resetIncludeHead":false,"batchIndexAckEnabled":false,"ackReceiptEnabled":false,"poolMessages":false,"startPaused":false,"autoScaledReceiverQueueSizeEnabled":false,"topicConfigurations":[],"maxPendingChuckedMessage":10}
2025-01-28 15:07:54 [pulsar-client-io-1-3] INFO  o.a.p.c.i.ConsumerStatsRecorderImpl - Pulsar client config: {"serviceUrl":"pulsar://localhost:6650","authPluginClassName":null,"authParams":null,"authParamMap":null,"operationTimeoutMs":30000,"lookupTimeoutMs":30000,"statsIntervalSeconds":60,"numIoThreads":8,"numListenerThreads":8,"connectionsPerBroker":1,"connectionMaxIdleSeconds":180,"useTcpNoDelay":true,"useTls":false,"tlsKeyFilePath":null,"tlsCertificateFilePath":null,"tlsTrustCertsFilePath":null,"tlsAllowInsecureConnection":false,"tlsHostnameVerificationEnable":false,"concurrentLookupRequest":5000,"maxLookupRequest":50000,"maxLookupRedirects":20,"maxNumberOfRejectedRequestPerConnection":50,"keepAliveIntervalSeconds":30,"connectionTimeoutMs":10000,"requestTimeoutMs":60000,"readTimeoutMs":60000,"autoCertRefreshSeconds":300,"initialBackoffIntervalNanos":100000000,"maxBackoffIntervalNanos":60000000000,"enableBusyWait":false,"listenerName":null,"useKeyStoreTls":false,"sslProvider":null,"tlsKeyStoreType":"JKS","tlsKeyStorePath":null,"tlsKeyStorePassword":null,"tlsTrustStoreType":"JKS","tlsTrustStorePath":null,"tlsTrustStorePassword":null,"tlsCiphers":[],"tlsProtocols":[],"memoryLimitBytes":67108864,"proxyServiceUrl":null,"proxyProtocol":null,"enableTransaction":false,"dnsLookupBindAddress":null,"dnsLookupBindPort":0,"socks5ProxyAddress":null,"socks5ProxyUsername":null,"socks5ProxyPassword":null,"description":null}
2025-01-28 15:07:54 [pulsar-client-io-1-3] INFO  o.a.pulsar.client.impl.ConsumerImpl - [persistent://public/default/jt-raw-topic][my-subscription] Subscribing to topic on cnx [id: 0xe9ef1378, L:/127.0.0.1:54053 - R:localhost/127.0.0.1:6650], consumerId 0
2025-01-28 15:07:54 [pulsar-client-io-1-3] INFO  o.a.pulsar.client.impl.ConsumerImpl - [persistent://public/default/jt-raw-topic][my-subscription] Subscribed to topic on localhost/127.0.0.1:6650 -- consumer: 0
2025-01-28 15:07:54 [pulsar-client-io-1-3] INFO  o.a.p.c.i.ConsumerStatsRecorderImpl - Starting Pulsar consumer status recorder with config: {"topicNames":["persistent://public/default/jt-plain-topic"],"topicsPattern":null,"subscriptionName":"my-subscription","subscriptionType":"Shared","subscriptionProperties":null,"subscriptionMode":"Durable","receiverQueueSize":1000,"acknowledgementsGroupTimeMicros":100000,"maxAcknowledgmentGroupSize":1000,"negativeAckRedeliveryDelayMicros":60000000,"maxTotalReceiverQueueSizeAcrossPartitions":50000,"consumerName":null,"ackTimeoutMillis":0,"tickDurationMillis":1000,"priorityLevel":0,"maxPendingChunkedMessage":10,"autoAckOldestChunkedMessageOnQueueFull":false,"expireTimeOfIncompleteChunkedMessageMillis":60000,"cryptoFailureAction":"FAIL","properties":{},"readCompacted":false,"subscriptionInitialPosition":"Latest","patternAutoDiscoveryPeriod":60,"regexSubscriptionMode":"PersistentOnly","deadLetterPolicy":{"maxRedeliverCount":3,"retryLetterTopic":"jt-raw-topic-retry","deadLetterTopic":"jt-raw-topic-dlq","initialSubscriptionName":null},"retryEnable":false,"autoUpdatePartitions":true,"autoUpdatePartitionsIntervalSeconds":60,"replicateSubscriptionState":false,"resetIncludeHead":false,"batchIndexAckEnabled":false,"ackReceiptEnabled":false,"poolMessages":false,"startPaused":false,"autoScaledReceiverQueueSizeEnabled":false,"topicConfigurations":[],"maxPendingChuckedMessage":10}
2025-01-28 15:07:54 [pulsar-client-io-1-3] INFO  o.a.p.c.i.ConsumerStatsRecorderImpl - Pulsar client config: {"serviceUrl":"pulsar://localhost:6650","authPluginClassName":null,"authParams":null,"authParamMap":null,"operationTimeoutMs":30000,"lookupTimeoutMs":30000,"statsIntervalSeconds":60,"numIoThreads":8,"numListenerThreads":8,"connectionsPerBroker":1,"connectionMaxIdleSeconds":180,"useTcpNoDelay":true,"useTls":false,"tlsKeyFilePath":null,"tlsCertificateFilePath":null,"tlsTrustCertsFilePath":null,"tlsAllowInsecureConnection":false,"tlsHostnameVerificationEnable":false,"concurrentLookupRequest":5000,"maxLookupRequest":50000,"maxLookupRedirects":20,"maxNumberOfRejectedRequestPerConnection":50,"keepAliveIntervalSeconds":30,"connectionTimeoutMs":10000,"requestTimeoutMs":60000,"readTimeoutMs":60000,"autoCertRefreshSeconds":300,"initialBackoffIntervalNanos":100000000,"maxBackoffIntervalNanos":60000000000,"enableBusyWait":false,"listenerName":null,"useKeyStoreTls":false,"sslProvider":null,"tlsKeyStoreType":"JKS","tlsKeyStorePath":null,"tlsKeyStorePassword":null,"tlsTrustStoreType":"JKS","tlsTrustStorePath":null,"tlsTrustStorePassword":null,"tlsCiphers":[],"tlsProtocols":[],"memoryLimitBytes":67108864,"proxyServiceUrl":null,"proxyProtocol":null,"enableTransaction":false,"dnsLookupBindAddress":null,"dnsLookupBindPort":0,"socks5ProxyAddress":null,"socks5ProxyUsername":null,"socks5ProxyPassword":null,"description":null}
2025-01-28 15:07:54 [pulsar-client-io-1-3] INFO  o.a.pulsar.client.impl.ConsumerImpl - [persistent://public/default/jt-plain-topic][my-subscription] Subscribing to topic on cnx [id: 0xe9ef1378, L:/127.0.0.1:54053 - R:localhost/127.0.0.1:6650], consumerId 1
2025-01-28 15:07:54 [pulsar-client-io-1-3] INFO  o.a.pulsar.client.impl.ConsumerImpl - [persistent://public/default/jt-plain-topic][my-subscription] Subscribed to topic on localhost/127.0.0.1:6650 -- consumer: 1
2025-01-28 15:07:54 [pulsar-client-io-1-3] INFO  o.a.p.c.i.ConsumerStatsRecorderImpl - Starting Pulsar consumer status recorder with config: {"topicNames":["persistent://public/default/jt-raw-topic-dlq"],"topicsPattern":null,"subscriptionName":"my-subscription-dlq","subscriptionType":"Exclusive","subscriptionProperties":null,"subscriptionMode":"Durable","receiverQueueSize":1000,"acknowledgementsGroupTimeMicros":100000,"maxAcknowledgmentGroupSize":1000,"negativeAckRedeliveryDelayMicros":60000000,"maxTotalReceiverQueueSizeAcrossPartitions":50000,"consumerName":null,"ackTimeoutMillis":0,"tickDurationMillis":1000,"priorityLevel":0,"maxPendingChunkedMessage":10,"autoAckOldestChunkedMessageOnQueueFull":false,"expireTimeOfIncompleteChunkedMessageMillis":60000,"cryptoFailureAction":"FAIL","properties":{},"readCompacted":false,"subscriptionInitialPosition":"Latest","patternAutoDiscoveryPeriod":60,"regexSubscriptionMode":"PersistentOnly","deadLetterPolicy":{"maxRedeliverCount":3,"retryLetterTopic":"jt-raw-topic-retry","deadLetterTopic":"jt-raw-topic-dlq","initialSubscriptionName":null},"retryEnable":false,"autoUpdatePartitions":true,"autoUpdatePartitionsIntervalSeconds":60,"replicateSubscriptionState":false,"resetIncludeHead":false,"batchIndexAckEnabled":false,"ackReceiptEnabled":false,"poolMessages":false,"startPaused":false,"autoScaledReceiverQueueSizeEnabled":false,"topicConfigurations":[],"maxPendingChuckedMessage":10}
2025-01-28 15:07:54 [pulsar-client-io-1-3] INFO  o.a.p.c.i.ConsumerStatsRecorderImpl - Pulsar client config: {"serviceUrl":"pulsar://localhost:6650","authPluginClassName":null,"authParams":null,"authParamMap":null,"operationTimeoutMs":30000,"lookupTimeoutMs":30000,"statsIntervalSeconds":60,"numIoThreads":8,"numListenerThreads":8,"connectionsPerBroker":1,"connectionMaxIdleSeconds":180,"useTcpNoDelay":true,"useTls":false,"tlsKeyFilePath":null,"tlsCertificateFilePath":null,"tlsTrustCertsFilePath":null,"tlsAllowInsecureConnection":false,"tlsHostnameVerificationEnable":false,"concurrentLookupRequest":5000,"maxLookupRequest":50000,"maxLookupRedirects":20,"maxNumberOfRejectedRequestPerConnection":50,"keepAliveIntervalSeconds":30,"connectionTimeoutMs":10000,"requestTimeoutMs":60000,"readTimeoutMs":60000,"autoCertRefreshSeconds":300,"initialBackoffIntervalNanos":100000000,"maxBackoffIntervalNanos":60000000000,"enableBusyWait":false,"listenerName":null,"useKeyStoreTls":false,"sslProvider":null,"tlsKeyStoreType":"JKS","tlsKeyStorePath":null,"tlsKeyStorePassword":null,"tlsTrustStoreType":"JKS","tlsTrustStorePath":null,"tlsTrustStorePassword":null,"tlsCiphers":[],"tlsProtocols":[],"memoryLimitBytes":67108864,"proxyServiceUrl":null,"proxyProtocol":null,"enableTransaction":false,"dnsLookupBindAddress":null,"dnsLookupBindPort":0,"socks5ProxyAddress":null,"socks5ProxyUsername":null,"socks5ProxyPassword":null,"description":null}
2025-01-28 15:07:54 [pulsar-client-io-1-3] INFO  o.a.pulsar.client.impl.ConsumerImpl - [persistent://public/default/jt-raw-topic-dlq][my-subscription-dlq] Subscribing to topic on cnx [id: 0xe9ef1378, L:/127.0.0.1:54053 - R:localhost/127.0.0.1:6650], consumerId 2
2025-01-28 15:07:54 [pulsar-client-io-1-3] INFO  o.a.pulsar.client.impl.ConsumerImpl - [persistent://public/default/jt-raw-topic-dlq][my-subscription-dlq] Subscribed to topic on localhost/127.0.0.1:6650 -- consumer: 2
2025-01-28 15:07:54 [restartedMain] INFO  o.s.b.w.e.tomcat.TomcatWebServer - Tomcat started on port 9191 (http) with context path '/'
2025-01-28 15:07:54 [restartedMain] INFO  c.p.c.CrudPulsarApplicationKt - Started CrudPulsarApplicationKt in 3.148 seconds (process running for 3.503)
2025-01-28 15:07:59 [http-nio-9191-exec-3] INFO  o.a.c.c.C.[Tomcat].[localhost].[/] - Initializing Spring DispatcherServlet 'dispatcherServlet'
2025-01-28 15:07:59 [http-nio-9191-exec-3] INFO  o.s.web.servlet.DispatcherServlet - Initializing Servlet 'dispatcherServlet'
2025-01-28 15:07:59 [http-nio-9191-exec-3] INFO  o.s.web.servlet.DispatcherServlet - Completed initialization in 1 ms
2025-01-28 15:07:59 [http-nio-9191-exec-3] INFO  c.p.crud_pulsar.HelloController - Fetching all users
2025-01-28 15:07:59 [pulsar-client-io-1-3] INFO  o.a.p.c.i.ProducerStatsRecorderImpl - Starting Pulsar producer perf with config: {"topicName":"persistent://public/default/jt-plain-topic","producerName":null,"sendTimeoutMs":30000,"blockIfQueueFull":false,"maxPendingMessages":0,"maxPendingMessagesAcrossPartitions":0,"messageRoutingMode":"RoundRobinPartition","hashingScheme":"JavaStringHash","cryptoFailureAction":"FAIL","batchingMaxPublishDelayMicros":1000,"batchingPartitionSwitchFrequencyByPublishDelay":10,"batchingMaxMessages":1000,"batchingMaxBytes":131072,"batchingEnabled":true,"chunkingEnabled":false,"chunkMaxMessageSize":-1,"encryptionKeys":[],"compressionType":"NONE","initialSequenceId":null,"autoUpdatePartitions":true,"autoUpdatePartitionsIntervalSeconds":60,"multiSchema":true,"accessMode":"Shared","lazyStartPartitionedProducers":false,"properties":{},"initialSubscriptionName":null}
2025-01-28 15:07:59 [pulsar-client-io-1-3] INFO  o.a.p.c.i.ProducerStatsRecorderImpl - Pulsar client config: {"serviceUrl":"pulsar://localhost:6650","authPluginClassName":null,"authParams":null,"authParamMap":null,"operationTimeoutMs":30000,"lookupTimeoutMs":30000,"statsIntervalSeconds":60,"numIoThreads":8,"numListenerThreads":8,"connectionsPerBroker":1,"connectionMaxIdleSeconds":180,"useTcpNoDelay":true,"useTls":false,"tlsKeyFilePath":null,"tlsCertificateFilePath":null,"tlsTrustCertsFilePath":null,"tlsAllowInsecureConnection":false,"tlsHostnameVerificationEnable":false,"concurrentLookupRequest":5000,"maxLookupRequest":50000,"maxLookupRedirects":20,"maxNumberOfRejectedRequestPerConnection":50,"keepAliveIntervalSeconds":30,"connectionTimeoutMs":10000,"requestTimeoutMs":60000,"readTimeoutMs":60000,"autoCertRefreshSeconds":300,"initialBackoffIntervalNanos":100000000,"maxBackoffIntervalNanos":60000000000,"enableBusyWait":false,"listenerName":null,"useKeyStoreTls":false,"sslProvider":null,"tlsKeyStoreType":"JKS","tlsKeyStorePath":null,"tlsKeyStorePassword":null,"tlsTrustStoreType":"JKS","tlsTrustStorePath":null,"tlsTrustStorePassword":null,"tlsCiphers":[],"tlsProtocols":[],"memoryLimitBytes":67108864,"proxyServiceUrl":null,"proxyProtocol":null,"enableTransaction":false,"dnsLookupBindAddress":null,"dnsLookupBindPort":0,"socks5ProxyAddress":null,"socks5ProxyUsername":null,"socks5ProxyPassword":null,"description":null}
2025-01-28 15:07:59 [pulsar-client-io-1-3] INFO  o.a.pulsar.client.impl.ProducerImpl - [persistent://public/default/jt-plain-topic] [null] Creating producer on cnx [id: 0xe9ef1378, L:/127.0.0.1:54053 - R:localhost/127.0.0.1:6650]
2025-01-28 15:07:59 [pulsar-client-io-1-3] INFO  o.a.pulsar.client.impl.ProducerImpl - [persistent://public/default/jt-plain-topic] [standalone-0-7] Created producer on cnx [id: 0xe9ef1378, L:/127.0.0.1:54053 - R:localhost/127.0.0.1:6650]
2025-01-28 15:07:59 [http-nio-9191-exec-3] INFO  c.p.crud_pulsar.EventPublisher - EventPublisher::publishPlainMessage published the event: Fetched all users
2025-01-28 15:07:59 [org.springframework.Pulsar.PulsarListenerEndpointContainer#0-0-C-1] INFO  c.personal.crud_pulsar.EventConsumer - EventConsumer::consumeTextEvent consumed events Fetched all users
2025-01-28 15:07:59 [http-nio-9191-exec-3] INFO  c.p.crud_pulsar.EventPublisher - EventPublisher::publishPlainMessage published the event: {"action":"Fetch Users","description":"Users fetched successfully","statusCode":200}
2025-01-28 15:07:59 [http-nio-9191-exec-3] INFO  c.p.crud_pulsar.HelloController - Audit log saved to database: AuditLog(id=1, action=Fetch Users, description=Users fetched successfully, statusCode=200, timestamp=2025-01-28T15:07:59.699296)
2025-01-28 15:07:59 [org.springframework.Pulsar.PulsarListenerEndpointContainer#0-0-C-1] INFO  c.personal.crud_pulsar.EventConsumer - EventConsumer::consumeTextEvent consumed events {"action":"Fetch Users","description":"Users fetched successfully","statusCode":200}
2025-01-28 15:43:17 [HikariPool-1 housekeeper] WARN  com.zaxxer.hikari.pool.HikariPool - HikariPool-1 - Thread starvation or clock leap detected (housekeeper delta=34m54s324ms).
2025-01-28 15:43:18 [pulsar-timer-27-1] INFO  o.a.p.c.i.ConsumerStatsRecorderImpl - [persistent://public/default/jt-plain-topic] [my-subscription] [7eff2] Prefetched messages: 0 --- Consume throughput received: 0.03 msgs/s --- 0.00 Mbit/s --- Ack sent rate: 0.03 ack/s --- Failed messages: 0 --- batch messages: 0 ---Failed acks: 0
2025-01-28 15:43:23 [pulsar-timer-27-1] INFO  o.a.p.c.i.ProducerStatsRecorderImpl - [persistent://public/default/jt-plain-topic] [standalone-0-7] --- Publish throughput: 0.03 msg/s --- 0.00 Mbit/s --- Latency: med: 22.000 ms - 95pct: 22.000 ms - 99pct: 22.000 ms - 99.9pct: 22.000 ms - max: 22.000 ms --- BatchSize: med: 1.000 - 95pct: 1.000 - 99pct: 1.000 - 99.9pct: 1.000 - max: 1.000 --- MsgSize: med: 84.000 bytes - 95pct: 84.000 bytes - 99pct: 84.000 bytes - 99.9pct: 84.000 bytes - max: 84.000 bytes --- Ack received rate: 0.03 ack/s --- Failed messages: 0 --- Pending messages: 0
2025-01-28 15:43:25 [pulsar-client-io-1-3] INFO  o.a.pulsar.client.impl.ProducerImpl - [persistent://public/default/jt-plain-topic] [standalone-0-7] Closed Producer
2025-01-28 16:00:32 [SpringApplicationShutdownHook] INFO  o.s.b.w.e.tomcat.GracefulShutdown - Commencing graceful shutdown. Waiting for active requests to complete
2025-01-28 16:00:32 [tomcat-shutdown] INFO  o.s.b.w.e.tomcat.GracefulShutdown - Graceful shutdown complete
2025-01-28 16:00:32 [SpringApplicationShutdownHook] INFO  o.s.p.l.DefaultPulsarMessageListenerContainer - Pausing consumer
2025-01-28 16:00:32 [SpringApplicationShutdownHook] INFO  o.s.p.l.DefaultPulsarMessageListenerContainer - Closing consumer
2025-01-28 16:00:32 [pulsar-client-io-1-3] INFO  o.a.pulsar.client.impl.ConsumerImpl - [persistent://public/default/jt-raw-topic] [my-subscription] Closed consumer
2025-01-28 16:00:32 [SpringApplicationShutdownHook] INFO  o.s.p.l.DefaultPulsarMessageListenerContainer - Pausing consumer
2025-01-28 16:00:32 [SpringApplicationShutdownHook] INFO  o.s.p.l.DefaultPulsarMessageListenerContainer - Closing consumer
2025-01-28 16:00:32 [pulsar-client-io-1-3] INFO  o.a.pulsar.client.impl.ConsumerImpl - [persistent://public/default/jt-plain-topic] [my-subscription] Closed consumer
2025-01-28 16:00:32 [SpringApplicationShutdownHook] INFO  o.s.p.l.DefaultPulsarMessageListenerContainer - Pausing consumer
2025-01-28 16:00:32 [SpringApplicationShutdownHook] INFO  o.s.p.l.DefaultPulsarMessageListenerContainer - Closing consumer
2025-01-28 16:00:32 [pulsar-client-io-1-3] INFO  o.a.pulsar.client.impl.ConsumerImpl - [persistent://public/default/jt-raw-topic-dlq] [my-subscription-dlq] Closed consumer
2025-01-28 16:00:32 [SpringApplicationShutdownHook] INFO  o.a.p.client.impl.PulsarClientImpl - Client closing. URL: pulsar://localhost:6650
2025-01-28 16:00:32 [pulsar-client-io-1-3] INFO  o.a.pulsar.client.impl.ClientCnx - [id: 0xe9ef1378, L:/127.0.0.1:54053 ! R:localhost/127.0.0.1:6650] Disconnected
2025-01-28 16:00:34 [SpringApplicationShutdownHook] INFO  o.s.o.j.LocalContainerEntityManagerFactoryBean - Closing JPA EntityManagerFactory for persistence unit 'default'
2025-01-28 16:00:34 [SpringApplicationShutdownHook] INFO  com.zaxxer.hikari.HikariDataSource - HikariPool-1 - Shutdown initiated...
2025-01-28 16:00:34 [SpringApplicationShutdownHook] INFO  com.zaxxer.hikari.HikariDataSource - HikariPool-1 - Shutdown completed.
2025-01-28 16:00:43 [Test worker] INFO  c.p.c.CrudPulsarApplicationTests - Starting CrudPulsarApplicationTests using Java 17.0.12 with PID 43574 (started by uttam.gowda in /Users/uttam.gowda/IdeaProjects/crud-pulsar -1)
2025-01-28 16:00:43 [Test worker] INFO  c.p.c.CrudPulsarApplicationTests - No active profile set, falling back to 1 default profile: "default"
2025-01-28 16:00:44 [Test worker] INFO  o.s.d.r.c.RepositoryConfigurationDelegate - Bootstrapping Spring Data JPA repositories in DEFAULT mode.
2025-01-28 16:00:44 [Test worker] INFO  o.s.d.r.c.RepositoryConfigurationDelegate - Finished Spring Data repository scanning in 28 ms. Found 2 JPA repository interfaces.
2025-01-28 16:00:44 [Test worker] WARN  o.s.c.s.PostProcessorRegistrationDelegate$BeanPostProcessorChecker - Bean 'org.springframework.retry.annotation.RetryConfiguration' of type [org.springframework.retry.annotation.RetryConfiguration] is not eligible for getting processed by all BeanPostProcessors (for example: not eligible for auto-proxying). Is this bean getting eagerly injected/applied to a currently created BeanPostProcessor [pulsarTemplateCustomizerPostProcessor]? Check the corresponding BeanPostProcessor declaration and its dependencies/advisors. If this bean does not have to be post-processed, declare it with ROLE_INFRASTRUCTURE.
2025-01-28 16:00:44 [Test worker] INFO  o.h.jpa.internal.util.LogHelper - HHH000204: Processing PersistenceUnitInfo [name: default]
2025-01-28 16:00:44 [Test worker] INFO  org.hibernate.Version - HHH000412: Hibernate ORM core version 6.6.4.Final
2025-01-28 16:00:44 [Test worker] INFO  o.h.c.i.RegionFactoryInitiator - HHH000026: Second-level cache disabled
2025-01-28 16:00:44 [Test worker] INFO  o.s.o.j.p.SpringPersistenceUnitInfo - No LoadTimeWeaver setup: ignoring JPA class transformer
2025-01-28 16:00:44 [Test worker] INFO  com.zaxxer.hikari.HikariDataSource - HikariPool-1 - Starting...
2025-01-28 16:00:44 [Test worker] INFO  com.zaxxer.hikari.pool.HikariPool - HikariPool-1 - Added connection org.postgresql.jdbc.PgConnection@be616f0
2025-01-28 16:00:44 [Test worker] INFO  com.zaxxer.hikari.HikariDataSource - HikariPool-1 - Start completed.
2025-01-28 16:00:44 [Test worker] WARN  org.hibernate.orm.deprecation - HHH90000025: PostgreSQLDialect does not need to be specified explicitly using 'hibernate.dialect' (remove the property setting and it will be selected by default)
2025-01-28 16:00:44 [Test worker] INFO  o.hibernate.orm.connections.pooling - HHH10001005: Database info:
	Database JDBC URL [Connecting through datasource 'HikariDataSource (HikariPool-1)']
	Database driver: undefined/unknown
	Database version: 17.2
	Autocommit mode: undefined/unknown
	Isolation level: undefined/unknown
	Minimum pool size: undefined/unknown
	Maximum pool size: undefined/unknown
2025-01-28 16:00:45 [Test worker] INFO  o.h.e.t.j.p.i.JtaPlatformInitiator - HHH000489: No JTA platform available (set 'hibernate.transaction.jta.platform' to enable JTA platform integration)
2025-01-28 16:00:45 [Test worker] INFO  o.s.o.j.LocalContainerEntityManagerFactoryBean - Initialized JPA EntityManagerFactory for persistence unit 'default'
2025-01-28 16:00:45 [Test worker] INFO  o.s.p.c.DefaultPulsarClientFactory - Using restartable client
2025-01-28 16:00:46 [Test worker] WARN  o.s.b.a.o.j.JpaBaseConfiguration$JpaWebConfiguration - spring.jpa.open-in-view is enabled by default. Therefore, database queries may be performed during view rendering. Explicitly configure spring.jpa.open-in-view to disable this warning
2025-01-28 16:00:46 [Test worker] WARN  o.s.w.c.s.GenericWebApplicationContext - Exception encountered during context initialization - cancelling refresh attempt: org.springframework.beans.factory.BeanCreationException: Error creating bean with name 'pulsarListenerContainerFactory' defined in class path resource [org/springframework/boot/autoconfigure/pulsar/PulsarAutoConfiguration.class]: Failed to instantiate [org.springframework.pulsar.config.ConcurrentPulsarListenerContainerFactory]: Factory method 'pulsarListenerContainerFactory' threw exception with message: 'org.springframework.retry.support.RetryTemplateBuilder org.springframework.retry.support.RetryTemplateBuilder.fixedBackoff(java.time.Duration)'
2025-01-28 16:00:46 [Test worker] INFO  o.a.p.client.impl.PulsarClientImpl - Client closing. URL: pulsar://localhost:6650
2025-01-28 16:00:48 [Test worker] INFO  o.s.o.j.LocalContainerEntityManagerFactoryBean - Closing JPA EntityManagerFactory for persistence unit 'default'
2025-01-28 16:00:48 [Test worker] INFO  com.zaxxer.hikari.HikariDataSource - HikariPool-1 - Shutdown initiated...
2025-01-28 16:00:48 [Test worker] INFO  com.zaxxer.hikari.HikariDataSource - HikariPool-1 - Shutdown completed.
2025-01-28 16:00:48 [Test worker] INFO  o.s.b.a.l.ConditionEvaluationReportLogger - 

Error starting ApplicationContext. To display the condition evaluation report re-run your application with 'debug' enabled.
2025-01-28 16:00:48 [Test worker] ERROR o.s.b.d.LoggingFailureAnalysisReporter - 

***************************
APPLICATION FAILED TO START
***************************

Description:

An attempt was made to call a method that does not exist. The attempt was made from the following location:

    org.springframework.pulsar.listener.PulsarContainerProperties.<init>(PulsarContainerProperties.java:111)

The following method did not exist:

    'org.springframework.retry.support.RetryTemplateBuilder org.springframework.retry.support.RetryTemplateBuilder.fixedBackoff(java.time.Duration)'

The calling method's class, org.springframework.pulsar.listener.PulsarContainerProperties, was loaded from the following location:

    jar:file:/Users/uttam.gowda/.gradle/caches/modules-2/files-2.1/org.springframework.pulsar/spring-pulsar/1.2.1/bda1ed7f51b2a96e8875e6176a1e890494a8a56b/spring-pulsar-1.2.1.jar!/org/springframework/pulsar/listener/PulsarContainerProperties.class

The called method's class, org.springframework.retry.support.RetryTemplateBuilder, is available from the following locations:

    jar:file:/Users/uttam.gowda/.gradle/caches/modules-2/files-2.1/org.springframework.retry/spring-retry/1.3.1/f8644c86f2be54623c3b336a56b54216841a3f22/spring-retry-1.3.1.jar!/org/springframework/retry/support/RetryTemplateBuilder.class

The called method's class hierarchy was loaded from the following locations:

    org.springframework.retry.support.RetryTemplateBuilder: file:/Users/uttam.gowda/.gradle/caches/modules-2/files-2.1/org.springframework.retry/spring-retry/1.3.1/f8644c86f2be54623c3b336a56b54216841a3f22/spring-retry-1.3.1.jar


Action:

Correct the classpath of your application so that it contains compatible versions of the classes org.springframework.pulsar.listener.PulsarContainerProperties and org.springframework.retry.support.RetryTemplateBuilder

2025-01-28 16:00:48 [Test worker] WARN  o.s.test.context.TestContextManager - Caught exception while allowing TestExecutionListener [org.springframework.test.context.web.ServletTestExecutionListener] to prepare test instance [com.personal.crud_pulsar.CrudPulsarApplicationTests@793577e0]
java.lang.IllegalStateException: Failed to load ApplicationContext for [WebMergedContextConfiguration@7ef706b0 testClass = com.personal.crud_pulsar.CrudPulsarApplicationTests, locations = [], classes = [com.personal.crud_pulsar.CrudPulsarApplication], contextInitializerClasses = [], activeProfiles = [], propertySourceDescriptors = [], propertySourceProperties = ["org.springframework.boot.test.context.SpringBootTestContextBootstrapper=true"], contextCustomizers = [org.springframework.boot.test.autoconfigure.OnFailureConditionReportContextCustomizerFactory$OnFailureConditionReportContextCustomizer@447a020, org.springframework.boot.test.autoconfigure.actuate.observability.ObservabilityContextCustomizerFactory$DisableObservabilityContextCustomizer@1f, org.springframework.boot.test.autoconfigure.properties.PropertyMappingContextCustomizer@0, org.springframework.boot.test.autoconfigure.web.servlet.WebDriverContextCustomizer@613a8ee1, org.springframework.boot.test.context.filter.ExcludeFilterContextCustomizer@6ebf0f36, org.springframework.boot.test.json.DuplicateJsonObjectContextCustomizerFactory$DuplicateJsonObjectContextCustomizer@2c5529ab, org.springframework.boot.test.mock.mockito.MockitoContextCustomizer@0, org.springframework.boot.test.web.client.TestRestTemplateContextCustomizer@50ecde95, org.springframework.boot.test.web.reactor.netty.DisableReactorResourceFactoryGlobalResourcesContextCustomizerFactory$DisableReactorResourceFactoryGlobalResourcesContextCustomizerCustomizer@12bd8a64, org.springframework.test.context.support.DynamicPropertiesContextCustomizer@0, org.springframework.boot.test.context.SpringBootTestAnnotation@8edf62df], resourceBasePath = "src/main/webapp", contextLoader = org.springframework.boot.test.context.SpringBootContextLoader, parent = null]
	at org.springframework.test.context.cache.DefaultCacheAwareContextLoaderDelegate.loadContext(DefaultCacheAwareContextLoaderDelegate.java:180)
	at org.springframework.test.context.support.DefaultTestContext.getApplicationContext(DefaultTestContext.java:130)
	at org.springframework.test.context.web.ServletTestExecutionListener.setUpRequestContextIfNecessary(ServletTestExecutionListener.java:191)
	at org.springframework.test.context.web.ServletTestExecutionListener.prepareTestInstance(ServletTestExecutionListener.java:130)
	at org.springframework.test.context.TestContextManager.prepareTestInstance(TestContextManager.java:260)
	at org.springframework.test.context.junit.jupiter.SpringExtension.postProcessTestInstance(SpringExtension.java:160)
	at org.junit.jupiter.engine.descriptor.ClassBasedTestDescriptor.lambda$invokeTestInstancePostProcessors$11(ClassBasedTestDescriptor.java:378)
	at org.junit.jupiter.engine.descriptor.ClassBasedTestDescriptor.executeAndMaskThrowable(ClassBasedTestDescriptor.java:383)
	at org.junit.jupiter.engine.descriptor.ClassBasedTestDescriptor.lambda$invokeTestInstancePostProcessors$12(ClassBasedTestDescriptor.java:378)
	at java.base/java.util.stream.ForEachOps$ForEachOp$OfRef.accept(ForEachOps.java:183)
	at java.base/java.util.stream.ReferencePipeline$3$1.accept(ReferencePipeline.java:197)
	at java.base/java.util.stream.ReferencePipeline$2$1.accept(ReferencePipeline.java:179)
	at java.base/java.util.stream.ReferencePipeline$3$1.accept(ReferencePipeline.java:197)
	at java.base/java.util.ArrayList$ArrayListSpliterator.forEachRemaining(ArrayList.java:1625)
	at java.base/java.util.stream.AbstractPipeline.copyInto(AbstractPipeline.java:509)
	at java.base/java.util.stream.AbstractPipeline.wrapAndCopyInto(AbstractPipeline.java:499)
	at java.base/java.util.stream.ForEachOps$ForEachOp.evaluateSequential(ForEachOps.java:150)
	at java.base/java.util.stream.ForEachOps$ForEachOp$OfRef.evaluateSequential(ForEachOps.java:173)
	at java.base/java.util.stream.AbstractPipeline.evaluate(AbstractPipeline.java:234)
	at java.base/java.util.stream.ReferencePipeline.forEach(ReferencePipeline.java:596)
	at org.junit.jupiter.engine.descriptor.ClassBasedTestDescriptor.invokeTestInstancePostProcessors(ClassBasedTestDescriptor.java:377)
	at org.junit.jupiter.engine.descriptor.ClassBasedTestDescriptor.lambda$instantiateAndPostProcessTestInstance$7(ClassBasedTestDescriptor.java:290)
	at org.junit.platform.engine.support.hierarchical.ThrowableCollector.execute(ThrowableCollector.java:73)
	at org.junit.jupiter.engine.descriptor.ClassBasedTestDescriptor.instantiateAndPostProcessTestInstance(ClassBasedTestDescriptor.java:289)
	at org.junit.jupiter.engine.descriptor.ClassBasedTestDescriptor.lambda$testInstancesProvider$5(ClassBasedTestDescriptor.java:279)
	at java.base/java.util.Optional.orElseGet(Optional.java:364)
	at org.junit.jupiter.engine.descriptor.ClassBasedTestDescriptor.lambda$testInstancesProvider$6(ClassBasedTestDescriptor.java:278)
	at org.junit.jupiter.engine.execution.TestInstancesProvider.getTestInstances(TestInstancesProvider.java:31)
	at org.junit.jupiter.engine.descriptor.TestMethodTestDescriptor.lambda$prepare$1(TestMethodTestDescriptor.java:105)
	at org.junit.platform.engine.support.hierarchical.ThrowableCollector.execute(ThrowableCollector.java:73)
	at org.junit.jupiter.engine.descriptor.TestMethodTestDescriptor.prepare(TestMethodTestDescriptor.java:104)
	at org.junit.jupiter.engine.descriptor.TestMethodTestDescriptor.prepare(TestMethodTestDescriptor.java:68)
	at org.junit.platform.engine.support.hierarchical.NodeTestTask.lambda$prepare$2(NodeTestTask.java:128)
	at org.junit.platform.engine.support.hierarchical.ThrowableCollector.execute(ThrowableCollector.java:73)
	at org.junit.platform.engine.support.hierarchical.NodeTestTask.prepare(NodeTestTask.java:128)
	at org.junit.platform.engine.support.hierarchical.NodeTestTask.execute(NodeTestTask.java:95)
	at java.base/java.util.ArrayList.forEach(ArrayList.java:1511)
	at org.junit.platform.engine.support.hierarchical.SameThreadHierarchicalTestExecutorService.invokeAll(SameThreadHierarchicalTestExecutorService.java:41)
	at org.junit.platform.engine.support.hierarchical.NodeTestTask.lambda$executeRecursively$6(NodeTestTask.java:160)
	at org.junit.platform.engine.support.hierarchical.ThrowableCollector.execute(ThrowableCollector.java:73)
	at org.junit.platform.engine.support.hierarchical.NodeTestTask.lambda$executeRecursively$8(NodeTestTask.java:146)
	at org.junit.platform.engine.support.hierarchical.Node.around(Node.java:137)
	at org.junit.platform.engine.support.hierarchical.NodeTestTask.lambda$executeRecursively$9(NodeTestTask.java:144)
	at org.junit.platform.engine.support.hierarchical.ThrowableCollector.execute(ThrowableCollector.java:73)
	at org.junit.platform.engine.support.hierarchical.NodeTestTask.executeRecursively(NodeTestTask.java:143)
	at org.junit.platform.engine.support.hierarchical.NodeTestTask.execute(NodeTestTask.java:100)
	at java.base/java.util.ArrayList.forEach(ArrayList.java:1511)
	at org.junit.platform.engine.support.hierarchical.SameThreadHierarchicalTestExecutorService.invokeAll(SameThreadHierarchicalTestExecutorService.java:41)
	at org.junit.platform.engine.support.hierarchical.NodeTestTask.lambda$executeRecursively$6(NodeTestTask.java:160)
	at org.junit.platform.engine.support.hierarchical.ThrowableCollector.execute(ThrowableCollector.java:73)
	at org.junit.platform.engine.support.hierarchical.NodeTestTask.lambda$executeRecursively$8(NodeTestTask.java:146)
	at org.junit.platform.engine.support.hierarchical.Node.around(Node.java:137)
	at org.junit.platform.engine.support.hierarchical.NodeTestTask.lambda$executeRecursively$9(NodeTestTask.java:144)
	at org.junit.platform.engine.support.hierarchical.ThrowableCollector.execute(ThrowableCollector.java:73)
	at org.junit.platform.engine.support.hierarchical.NodeTestTask.executeRecursively(NodeTestTask.java:143)
	at org.junit.platform.engine.support.hierarchical.NodeTestTask.execute(NodeTestTask.java:100)
	at org.junit.platform.engine.support.hierarchical.SameThreadHierarchicalTestExecutorService.submit(SameThreadHierarchicalTestExecutorService.java:35)
	at org.junit.platform.engine.support.hierarchical.HierarchicalTestExecutor.execute(HierarchicalTestExecutor.java:57)
	at org.junit.platform.engine.support.hierarchical.HierarchicalTestEngine.execute(HierarchicalTestEngine.java:54)
	at org.junit.platform.launcher.core.EngineExecutionOrchestrator.execute(EngineExecutionOrchestrator.java:198)
	at org.junit.platform.launcher.core.EngineExecutionOrchestrator.execute(EngineExecutionOrchestrator.java:169)
	at org.junit.platform.launcher.core.EngineExecutionOrchestrator.execute(EngineExecutionOrchestrator.java:93)
	at org.junit.platform.launcher.core.EngineExecutionOrchestrator.lambda$execute$0(EngineExecutionOrchestrator.java:58)
	at org.junit.platform.launcher.core.EngineExecutionOrchestrator.withInterceptedStreams(EngineExecutionOrchestrator.java:141)
	at org.junit.platform.launcher.core.EngineExecutionOrchestrator.execute(EngineExecutionOrchestrator.java:57)
	at org.junit.platform.launcher.core.DefaultLauncher.execute(DefaultLauncher.java:103)
	at org.junit.platform.launcher.core.DefaultLauncher.execute(DefaultLauncher.java:85)
	at org.junit.platform.launcher.core.DelegatingLauncher.execute(DelegatingLauncher.java:47)
	at org.gradle.api.internal.tasks.testing.junitplatform.JUnitPlatformTestClassProcessor$CollectAllTestClassesExecutor.processAllTestClasses(JUnitPlatformTestClassProcessor.java:124)
	at org.gradle.api.internal.tasks.testing.junitplatform.JUnitPlatformTestClassProcessor$CollectAllTestClassesExecutor.access$000(JUnitPlatformTestClassProcessor.java:99)
	at org.gradle.api.internal.tasks.testing.junitplatform.JUnitPlatformTestClassProcessor.stop(JUnitPlatformTestClassProcessor.java:94)
	at org.gradle.api.internal.tasks.testing.SuiteTestClassProcessor.stop(SuiteTestClassProcessor.java:63)
	at java.base/jdk.internal.reflect.NativeMethodAccessorImpl.invoke0(Native Method)
	at java.base/jdk.internal.reflect.NativeMethodAccessorImpl.invoke(NativeMethodAccessorImpl.java:77)
	at java.base/jdk.internal.reflect.DelegatingMethodAccessorImpl.invoke(DelegatingMethodAccessorImpl.java:43)
	at java.base/java.lang.reflect.Method.invoke(Method.java:568)
	at org.gradle.internal.dispatch.ReflectionDispatch.dispatch(ReflectionDispatch.java:36)
	at org.gradle.internal.dispatch.ReflectionDispatch.dispatch(ReflectionDispatch.java:24)
	at org.gradle.internal.dispatch.ContextClassLoaderDispatch.dispatch(ContextClassLoaderDispatch.java:33)
	at org.gradle.internal.dispatch.ProxyDispatchAdapter$DispatchingInvocationHandler.invoke(ProxyDispatchAdapter.java:92)
	at jdk.proxy1/jdk.proxy1.$Proxy4.stop(Unknown Source)
	at org.gradle.api.internal.tasks.testing.worker.TestWorker$3.run(TestWorker.java:200)
	at org.gradle.api.internal.tasks.testing.worker.TestWorker.executeAndMaintainThreadName(TestWorker.java:132)
	at org.gradle.api.internal.tasks.testing.worker.TestWorker.execute(TestWorker.java:103)
	at org.gradle.api.internal.tasks.testing.worker.TestWorker.execute(TestWorker.java:63)
	at org.gradle.process.internal.worker.child.ActionExecutionWorker.execute(ActionExecutionWorker.java:56)
	at org.gradle.process.internal.worker.child.SystemApplicationClassLoaderWorker.call(SystemApplicationClassLoaderWorker.java:121)
	at org.gradle.process.internal.worker.child.SystemApplicationClassLoaderWorker.call(SystemApplicationClassLoaderWorker.java:71)
	at worker.org.gradle.process.internal.worker.GradleWorkerMain.run(GradleWorkerMain.java:69)
	at worker.org.gradle.process.internal.worker.GradleWorkerMain.main(GradleWorkerMain.java:74)
Caused by: org.springframework.beans.factory.BeanCreationException: Error creating bean with name 'pulsarListenerContainerFactory' defined in class path resource [org/springframework/boot/autoconfigure/pulsar/PulsarAutoConfiguration.class]: Failed to instantiate [org.springframework.pulsar.config.ConcurrentPulsarListenerContainerFactory]: Factory method 'pulsarListenerContainerFactory' threw exception with message: 'org.springframework.retry.support.RetryTemplateBuilder org.springframework.retry.support.RetryTemplateBuilder.fixedBackoff(java.time.Duration)'
	at org.springframework.beans.factory.support.ConstructorResolver.instantiate(ConstructorResolver.java:657)
	at org.springframework.beans.factory.support.ConstructorResolver.instantiateUsingFactoryMethod(ConstructorResolver.java:645)
	at org.springframework.beans.factory.support.AbstractAutowireCapableBeanFactory.instantiateUsingFactoryMethod(AbstractAutowireCapableBeanFactory.java:1357)
	at org.springframework.beans.factory.support.AbstractAutowireCapableBeanFactory.createBeanInstance(AbstractAutowireCapableBeanFactory.java:1187)
	at org.springframework.beans.factory.support.AbstractAutowireCapableBeanFactory.doCreateBean(AbstractAutowireCapableBeanFactory.java:563)
	at org.springframework.beans.factory.support.AbstractAutowireCapableBeanFactory.createBean(AbstractAutowireCapableBeanFactory.java:523)
	at org.springframework.beans.factory.support.AbstractBeanFactory.lambda$doGetBean$0(AbstractBeanFactory.java:336)
	at org.springframework.beans.factory.support.DefaultSingletonBeanRegistry.getSingleton(DefaultSingletonBeanRegistry.java:289)
	at org.springframework.beans.factory.support.AbstractBeanFactory.doGetBean(AbstractBeanFactory.java:334)
	at org.springframework.beans.factory.support.AbstractBeanFactory.getBean(AbstractBeanFactory.java:199)
	at org.springframework.beans.factory.support.DefaultListableBeanFactory.instantiateSingleton(DefaultListableBeanFactory.java:1122)
	at org.springframework.beans.factory.support.DefaultListableBeanFactory.preInstantiateSingleton(DefaultListableBeanFactory.java:1093)
	at org.springframework.beans.factory.support.DefaultListableBeanFactory.preInstantiateSingletons(DefaultListableBeanFactory.java:1030)
	at org.springframework.context.support.AbstractApplicationContext.finishBeanFactoryInitialization(AbstractApplicationContext.java:987)
	at org.springframework.context.support.AbstractApplicationContext.refresh(AbstractApplicationContext.java:627)
	at org.springframework.boot.SpringApplication.refresh(SpringApplication.java:752)
	at org.springframework.boot.SpringApplication.refreshContext(SpringApplication.java:439)
	at org.springframework.boot.SpringApplication.run(SpringApplication.java:318)
	at org.springframework.boot.test.context.SpringBootContextLoader.lambda$loadContext$3(SpringBootContextLoader.java:137)
	at org.springframework.util.function.ThrowingSupplier.get(ThrowingSupplier.java:58)
	at org.springframework.util.function.ThrowingSupplier.get(ThrowingSupplier.java:46)
	at org.springframework.boot.SpringApplication.withHook(SpringApplication.java:1461)
	at org.springframework.boot.test.context.SpringBootContextLoader$ContextLoaderHook.run(SpringBootContextLoader.java:553)
	at org.springframework.boot.test.context.SpringBootContextLoader.loadContext(SpringBootContextLoader.java:137)
	at org.springframework.boot.test.context.SpringBootContextLoader.loadContext(SpringBootContextLoader.java:108)
	at org.springframework.test.context.cache.DefaultCacheAwareContextLoaderDelegate.loadContextInternal(DefaultCacheAwareContextLoaderDelegate.java:225)
	at org.springframework.test.context.cache.DefaultCacheAwareContextLoaderDelegate.loadContext(DefaultCacheAwareContextLoaderDelegate.java:152)
	... 89 common frames omitted
Caused by: org.springframework.beans.BeanInstantiationException: Failed to instantiate [org.springframework.pulsar.config.ConcurrentPulsarListenerContainerFactory]: Factory method 'pulsarListenerContainerFactory' threw exception with message: 'org.springframework.retry.support.RetryTemplateBuilder org.springframework.retry.support.RetryTemplateBuilder.fixedBackoff(java.time.Duration)'
	at org.springframework.beans.factory.support.SimpleInstantiationStrategy.lambda$instantiate$0(SimpleInstantiationStrategy.java:199)
	at org.springframework.beans.factory.support.SimpleInstantiationStrategy.instantiateWithFactoryMethod(SimpleInstantiationStrategy.java:88)
	at org.springframework.beans.factory.support.SimpleInstantiationStrategy.instantiate(SimpleInstantiationStrategy.java:168)
	at org.springframework.beans.factory.support.ConstructorResolver.instantiate(ConstructorResolver.java:653)
	... 115 common frames omitted
Caused by: java.lang.NoSuchMethodError: 'org.springframework.retry.support.RetryTemplateBuilder org.springframework.retry.support.RetryTemplateBuilder.fixedBackoff(java.time.Duration)'
	at org.springframework.pulsar.listener.PulsarContainerProperties.<init>(PulsarContainerProperties.java:111)
	at org.springframework.boot.autoconfigure.pulsar.PulsarAutoConfiguration.pulsarListenerContainerFactory(PulsarAutoConfiguration.java:182)
	at java.base/jdk.internal.reflect.NativeMethodAccessorImpl.invoke0(Native Method)
	at java.base/jdk.internal.reflect.NativeMethodAccessorImpl.invoke(NativeMethodAccessorImpl.java:77)
	at java.base/jdk.internal.reflect.DelegatingMethodAccessorImpl.invoke(DelegatingMethodAccessorImpl.java:43)
	at java.base/java.lang.reflect.Method.invoke(Method.java:568)
	at org.springframework.beans.factory.support.SimpleInstantiationStrategy.lambda$instantiate$0(SimpleInstantiationStrategy.java:171)
	... 118 common frames omitted
2025-01-28 16:03:20 [restartedMain] INFO  c.p.c.CrudPulsarApplicationKt - Starting CrudPulsarApplicationKt using Java 17.0.12 with PID 44109 (/Users/uttam.gowda/IdeaProjects/crud-pulsar -1/build/classes/kotlin/main started by uttam.gowda in /Users/uttam.gowda/IdeaProjects/crud-pulsar -1)
2025-01-28 16:03:20 [restartedMain] INFO  c.p.c.CrudPulsarApplicationKt - No active profile set, falling back to 1 default profile: "default"
2025-01-28 16:03:20 [restartedMain] WARN  o.s.c.a.AnnotationTypeMapping - Support for convention-based annotation attribute overrides is deprecated and will be removed in Spring Framework 7.0. Please annotate the following attributes in @org.springframework.retry.annotation.EnableRetry with appropriate @AliasFor declarations: [proxyTargetClass]
2025-01-28 16:03:20 [restartedMain] INFO  o.s.b.d.restart.ChangeableUrls - The Class-Path manifest attribute in /Users/uttam.gowda/.gradle/caches/modules-2/files-2.1/org.springframework.pulsar/spring-pulsar-cache-provider-caffeine/1.2.1/c2b0ff3dd061069d916cb1df19e539eda19562e0/spring-pulsar-cache-provider-caffeine-1.2.1.jar referenced one or more files that do not exist: file:/Users/uttam.gowda/.gradle/caches/modules-2/files-2.1/org.springframework.pulsar/spring-pulsar-cache-provider-caffeine/1.2.1/c2b0ff3dd061069d916cb1df19e539eda19562e0/spring-pulsar-cache-provider-1.2.1.jar
2025-01-28 16:03:20 [restartedMain] INFO  o.s.b.d.e.DevToolsPropertyDefaultsPostProcessor - Devtools property defaults active! Set 'spring.devtools.add-properties' to 'false' to disable
2025-01-28 16:03:20 [restartedMain] INFO  o.s.b.d.e.DevToolsPropertyDefaultsPostProcessor - For additional web related logging consider setting the 'logging.level.web' property to 'DEBUG'
2025-01-28 16:03:21 [restartedMain] INFO  o.s.d.r.c.RepositoryConfigurationDelegate - Bootstrapping Spring Data JPA repositories in DEFAULT mode.
2025-01-28 16:03:21 [restartedMain] INFO  o.s.d.r.c.RepositoryConfigurationDelegate - Finished Spring Data repository scanning in 25 ms. Found 2 JPA repository interfaces.
2025-01-28 16:03:21 [restartedMain] WARN  o.s.c.s.PostProcessorRegistrationDelegate$BeanPostProcessorChecker - Bean 'org.springframework.retry.annotation.RetryConfiguration' of type [org.springframework.retry.annotation.RetryConfiguration] is not eligible for getting processed by all BeanPostProcessors (for example: not eligible for auto-proxying). Is this bean getting eagerly injected/applied to a currently created BeanPostProcessor [pulsarTemplateCustomizerPostProcessor]? Check the corresponding BeanPostProcessor declaration and its dependencies/advisors. If this bean does not have to be post-processed, declare it with ROLE_INFRASTRUCTURE.
2025-01-28 16:03:21 [restartedMain] INFO  o.s.b.w.e.tomcat.TomcatWebServer - Tomcat initialized with port 9191 (http)
2025-01-28 16:03:21 [restartedMain] INFO  o.a.catalina.core.StandardService - Starting service [Tomcat]
2025-01-28 16:03:21 [restartedMain] INFO  o.a.catalina.core.StandardEngine - Starting Servlet engine: [Apache Tomcat/10.1.34]
2025-01-28 16:03:21 [restartedMain] INFO  o.a.c.c.C.[Tomcat].[localhost].[/] - Initializing Spring embedded WebApplicationContext
2025-01-28 16:03:21 [restartedMain] INFO  o.s.b.w.s.c.ServletWebServerApplicationContext - Root WebApplicationContext: initialization completed in 873 ms
2025-01-28 16:03:21 [restartedMain] INFO  o.h.jpa.internal.util.LogHelper - HHH000204: Processing PersistenceUnitInfo [name: default]
2025-01-28 16:03:21 [restartedMain] INFO  org.hibernate.Version - HHH000412: Hibernate ORM core version 6.6.4.Final
2025-01-28 16:03:21 [restartedMain] INFO  o.h.c.i.RegionFactoryInitiator - HHH000026: Second-level cache disabled
2025-01-28 16:03:21 [restartedMain] INFO  o.s.o.j.p.SpringPersistenceUnitInfo - No LoadTimeWeaver setup: ignoring JPA class transformer
2025-01-28 16:03:21 [restartedMain] INFO  com.zaxxer.hikari.HikariDataSource - HikariPool-1 - Starting...
2025-01-28 16:03:22 [restartedMain] INFO  com.zaxxer.hikari.pool.HikariPool - HikariPool-1 - Added connection org.postgresql.jdbc.PgConnection@34026608
2025-01-28 16:03:22 [restartedMain] INFO  com.zaxxer.hikari.HikariDataSource - HikariPool-1 - Start completed.
2025-01-28 16:03:22 [restartedMain] WARN  org.hibernate.orm.deprecation - HHH90000025: PostgreSQLDialect does not need to be specified explicitly using 'hibernate.dialect' (remove the property setting and it will be selected by default)
2025-01-28 16:03:22 [restartedMain] INFO  o.hibernate.orm.connections.pooling - HHH10001005: Database info:
	Database JDBC URL [Connecting through datasource 'HikariDataSource (HikariPool-1)']
	Database driver: undefined/unknown
	Database version: 17.2
	Autocommit mode: undefined/unknown
	Isolation level: undefined/unknown
	Minimum pool size: undefined/unknown
	Maximum pool size: undefined/unknown
2025-01-28 16:03:22 [restartedMain] INFO  o.h.e.t.j.p.i.JtaPlatformInitiator - HHH000489: No JTA platform available (set 'hibernate.transaction.jta.platform' to enable JTA platform integration)
2025-01-28 16:03:22 [restartedMain] INFO  o.s.o.j.LocalContainerEntityManagerFactoryBean - Initialized JPA EntityManagerFactory for persistence unit 'default'
2025-01-28 16:03:22 [restartedMain] INFO  o.s.p.c.DefaultPulsarClientFactory - Using restartable client
2025-01-28 16:03:23 [restartedMain] WARN  o.s.b.a.o.j.JpaBaseConfiguration$JpaWebConfiguration - spring.jpa.open-in-view is enabled by default. Therefore, database queries may be performed during view rendering. Explicitly configure spring.jpa.open-in-view to disable this warning
2025-01-28 16:03:23 [restartedMain] WARN  o.s.b.w.s.c.AnnotationConfigServletWebServerApplicationContext - Exception encountered during context initialization - cancelling refresh attempt: org.springframework.beans.factory.BeanCreationException: Error creating bean with name 'pulsarListenerContainerFactory' defined in class path resource [org/springframework/boot/autoconfigure/pulsar/PulsarAutoConfiguration.class]: Failed to instantiate [org.springframework.pulsar.config.ConcurrentPulsarListenerContainerFactory]: Factory method 'pulsarListenerContainerFactory' threw exception with message: 'org.springframework.retry.support.RetryTemplateBuilder org.springframework.retry.support.RetryTemplateBuilder.fixedBackoff(java.time.Duration)'
2025-01-28 16:03:23 [restartedMain] INFO  o.a.p.client.impl.PulsarClientImpl - Client closing. URL: pulsar://localhost:6650
2025-01-28 16:03:25 [restartedMain] INFO  o.s.o.j.LocalContainerEntityManagerFactoryBean - Closing JPA EntityManagerFactory for persistence unit 'default'
2025-01-28 16:03:25 [restartedMain] INFO  com.zaxxer.hikari.HikariDataSource - HikariPool-1 - Shutdown initiated...
2025-01-28 16:03:25 [restartedMain] INFO  com.zaxxer.hikari.HikariDataSource - HikariPool-1 - Shutdown completed.
2025-01-28 16:03:25 [restartedMain] INFO  o.a.catalina.core.StandardService - Stopping service [Tomcat]
2025-01-28 16:03:25 [restartedMain] INFO  o.s.b.a.l.ConditionEvaluationReportLogger - 

Error starting ApplicationContext. To display the condition evaluation report re-run your application with 'debug' enabled.
2025-01-28 16:03:25 [restartedMain] ERROR o.s.b.d.LoggingFailureAnalysisReporter - 

***************************
APPLICATION FAILED TO START
***************************

Description:

An attempt was made to call a method that does not exist. The attempt was made from the following location:

    org.springframework.pulsar.listener.PulsarContainerProperties.<init>(PulsarContainerProperties.java:111)

The following method did not exist:

    'org.springframework.retry.support.RetryTemplateBuilder org.springframework.retry.support.RetryTemplateBuilder.fixedBackoff(java.time.Duration)'

The calling method's class, org.springframework.pulsar.listener.PulsarContainerProperties, was loaded from the following location:

    jar:file:/Users/uttam.gowda/.gradle/caches/modules-2/files-2.1/org.springframework.pulsar/spring-pulsar/1.2.1/bda1ed7f51b2a96e8875e6176a1e890494a8a56b/spring-pulsar-1.2.1.jar!/org/springframework/pulsar/listener/PulsarContainerProperties.class

The called method's class, org.springframework.retry.support.RetryTemplateBuilder, is available from the following locations:

    jar:file:/Users/uttam.gowda/.gradle/caches/modules-2/files-2.1/org.springframework.retry/spring-retry/1.3.1/f8644c86f2be54623c3b336a56b54216841a3f22/spring-retry-1.3.1.jar!/org/springframework/retry/support/RetryTemplateBuilder.class

The called method's class hierarchy was loaded from the following locations:

    org.springframework.retry.support.RetryTemplateBuilder: file:/Users/uttam.gowda/.gradle/caches/modules-2/files-2.1/org.springframework.retry/spring-retry/1.3.1/f8644c86f2be54623c3b336a56b54216841a3f22/spring-retry-1.3.1.jar


Action:

Correct the classpath of your application so that it contains compatible versions of the classes org.springframework.pulsar.listener.PulsarContainerProperties and org.springframework.retry.support.RetryTemplateBuilder

2025-01-28 16:03:47 [Test worker] INFO  c.p.c.CrudPulsarApplicationTests - Starting CrudPulsarApplicationTests using Java 17.0.12 with PID 44215 (started by uttam.gowda in /Users/uttam.gowda/IdeaProjects/crud-pulsar -1)
2025-01-28 16:03:47 [Test worker] INFO  c.p.c.CrudPulsarApplicationTests - No active profile set, falling back to 1 default profile: "default"
2025-01-28 16:03:47 [Test worker] INFO  o.s.d.r.c.RepositoryConfigurationDelegate - Bootstrapping Spring Data JPA repositories in DEFAULT mode.
2025-01-28 16:03:47 [Test worker] INFO  o.s.d.r.c.RepositoryConfigurationDelegate - Finished Spring Data repository scanning in 31 ms. Found 2 JPA repository interfaces.
2025-01-28 16:03:47 [Test worker] WARN  o.s.c.s.PostProcessorRegistrationDelegate$BeanPostProcessorChecker - Bean 'org.springframework.retry.annotation.RetryConfiguration' of type [org.springframework.retry.annotation.RetryConfiguration] is not eligible for getting processed by all BeanPostProcessors (for example: not eligible for auto-proxying). Is this bean getting eagerly injected/applied to a currently created BeanPostProcessor [pulsarTemplateCustomizerPostProcessor]? Check the corresponding BeanPostProcessor declaration and its dependencies/advisors. If this bean does not have to be post-processed, declare it with ROLE_INFRASTRUCTURE.
2025-01-28 16:03:48 [Test worker] INFO  o.h.jpa.internal.util.LogHelper - HHH000204: Processing PersistenceUnitInfo [name: default]
2025-01-28 16:03:48 [Test worker] INFO  org.hibernate.Version - HHH000412: Hibernate ORM core version 6.6.4.Final
2025-01-28 16:03:48 [Test worker] INFO  o.h.c.i.RegionFactoryInitiator - HHH000026: Second-level cache disabled
2025-01-28 16:03:48 [Test worker] INFO  o.s.o.j.p.SpringPersistenceUnitInfo - No LoadTimeWeaver setup: ignoring JPA class transformer
2025-01-28 16:03:48 [Test worker] INFO  com.zaxxer.hikari.HikariDataSource - HikariPool-1 - Starting...
2025-01-28 16:03:48 [Test worker] INFO  com.zaxxer.hikari.pool.HikariPool - HikariPool-1 - Added connection org.postgresql.jdbc.PgConnection@6cd66f6a
2025-01-28 16:03:48 [Test worker] INFO  com.zaxxer.hikari.HikariDataSource - HikariPool-1 - Start completed.
2025-01-28 16:03:48 [Test worker] WARN  org.hibernate.orm.deprecation - HHH90000025: PostgreSQLDialect does not need to be specified explicitly using 'hibernate.dialect' (remove the property setting and it will be selected by default)
2025-01-28 16:03:48 [Test worker] INFO  o.hibernate.orm.connections.pooling - HHH10001005: Database info:
	Database JDBC URL [Connecting through datasource 'HikariDataSource (HikariPool-1)']
	Database driver: undefined/unknown
	Database version: 17.2
	Autocommit mode: undefined/unknown
	Isolation level: undefined/unknown
	Minimum pool size: undefined/unknown
	Maximum pool size: undefined/unknown
2025-01-28 16:03:48 [Test worker] INFO  o.h.e.t.j.p.i.JtaPlatformInitiator - HHH000489: No JTA platform available (set 'hibernate.transaction.jta.platform' to enable JTA platform integration)
2025-01-28 16:03:48 [Test worker] INFO  o.s.o.j.LocalContainerEntityManagerFactoryBean - Initialized JPA EntityManagerFactory for persistence unit 'default'
2025-01-28 16:03:49 [Test worker] INFO  o.s.p.c.DefaultPulsarClientFactory - Using restartable client
2025-01-28 16:03:49 [Test worker] ERROR o.a.p.s.i.n.r.d.DnsServerAddressStreamProviders - Unable to load org.apache.pulsar.shade.io.netty.resolver.dns.macos.MacOSDnsServerAddressStreamProvider, fallback to system defaults. This may result in incorrect DNS resolutions on MacOS. Check whether you have a dependency on 'io.netty:netty-resolver-dns-native-macos'. Use DEBUG level to see the full stack: java.lang.UnsatisfiedLinkError: failed to load the required native library
2025-01-28 16:03:49 [Test worker] WARN  o.a.p.c.util.netty.DnsResolverUtil - Cannot get DNS TTL settings from sun.net.InetAddressCachePolicy class
java.lang.IllegalAccessException: class org.apache.pulsar.common.util.netty.DnsResolverUtil cannot access class sun.net.InetAddressCachePolicy (in module java.base) because module java.base does not export sun.net to unnamed module @673bfdf3
	at java.base/jdk.internal.reflect.Reflection.newIllegalAccessException(Reflection.java:392)
	at java.base/java.lang.reflect.AccessibleObject.checkAccess(AccessibleObject.java:674)
	at java.base/java.lang.reflect.Method.invoke(Method.java:560)
	at org.apache.pulsar.common.util.netty.DnsResolverUtil.<clinit>(DnsResolverUtil.java:46)
	at org.apache.pulsar.client.impl.ConnectionPool.createAddressResolver(ConnectionPool.java:159)
	at org.apache.pulsar.client.impl.ConnectionPool.lambda$new$1(ConnectionPool.java:126)
	at java.base/java.util.Optional.orElseGet(Optional.java:364)
	at org.apache.pulsar.client.impl.ConnectionPool.<init>(ConnectionPool.java:126)
	at org.apache.pulsar.client.impl.ConnectionPool.<init>(ConnectionPool.java:95)
	at org.apache.pulsar.client.impl.ConnectionPool.<init>(ConnectionPool.java:90)
	at org.apache.pulsar.client.impl.PulsarClientImpl.<init>(PulsarClientImpl.java:196)
	at org.apache.pulsar.client.impl.PulsarClientImpl.<init>(PulsarClientImpl.java:153)
	at org.apache.pulsar.client.impl.ClientBuilderImpl.build(ClientBuilderImpl.java:63)
	at org.springframework.pulsar.core.PulsarClientProxy.createInstance(PulsarClientProxy.java:97)
	at org.springframework.pulsar.core.PulsarClientProxy.createInstance(PulsarClientProxy.java:47)
	at org.springframework.pulsar.core.RestartableSingletonFactory.ensureInstanceCreated(RestartableSingletonFactory.java:72)
	at org.springframework.pulsar.core.RestartableSingletonFactory.afterPropertiesSet(RestartableSingletonFactory.java:61)
	at org.springframework.beans.factory.support.AbstractAutowireCapableBeanFactory.invokeInitMethods(AbstractAutowireCapableBeanFactory.java:1855)
	at org.springframework.beans.factory.support.AbstractAutowireCapableBeanFactory.initializeBean(AbstractAutowireCapableBeanFactory.java:1804)
	at org.springframework.beans.factory.support.AbstractAutowireCapableBeanFactory.doCreateBean(AbstractAutowireCapableBeanFactory.java:601)
	at org.springframework.beans.factory.support.AbstractAutowireCapableBeanFactory.createBean(AbstractAutowireCapableBeanFactory.java:523)
	at org.springframework.beans.factory.support.AbstractBeanFactory.lambda$doGetBean$0(AbstractBeanFactory.java:336)
	at org.springframework.beans.factory.support.DefaultSingletonBeanRegistry.getSingleton(DefaultSingletonBeanRegistry.java:289)
	at org.springframework.beans.factory.support.AbstractBeanFactory.doGetBean(AbstractBeanFactory.java:334)
	at org.springframework.beans.factory.support.AbstractBeanFactory.getBean(AbstractBeanFactory.java:199)
	at org.springframework.beans.factory.support.DefaultListableBeanFactory.doResolveDependency(DefaultListableBeanFactory.java:1573)
	at org.springframework.beans.factory.support.DefaultListableBeanFactory.resolveDependency(DefaultListableBeanFactory.java:1519)
	at org.springframework.beans.factory.support.ConstructorResolver.resolveAutowiredArgument(ConstructorResolver.java:913)
	at org.springframework.beans.factory.support.ConstructorResolver.createArgumentArray(ConstructorResolver.java:791)
	at org.springframework.beans.factory.support.ConstructorResolver.instantiateUsingFactoryMethod(ConstructorResolver.java:546)
	at org.springframework.beans.factory.support.AbstractAutowireCapableBeanFactory.instantiateUsingFactoryMethod(AbstractAutowireCapableBeanFactory.java:1357)
	at org.springframework.beans.factory.support.AbstractAutowireCapableBeanFactory.createBeanInstance(AbstractAutowireCapableBeanFactory.java:1187)
	at org.springframework.beans.factory.support.AbstractAutowireCapableBeanFactory.doCreateBean(AbstractAutowireCapableBeanFactory.java:563)
	at org.springframework.beans.factory.support.AbstractAutowireCapableBeanFactory.createBean(AbstractAutowireCapableBeanFactory.java:523)
	at org.springframework.beans.factory.support.AbstractBeanFactory.lambda$doGetBean$0(AbstractBeanFactory.java:336)
	at org.springframework.beans.factory.support.DefaultSingletonBeanRegistry.getSingleton(DefaultSingletonBeanRegistry.java:289)
	at org.springframework.beans.factory.support.AbstractBeanFactory.doGetBean(AbstractBeanFactory.java:334)
	at org.springframework.beans.factory.support.AbstractBeanFactory.getBean(AbstractBeanFactory.java:199)
	at org.springframework.beans.factory.config.DependencyDescriptor.resolveCandidate(DependencyDescriptor.java:254)
	at org.springframework.beans.factory.support.DefaultListableBeanFactory.doResolveDependency(DefaultListableBeanFactory.java:1631)
	at org.springframework.beans.factory.support.DefaultListableBeanFactory.resolveDependency(DefaultListableBeanFactory.java:1519)
	at org.springframework.beans.factory.support.ConstructorResolver.resolveAutowiredArgument(ConstructorResolver.java:913)
	at org.springframework.beans.factory.support.ConstructorResolver.createArgumentArray(ConstructorResolver.java:791)
	at org.springframework.beans.factory.support.ConstructorResolver.instantiateUsingFactoryMethod(ConstructorResolver.java:546)
	at org.springframework.beans.factory.support.AbstractAutowireCapableBeanFactory.instantiateUsingFactoryMethod(AbstractAutowireCapableBeanFactory.java:1357)
	at org.springframework.beans.factory.support.AbstractAutowireCapableBeanFactory.createBeanInstance(AbstractAutowireCapableBeanFactory.java:1187)
	at org.springframework.beans.factory.support.AbstractAutowireCapableBeanFactory.doCreateBean(AbstractAutowireCapableBeanFactory.java:563)
	at org.springframework.beans.factory.support.AbstractAutowireCapableBeanFactory.createBean(AbstractAutowireCapableBeanFactory.java:523)
	at org.springframework.beans.factory.support.AbstractBeanFactory.lambda$doGetBean$0(AbstractBeanFactory.java:336)
	at org.springframework.beans.factory.support.DefaultSingletonBeanRegistry.getSingleton(DefaultSingletonBeanRegistry.java:289)
	at org.springframework.beans.factory.support.AbstractBeanFactory.doGetBean(AbstractBeanFactory.java:334)
	at org.springframework.beans.factory.support.AbstractBeanFactory.getBean(AbstractBeanFactory.java:199)
	at org.springframework.beans.factory.config.DependencyDescriptor.resolveCandidate(DependencyDescriptor.java:254)
	at org.springframework.beans.factory.support.DefaultListableBeanFactory.doResolveDependency(DefaultListableBeanFactory.java:1631)
	at org.springframework.beans.factory.support.DefaultListableBeanFactory.resolveDependency(DefaultListableBeanFactory.java:1519)
	at org.springframework.beans.factory.support.ConstructorResolver.resolveAutowiredArgument(ConstructorResolver.java:913)
	at org.springframework.beans.factory.support.ConstructorResolver.createArgumentArray(ConstructorResolver.java:791)
	at org.springframework.beans.factory.support.ConstructorResolver.autowireConstructor(ConstructorResolver.java:240)
	at org.springframework.beans.factory.support.AbstractAutowireCapableBeanFactory.autowireConstructor(AbstractAutowireCapableBeanFactory.java:1377)
	at org.springframework.beans.factory.support.AbstractAutowireCapableBeanFactory.createBeanInstance(AbstractAutowireCapableBeanFactory.java:1214)
	at org.springframework.beans.factory.support.AbstractAutowireCapableBeanFactory.doCreateBean(AbstractAutowireCapableBeanFactory.java:563)
	at org.springframework.beans.factory.support.AbstractAutowireCapableBeanFactory.createBean(AbstractAutowireCapableBeanFactory.java:523)
	at org.springframework.beans.factory.support.AbstractBeanFactory.lambda$doGetBean$0(AbstractBeanFactory.java:336)
	at org.springframework.beans.factory.support.DefaultSingletonBeanRegistry.getSingleton(DefaultSingletonBeanRegistry.java:289)
	at org.springframework.beans.factory.support.AbstractBeanFactory.doGetBean(AbstractBeanFactory.java:334)
	at org.springframework.beans.factory.support.AbstractBeanFactory.getBean(AbstractBeanFactory.java:199)
	at org.springframework.beans.factory.support.DefaultListableBeanFactory.instantiateSingleton(DefaultListableBeanFactory.java:1122)
	at org.springframework.beans.factory.support.DefaultListableBeanFactory.preInstantiateSingleton(DefaultListableBeanFactory.java:1093)
	at org.springframework.beans.factory.support.DefaultListableBeanFactory.preInstantiateSingletons(DefaultListableBeanFactory.java:1030)
	at org.springframework.context.support.AbstractApplicationContext.finishBeanFactoryInitialization(AbstractApplicationContext.java:987)
	at org.springframework.context.support.AbstractApplicationContext.refresh(AbstractApplicationContext.java:627)
	at org.springframework.boot.SpringApplication.refresh(SpringApplication.java:752)
	at org.springframework.boot.SpringApplication.refreshContext(SpringApplication.java:439)
	at org.springframework.boot.SpringApplication.run(SpringApplication.java:318)
	at org.springframework.boot.test.context.SpringBootContextLoader.lambda$loadContext$3(SpringBootContextLoader.java:137)
	at org.springframework.util.function.ThrowingSupplier.get(ThrowingSupplier.java:58)
	at org.springframework.util.function.ThrowingSupplier.get(ThrowingSupplier.java:46)
	at org.springframework.boot.SpringApplication.withHook(SpringApplication.java:1461)
	at org.springframework.boot.test.context.SpringBootContextLoader$ContextLoaderHook.run(SpringBootContextLoader.java:553)
	at org.springframework.boot.test.context.SpringBootContextLoader.loadContext(SpringBootContextLoader.java:137)
	at org.springframework.boot.test.context.SpringBootContextLoader.loadContext(SpringBootContextLoader.java:108)
	at org.springframework.test.context.cache.DefaultCacheAwareContextLoaderDelegate.loadContextInternal(DefaultCacheAwareContextLoaderDelegate.java:225)
	at org.springframework.test.context.cache.DefaultCacheAwareContextLoaderDelegate.loadContext(DefaultCacheAwareContextLoaderDelegate.java:152)
	at org.springframework.test.context.support.DefaultTestContext.getApplicationContext(DefaultTestContext.java:130)
	at org.springframework.test.context.web.ServletTestExecutionListener.setUpRequestContextIfNecessary(ServletTestExecutionListener.java:191)
	at org.springframework.test.context.web.ServletTestExecutionListener.prepareTestInstance(ServletTestExecutionListener.java:130)
	at org.springframework.test.context.TestContextManager.prepareTestInstance(TestContextManager.java:260)
	at org.springframework.test.context.junit.jupiter.SpringExtension.postProcessTestInstance(SpringExtension.java:160)
	at org.junit.jupiter.engine.descriptor.ClassBasedTestDescriptor.lambda$invokeTestInstancePostProcessors$11(ClassBasedTestDescriptor.java:378)
	at org.junit.jupiter.engine.descriptor.ClassBasedTestDescriptor.executeAndMaskThrowable(ClassBasedTestDescriptor.java:383)
	at org.junit.jupiter.engine.descriptor.ClassBasedTestDescriptor.lambda$invokeTestInstancePostProcessors$12(ClassBasedTestDescriptor.java:378)
	at java.base/java.util.stream.ForEachOps$ForEachOp$OfRef.accept(ForEachOps.java:183)
	at java.base/java.util.stream.ReferencePipeline$3$1.accept(ReferencePipeline.java:197)
	at java.base/java.util.stream.ReferencePipeline$2$1.accept(ReferencePipeline.java:179)
	at java.base/java.util.stream.ReferencePipeline$3$1.accept(ReferencePipeline.java:197)
	at java.base/java.util.ArrayList$ArrayListSpliterator.forEachRemaining(ArrayList.java:1625)
	at java.base/java.util.stream.AbstractPipeline.copyInto(AbstractPipeline.java:509)
	at java.base/java.util.stream.AbstractPipeline.wrapAndCopyInto(AbstractPipeline.java:499)
	at java.base/java.util.stream.ForEachOps$ForEachOp.evaluateSequential(ForEachOps.java:150)
	at java.base/java.util.stream.ForEachOps$ForEachOp$OfRef.evaluateSequential(ForEachOps.java:173)
	at java.base/java.util.stream.AbstractPipeline.evaluate(AbstractPipeline.java:234)
	at java.base/java.util.stream.ReferencePipeline.forEach(ReferencePipeline.java:596)
	at org.junit.jupiter.engine.descriptor.ClassBasedTestDescriptor.invokeTestInstancePostProcessors(ClassBasedTestDescriptor.java:377)
	at org.junit.jupiter.engine.descriptor.ClassBasedTestDescriptor.lambda$instantiateAndPostProcessTestInstance$7(ClassBasedTestDescriptor.java:290)
	at org.junit.platform.engine.support.hierarchical.ThrowableCollector.execute(ThrowableCollector.java:73)
	at org.junit.jupiter.engine.descriptor.ClassBasedTestDescriptor.instantiateAndPostProcessTestInstance(ClassBasedTestDescriptor.java:289)
	at org.junit.jupiter.engine.descriptor.ClassBasedTestDescriptor.lambda$testInstancesProvider$5(ClassBasedTestDescriptor.java:279)
	at java.base/java.util.Optional.orElseGet(Optional.java:364)
	at org.junit.jupiter.engine.descriptor.ClassBasedTestDescriptor.lambda$testInstancesProvider$6(ClassBasedTestDescriptor.java:278)
	at org.junit.jupiter.engine.execution.TestInstancesProvider.getTestInstances(TestInstancesProvider.java:31)
	at org.junit.jupiter.engine.descriptor.TestMethodTestDescriptor.lambda$prepare$1(TestMethodTestDescriptor.java:105)
	at org.junit.platform.engine.support.hierarchical.ThrowableCollector.execute(ThrowableCollector.java:73)
	at org.junit.jupiter.engine.descriptor.TestMethodTestDescriptor.prepare(TestMethodTestDescriptor.java:104)
	at org.junit.jupiter.engine.descriptor.TestMethodTestDescriptor.prepare(TestMethodTestDescriptor.java:68)
	at org.junit.platform.engine.support.hierarchical.NodeTestTask.lambda$prepare$2(NodeTestTask.java:128)
	at org.junit.platform.engine.support.hierarchical.ThrowableCollector.execute(ThrowableCollector.java:73)
	at org.junit.platform.engine.support.hierarchical.NodeTestTask.prepare(NodeTestTask.java:128)
	at org.junit.platform.engine.support.hierarchical.NodeTestTask.execute(NodeTestTask.java:95)
	at java.base/java.util.ArrayList.forEach(ArrayList.java:1511)
	at org.junit.platform.engine.support.hierarchical.SameThreadHierarchicalTestExecutorService.invokeAll(SameThreadHierarchicalTestExecutorService.java:41)
	at org.junit.platform.engine.support.hierarchical.NodeTestTask.lambda$executeRecursively$6(NodeTestTask.java:160)
	at org.junit.platform.engine.support.hierarchical.ThrowableCollector.execute(ThrowableCollector.java:73)
	at org.junit.platform.engine.support.hierarchical.NodeTestTask.lambda$executeRecursively$8(NodeTestTask.java:146)
	at org.junit.platform.engine.support.hierarchical.Node.around(Node.java:137)
	at org.junit.platform.engine.support.hierarchical.NodeTestTask.lambda$executeRecursively$9(NodeTestTask.java:144)
	at org.junit.platform.engine.support.hierarchical.ThrowableCollector.execute(ThrowableCollector.java:73)
	at org.junit.platform.engine.support.hierarchical.NodeTestTask.executeRecursively(NodeTestTask.java:143)
	at org.junit.platform.engine.support.hierarchical.NodeTestTask.execute(NodeTestTask.java:100)
	at java.base/java.util.ArrayList.forEach(ArrayList.java:1511)
	at org.junit.platform.engine.support.hierarchical.SameThreadHierarchicalTestExecutorService.invokeAll(SameThreadHierarchicalTestExecutorService.java:41)
	at org.junit.platform.engine.support.hierarchical.NodeTestTask.lambda$executeRecursively$6(NodeTestTask.java:160)
	at org.junit.platform.engine.support.hierarchical.ThrowableCollector.execute(ThrowableCollector.java:73)
	at org.junit.platform.engine.support.hierarchical.NodeTestTask.lambda$executeRecursively$8(NodeTestTask.java:146)
	at org.junit.platform.engine.support.hierarchical.Node.around(Node.java:137)
	at org.junit.platform.engine.support.hierarchical.NodeTestTask.lambda$executeRecursively$9(NodeTestTask.java:144)
	at org.junit.platform.engine.support.hierarchical.ThrowableCollector.execute(ThrowableCollector.java:73)
	at org.junit.platform.engine.support.hierarchical.NodeTestTask.executeRecursively(NodeTestTask.java:143)
	at org.junit.platform.engine.support.hierarchical.NodeTestTask.execute(NodeTestTask.java:100)
	at org.junit.platform.engine.support.hierarchical.SameThreadHierarchicalTestExecutorService.submit(SameThreadHierarchicalTestExecutorService.java:35)
	at org.junit.platform.engine.support.hierarchical.HierarchicalTestExecutor.execute(HierarchicalTestExecutor.java:57)
	at org.junit.platform.engine.support.hierarchical.HierarchicalTestEngine.execute(HierarchicalTestEngine.java:54)
	at org.junit.platform.launcher.core.EngineExecutionOrchestrator.execute(EngineExecutionOrchestrator.java:198)
	at org.junit.platform.launcher.core.EngineExecutionOrchestrator.execute(EngineExecutionOrchestrator.java:169)
	at org.junit.platform.launcher.core.EngineExecutionOrchestrator.execute(EngineExecutionOrchestrator.java:93)
	at org.junit.platform.launcher.core.EngineExecutionOrchestrator.lambda$execute$0(EngineExecutionOrchestrator.java:58)
	at org.junit.platform.launcher.core.EngineExecutionOrchestrator.withInterceptedStreams(EngineExecutionOrchestrator.java:141)
	at org.junit.platform.launcher.core.EngineExecutionOrchestrator.execute(EngineExecutionOrchestrator.java:57)
	at org.junit.platform.launcher.core.DefaultLauncher.execute(DefaultLauncher.java:103)
	at org.junit.platform.launcher.core.DefaultLauncher.execute(DefaultLauncher.java:85)
	at org.junit.platform.launcher.core.DelegatingLauncher.execute(DelegatingLauncher.java:47)
	at org.gradle.api.internal.tasks.testing.junitplatform.JUnitPlatformTestClassProcessor$CollectAllTestClassesExecutor.processAllTestClasses(JUnitPlatformTestClassProcessor.java:124)
	at org.gradle.api.internal.tasks.testing.junitplatform.JUnitPlatformTestClassProcessor$CollectAllTestClassesExecutor.access$000(JUnitPlatformTestClassProcessor.java:99)
	at org.gradle.api.internal.tasks.testing.junitplatform.JUnitPlatformTestClassProcessor.stop(JUnitPlatformTestClassProcessor.java:94)
	at org.gradle.api.internal.tasks.testing.SuiteTestClassProcessor.stop(SuiteTestClassProcessor.java:63)
	at java.base/jdk.internal.reflect.NativeMethodAccessorImpl.invoke0(Native Method)
	at java.base/jdk.internal.reflect.NativeMethodAccessorImpl.invoke(NativeMethodAccessorImpl.java:77)
	at java.base/jdk.internal.reflect.DelegatingMethodAccessorImpl.invoke(DelegatingMethodAccessorImpl.java:43)
	at java.base/java.lang.reflect.Method.invoke(Method.java:568)
	at org.gradle.internal.dispatch.ReflectionDispatch.dispatch(ReflectionDispatch.java:36)
	at org.gradle.internal.dispatch.ReflectionDispatch.dispatch(ReflectionDispatch.java:24)
	at org.gradle.internal.dispatch.ContextClassLoaderDispatch.dispatch(ContextClassLoaderDispatch.java:33)
	at org.gradle.internal.dispatch.ProxyDispatchAdapter$DispatchingInvocationHandler.invoke(ProxyDispatchAdapter.java:92)
	at jdk.proxy1/jdk.proxy1.$Proxy4.stop(Unknown Source)
	at org.gradle.api.internal.tasks.testing.worker.TestWorker$3.run(TestWorker.java:200)
	at org.gradle.api.internal.tasks.testing.worker.TestWorker.executeAndMaintainThreadName(TestWorker.java:132)
	at org.gradle.api.internal.tasks.testing.worker.TestWorker.execute(TestWorker.java:103)
	at org.gradle.api.internal.tasks.testing.worker.TestWorker.execute(TestWorker.java:63)
	at org.gradle.process.internal.worker.child.ActionExecutionWorker.execute(ActionExecutionWorker.java:56)
	at org.gradle.process.internal.worker.child.SystemApplicationClassLoaderWorker.call(SystemApplicationClassLoaderWorker.java:121)
	at org.gradle.process.internal.worker.child.SystemApplicationClassLoaderWorker.call(SystemApplicationClassLoaderWorker.java:71)
	at worker.org.gradle.process.internal.worker.GradleWorkerMain.run(GradleWorkerMain.java:69)
	at worker.org.gradle.process.internal.worker.GradleWorkerMain.main(GradleWorkerMain.java:74)
2025-01-28 16:03:49 [Test worker] WARN  o.s.b.a.o.j.JpaBaseConfiguration$JpaWebConfiguration - spring.jpa.open-in-view is enabled by default. Therefore, database queries may be performed during view rendering. Explicitly configure spring.jpa.open-in-view to disable this warning
2025-01-28 16:03:49 [Test worker] WARN  o.s.w.c.s.GenericWebApplicationContext - Exception encountered during context initialization - cancelling refresh attempt: org.springframework.beans.factory.BeanCreationException: Error creating bean with name 'pulsarListenerContainerFactory' defined in class path resource [org/springframework/boot/autoconfigure/pulsar/PulsarAutoConfiguration.class]: Failed to instantiate [org.springframework.pulsar.config.ConcurrentPulsarListenerContainerFactory]: Factory method 'pulsarListenerContainerFactory' threw exception with message: 'org.springframework.retry.support.RetryTemplateBuilder org.springframework.retry.support.RetryTemplateBuilder.fixedBackoff(java.time.Duration)'
2025-01-28 16:03:49 [Test worker] INFO  o.a.p.client.impl.PulsarClientImpl - Client closing. URL: pulsar://localhost:6650
2025-01-28 16:03:51 [Test worker] INFO  o.s.o.j.LocalContainerEntityManagerFactoryBean - Closing JPA EntityManagerFactory for persistence unit 'default'
2025-01-28 16:03:51 [Test worker] INFO  com.zaxxer.hikari.HikariDataSource - HikariPool-1 - Shutdown initiated...
2025-01-28 16:03:51 [Test worker] INFO  com.zaxxer.hikari.HikariDataSource - HikariPool-1 - Shutdown completed.
2025-01-28 16:03:51 [Test worker] INFO  o.s.b.a.l.ConditionEvaluationReportLogger - 

Error starting ApplicationContext. To display the condition evaluation report re-run your application with 'debug' enabled.
2025-01-28 16:03:51 [Test worker] ERROR o.s.b.d.LoggingFailureAnalysisReporter - 

***************************
APPLICATION FAILED TO START
***************************

Description:

An attempt was made to call a method that does not exist. The attempt was made from the following location:

    org.springframework.pulsar.listener.PulsarContainerProperties.<init>(PulsarContainerProperties.java:111)

The following method did not exist:

    'org.springframework.retry.support.RetryTemplateBuilder org.springframework.retry.support.RetryTemplateBuilder.fixedBackoff(java.time.Duration)'

The calling method's class, org.springframework.pulsar.listener.PulsarContainerProperties, was loaded from the following location:

    jar:file:/Users/uttam.gowda/.gradle/caches/modules-2/files-2.1/org.springframework.pulsar/spring-pulsar/1.2.1/bda1ed7f51b2a96e8875e6176a1e890494a8a56b/spring-pulsar-1.2.1.jar!/org/springframework/pulsar/listener/PulsarContainerProperties.class

The called method's class, org.springframework.retry.support.RetryTemplateBuilder, is available from the following locations:

    jar:file:/Users/uttam.gowda/.gradle/caches/modules-2/files-2.1/org.springframework.retry/spring-retry/1.3.1/f8644c86f2be54623c3b336a56b54216841a3f22/spring-retry-1.3.1.jar!/org/springframework/retry/support/RetryTemplateBuilder.class

The called method's class hierarchy was loaded from the following locations:

    org.springframework.retry.support.RetryTemplateBuilder: file:/Users/uttam.gowda/.gradle/caches/modules-2/files-2.1/org.springframework.retry/spring-retry/1.3.1/f8644c86f2be54623c3b336a56b54216841a3f22/spring-retry-1.3.1.jar


Action:

Correct the classpath of your application so that it contains compatible versions of the classes org.springframework.pulsar.listener.PulsarContainerProperties and org.springframework.retry.support.RetryTemplateBuilder

2025-01-28 16:03:51 [Test worker] WARN  o.s.test.context.TestContextManager - Caught exception while allowing TestExecutionListener [org.springframework.test.context.web.ServletTestExecutionListener] to prepare test instance [com.personal.crud_pulsar.CrudPulsarApplicationTests@4951c45f]
java.lang.IllegalStateException: Failed to load ApplicationContext for [WebMergedContextConfiguration@47de4dce testClass = com.personal.crud_pulsar.CrudPulsarApplicationTests, locations = [], classes = [com.personal.crud_pulsar.CrudPulsarApplication], contextInitializerClasses = [], activeProfiles = [], propertySourceDescriptors = [], propertySourceProperties = ["org.springframework.boot.test.context.SpringBootTestContextBootstrapper=true"], contextCustomizers = [org.springframework.boot.test.autoconfigure.OnFailureConditionReportContextCustomizerFactory$OnFailureConditionReportContextCustomizer@3e821657, org.springframework.boot.test.autoconfigure.actuate.observability.ObservabilityContextCustomizerFactory$DisableObservabilityContextCustomizer@1f, org.springframework.boot.test.autoconfigure.properties.PropertyMappingContextCustomizer@0, org.springframework.boot.test.autoconfigure.web.servlet.WebDriverContextCustomizer@53f0a4cb, org.springframework.boot.test.context.filter.ExcludeFilterContextCustomizer@7e7b159b, org.springframework.boot.test.json.DuplicateJsonObjectContextCustomizerFactory$DuplicateJsonObjectContextCustomizer@1dd6d4b7, org.springframework.boot.test.mock.mockito.MockitoContextCustomizer@0, org.springframework.boot.test.web.client.TestRestTemplateContextCustomizer@3cc41abc, org.springframework.boot.test.web.reactor.netty.DisableReactorResourceFactoryGlobalResourcesContextCustomizerFactory$DisableReactorResourceFactoryGlobalResourcesContextCustomizerCustomizer@55562aa9, org.springframework.test.context.support.DynamicPropertiesContextCustomizer@0, org.springframework.boot.test.context.SpringBootTestAnnotation@1e8c6255], resourceBasePath = "src/main/webapp", contextLoader = org.springframework.boot.test.context.SpringBootContextLoader, parent = null]
	at org.springframework.test.context.cache.DefaultCacheAwareContextLoaderDelegate.loadContext(DefaultCacheAwareContextLoaderDelegate.java:180)
	at org.springframework.test.context.support.DefaultTestContext.getApplicationContext(DefaultTestContext.java:130)
	at org.springframework.test.context.web.ServletTestExecutionListener.setUpRequestContextIfNecessary(ServletTestExecutionListener.java:191)
	at org.springframework.test.context.web.ServletTestExecutionListener.prepareTestInstance(ServletTestExecutionListener.java:130)
	at org.springframework.test.context.TestContextManager.prepareTestInstance(TestContextManager.java:260)
	at org.springframework.test.context.junit.jupiter.SpringExtension.postProcessTestInstance(SpringExtension.java:160)
	at org.junit.jupiter.engine.descriptor.ClassBasedTestDescriptor.lambda$invokeTestInstancePostProcessors$11(ClassBasedTestDescriptor.java:378)
	at org.junit.jupiter.engine.descriptor.ClassBasedTestDescriptor.executeAndMaskThrowable(ClassBasedTestDescriptor.java:383)
	at org.junit.jupiter.engine.descriptor.ClassBasedTestDescriptor.lambda$invokeTestInstancePostProcessors$12(ClassBasedTestDescriptor.java:378)
	at java.base/java.util.stream.ForEachOps$ForEachOp$OfRef.accept(ForEachOps.java:183)
	at java.base/java.util.stream.ReferencePipeline$3$1.accept(ReferencePipeline.java:197)
	at java.base/java.util.stream.ReferencePipeline$2$1.accept(ReferencePipeline.java:179)
	at java.base/java.util.stream.ReferencePipeline$3$1.accept(ReferencePipeline.java:197)
	at java.base/java.util.ArrayList$ArrayListSpliterator.forEachRemaining(ArrayList.java:1625)
	at java.base/java.util.stream.AbstractPipeline.copyInto(AbstractPipeline.java:509)
	at java.base/java.util.stream.AbstractPipeline.wrapAndCopyInto(AbstractPipeline.java:499)
	at java.base/java.util.stream.ForEachOps$ForEachOp.evaluateSequential(ForEachOps.java:150)
	at java.base/java.util.stream.ForEachOps$ForEachOp$OfRef.evaluateSequential(ForEachOps.java:173)
	at java.base/java.util.stream.AbstractPipeline.evaluate(AbstractPipeline.java:234)
	at java.base/java.util.stream.ReferencePipeline.forEach(ReferencePipeline.java:596)
	at org.junit.jupiter.engine.descriptor.ClassBasedTestDescriptor.invokeTestInstancePostProcessors(ClassBasedTestDescriptor.java:377)
	at org.junit.jupiter.engine.descriptor.ClassBasedTestDescriptor.lambda$instantiateAndPostProcessTestInstance$7(ClassBasedTestDescriptor.java:290)
	at org.junit.platform.engine.support.hierarchical.ThrowableCollector.execute(ThrowableCollector.java:73)
	at org.junit.jupiter.engine.descriptor.ClassBasedTestDescriptor.instantiateAndPostProcessTestInstance(ClassBasedTestDescriptor.java:289)
	at org.junit.jupiter.engine.descriptor.ClassBasedTestDescriptor.lambda$testInstancesProvider$5(ClassBasedTestDescriptor.java:279)
	at java.base/java.util.Optional.orElseGet(Optional.java:364)
	at org.junit.jupiter.engine.descriptor.ClassBasedTestDescriptor.lambda$testInstancesProvider$6(ClassBasedTestDescriptor.java:278)
	at org.junit.jupiter.engine.execution.TestInstancesProvider.getTestInstances(TestInstancesProvider.java:31)
	at org.junit.jupiter.engine.descriptor.TestMethodTestDescriptor.lambda$prepare$1(TestMethodTestDescriptor.java:105)
	at org.junit.platform.engine.support.hierarchical.ThrowableCollector.execute(ThrowableCollector.java:73)
	at org.junit.jupiter.engine.descriptor.TestMethodTestDescriptor.prepare(TestMethodTestDescriptor.java:104)
	at org.junit.jupiter.engine.descriptor.TestMethodTestDescriptor.prepare(TestMethodTestDescriptor.java:68)
	at org.junit.platform.engine.support.hierarchical.NodeTestTask.lambda$prepare$2(NodeTestTask.java:128)
	at org.junit.platform.engine.support.hierarchical.ThrowableCollector.execute(ThrowableCollector.java:73)
	at org.junit.platform.engine.support.hierarchical.NodeTestTask.prepare(NodeTestTask.java:128)
	at org.junit.platform.engine.support.hierarchical.NodeTestTask.execute(NodeTestTask.java:95)
	at java.base/java.util.ArrayList.forEach(ArrayList.java:1511)
	at org.junit.platform.engine.support.hierarchical.SameThreadHierarchicalTestExecutorService.invokeAll(SameThreadHierarchicalTestExecutorService.java:41)
	at org.junit.platform.engine.support.hierarchical.NodeTestTask.lambda$executeRecursively$6(NodeTestTask.java:160)
	at org.junit.platform.engine.support.hierarchical.ThrowableCollector.execute(ThrowableCollector.java:73)
	at org.junit.platform.engine.support.hierarchical.NodeTestTask.lambda$executeRecursively$8(NodeTestTask.java:146)
	at org.junit.platform.engine.support.hierarchical.Node.around(Node.java:137)
	at org.junit.platform.engine.support.hierarchical.NodeTestTask.lambda$executeRecursively$9(NodeTestTask.java:144)
	at org.junit.platform.engine.support.hierarchical.ThrowableCollector.execute(ThrowableCollector.java:73)
	at org.junit.platform.engine.support.hierarchical.NodeTestTask.executeRecursively(NodeTestTask.java:143)
	at org.junit.platform.engine.support.hierarchical.NodeTestTask.execute(NodeTestTask.java:100)
	at java.base/java.util.ArrayList.forEach(ArrayList.java:1511)
	at org.junit.platform.engine.support.hierarchical.SameThreadHierarchicalTestExecutorService.invokeAll(SameThreadHierarchicalTestExecutorService.java:41)
	at org.junit.platform.engine.support.hierarchical.NodeTestTask.lambda$executeRecursively$6(NodeTestTask.java:160)
	at org.junit.platform.engine.support.hierarchical.ThrowableCollector.execute(ThrowableCollector.java:73)
	at org.junit.platform.engine.support.hierarchical.NodeTestTask.lambda$executeRecursively$8(NodeTestTask.java:146)
	at org.junit.platform.engine.support.hierarchical.Node.around(Node.java:137)
	at org.junit.platform.engine.support.hierarchical.NodeTestTask.lambda$executeRecursively$9(NodeTestTask.java:144)
	at org.junit.platform.engine.support.hierarchical.ThrowableCollector.execute(ThrowableCollector.java:73)
	at org.junit.platform.engine.support.hierarchical.NodeTestTask.executeRecursively(NodeTestTask.java:143)
	at org.junit.platform.engine.support.hierarchical.NodeTestTask.execute(NodeTestTask.java:100)
	at org.junit.platform.engine.support.hierarchical.SameThreadHierarchicalTestExecutorService.submit(SameThreadHierarchicalTestExecutorService.java:35)
	at org.junit.platform.engine.support.hierarchical.HierarchicalTestExecutor.execute(HierarchicalTestExecutor.java:57)
	at org.junit.platform.engine.support.hierarchical.HierarchicalTestEngine.execute(HierarchicalTestEngine.java:54)
	at org.junit.platform.launcher.core.EngineExecutionOrchestrator.execute(EngineExecutionOrchestrator.java:198)
	at org.junit.platform.launcher.core.EngineExecutionOrchestrator.execute(EngineExecutionOrchestrator.java:169)
	at org.junit.platform.launcher.core.EngineExecutionOrchestrator.execute(EngineExecutionOrchestrator.java:93)
	at org.junit.platform.launcher.core.EngineExecutionOrchestrator.lambda$execute$0(EngineExecutionOrchestrator.java:58)
	at org.junit.platform.launcher.core.EngineExecutionOrchestrator.withInterceptedStreams(EngineExecutionOrchestrator.java:141)
	at org.junit.platform.launcher.core.EngineExecutionOrchestrator.execute(EngineExecutionOrchestrator.java:57)
	at org.junit.platform.launcher.core.DefaultLauncher.execute(DefaultLauncher.java:103)
	at org.junit.platform.launcher.core.DefaultLauncher.execute(DefaultLauncher.java:85)
	at org.junit.platform.launcher.core.DelegatingLauncher.execute(DelegatingLauncher.java:47)
	at org.gradle.api.internal.tasks.testing.junitplatform.JUnitPlatformTestClassProcessor$CollectAllTestClassesExecutor.processAllTestClasses(JUnitPlatformTestClassProcessor.java:124)
	at org.gradle.api.internal.tasks.testing.junitplatform.JUnitPlatformTestClassProcessor$CollectAllTestClassesExecutor.access$000(JUnitPlatformTestClassProcessor.java:99)
	at org.gradle.api.internal.tasks.testing.junitplatform.JUnitPlatformTestClassProcessor.stop(JUnitPlatformTestClassProcessor.java:94)
	at org.gradle.api.internal.tasks.testing.SuiteTestClassProcessor.stop(SuiteTestClassProcessor.java:63)
	at java.base/jdk.internal.reflect.NativeMethodAccessorImpl.invoke0(Native Method)
	at java.base/jdk.internal.reflect.NativeMethodAccessorImpl.invoke(NativeMethodAccessorImpl.java:77)
	at java.base/jdk.internal.reflect.DelegatingMethodAccessorImpl.invoke(DelegatingMethodAccessorImpl.java:43)
	at java.base/java.lang.reflect.Method.invoke(Method.java:568)
	at org.gradle.internal.dispatch.ReflectionDispatch.dispatch(ReflectionDispatch.java:36)
	at org.gradle.internal.dispatch.ReflectionDispatch.dispatch(ReflectionDispatch.java:24)
	at org.gradle.internal.dispatch.ContextClassLoaderDispatch.dispatch(ContextClassLoaderDispatch.java:33)
	at org.gradle.internal.dispatch.ProxyDispatchAdapter$DispatchingInvocationHandler.invoke(ProxyDispatchAdapter.java:92)
	at jdk.proxy1/jdk.proxy1.$Proxy4.stop(Unknown Source)
	at org.gradle.api.internal.tasks.testing.worker.TestWorker$3.run(TestWorker.java:200)
	at org.gradle.api.internal.tasks.testing.worker.TestWorker.executeAndMaintainThreadName(TestWorker.java:132)
	at org.gradle.api.internal.tasks.testing.worker.TestWorker.execute(TestWorker.java:103)
	at org.gradle.api.internal.tasks.testing.worker.TestWorker.execute(TestWorker.java:63)
	at org.gradle.process.internal.worker.child.ActionExecutionWorker.execute(ActionExecutionWorker.java:56)
	at org.gradle.process.internal.worker.child.SystemApplicationClassLoaderWorker.call(SystemApplicationClassLoaderWorker.java:121)
	at org.gradle.process.internal.worker.child.SystemApplicationClassLoaderWorker.call(SystemApplicationClassLoaderWorker.java:71)
	at worker.org.gradle.process.internal.worker.GradleWorkerMain.run(GradleWorkerMain.java:69)
	at worker.org.gradle.process.internal.worker.GradleWorkerMain.main(GradleWorkerMain.java:74)
Caused by: org.springframework.beans.factory.BeanCreationException: Error creating bean with name 'pulsarListenerContainerFactory' defined in class path resource [org/springframework/boot/autoconfigure/pulsar/PulsarAutoConfiguration.class]: Failed to instantiate [org.springframework.pulsar.config.ConcurrentPulsarListenerContainerFactory]: Factory method 'pulsarListenerContainerFactory' threw exception with message: 'org.springframework.retry.support.RetryTemplateBuilder org.springframework.retry.support.RetryTemplateBuilder.fixedBackoff(java.time.Duration)'
	at org.springframework.beans.factory.support.ConstructorResolver.instantiate(ConstructorResolver.java:657)
	at org.springframework.beans.factory.support.ConstructorResolver.instantiateUsingFactoryMethod(ConstructorResolver.java:645)
	at org.springframework.beans.factory.support.AbstractAutowireCapableBeanFactory.instantiateUsingFactoryMethod(AbstractAutowireCapableBeanFactory.java:1357)
	at org.springframework.beans.factory.support.AbstractAutowireCapableBeanFactory.createBeanInstance(AbstractAutowireCapableBeanFactory.java:1187)
	at org.springframework.beans.factory.support.AbstractAutowireCapableBeanFactory.doCreateBean(AbstractAutowireCapableBeanFactory.java:563)
	at org.springframework.beans.factory.support.AbstractAutowireCapableBeanFactory.createBean(AbstractAutowireCapableBeanFactory.java:523)
	at org.springframework.beans.factory.support.AbstractBeanFactory.lambda$doGetBean$0(AbstractBeanFactory.java:336)
	at org.springframework.beans.factory.support.DefaultSingletonBeanRegistry.getSingleton(DefaultSingletonBeanRegistry.java:289)
	at org.springframework.beans.factory.support.AbstractBeanFactory.doGetBean(AbstractBeanFactory.java:334)
	at org.springframework.beans.factory.support.AbstractBeanFactory.getBean(AbstractBeanFactory.java:199)
	at org.springframework.beans.factory.support.DefaultListableBeanFactory.instantiateSingleton(DefaultListableBeanFactory.java:1122)
	at org.springframework.beans.factory.support.DefaultListableBeanFactory.preInstantiateSingleton(DefaultListableBeanFactory.java:1093)
	at org.springframework.beans.factory.support.DefaultListableBeanFactory.preInstantiateSingletons(DefaultListableBeanFactory.java:1030)
	at org.springframework.context.support.AbstractApplicationContext.finishBeanFactoryInitialization(AbstractApplicationContext.java:987)
	at org.springframework.context.support.AbstractApplicationContext.refresh(AbstractApplicationContext.java:627)
	at org.springframework.boot.SpringApplication.refresh(SpringApplication.java:752)
	at org.springframework.boot.SpringApplication.refreshContext(SpringApplication.java:439)
	at org.springframework.boot.SpringApplication.run(SpringApplication.java:318)
	at org.springframework.boot.test.context.SpringBootContextLoader.lambda$loadContext$3(SpringBootContextLoader.java:137)
	at org.springframework.util.function.ThrowingSupplier.get(ThrowingSupplier.java:58)
	at org.springframework.util.function.ThrowingSupplier.get(ThrowingSupplier.java:46)
	at org.springframework.boot.SpringApplication.withHook(SpringApplication.java:1461)
	at org.springframework.boot.test.context.SpringBootContextLoader$ContextLoaderHook.run(SpringBootContextLoader.java:553)
	at org.springframework.boot.test.context.SpringBootContextLoader.loadContext(SpringBootContextLoader.java:137)
	at org.springframework.boot.test.context.SpringBootContextLoader.loadContext(SpringBootContextLoader.java:108)
	at org.springframework.test.context.cache.DefaultCacheAwareContextLoaderDelegate.loadContextInternal(DefaultCacheAwareContextLoaderDelegate.java:225)
	at org.springframework.test.context.cache.DefaultCacheAwareContextLoaderDelegate.loadContext(DefaultCacheAwareContextLoaderDelegate.java:152)
	... 89 common frames omitted
Caused by: org.springframework.beans.BeanInstantiationException: Failed to instantiate [org.springframework.pulsar.config.ConcurrentPulsarListenerContainerFactory]: Factory method 'pulsarListenerContainerFactory' threw exception with message: 'org.springframework.retry.support.RetryTemplateBuilder org.springframework.retry.support.RetryTemplateBuilder.fixedBackoff(java.time.Duration)'
	at org.springframework.beans.factory.support.SimpleInstantiationStrategy.lambda$instantiate$0(SimpleInstantiationStrategy.java:199)
	at org.springframework.beans.factory.support.SimpleInstantiationStrategy.instantiateWithFactoryMethod(SimpleInstantiationStrategy.java:88)
	at org.springframework.beans.factory.support.SimpleInstantiationStrategy.instantiate(SimpleInstantiationStrategy.java:168)
	at org.springframework.beans.factory.support.ConstructorResolver.instantiate(ConstructorResolver.java:653)
	... 115 common frames omitted
Caused by: java.lang.NoSuchMethodError: 'org.springframework.retry.support.RetryTemplateBuilder org.springframework.retry.support.RetryTemplateBuilder.fixedBackoff(java.time.Duration)'
	at org.springframework.pulsar.listener.PulsarContainerProperties.<init>(PulsarContainerProperties.java:111)
	at org.springframework.boot.autoconfigure.pulsar.PulsarAutoConfiguration.pulsarListenerContainerFactory(PulsarAutoConfiguration.java:182)
	at java.base/jdk.internal.reflect.NativeMethodAccessorImpl.invoke0(Native Method)
	at java.base/jdk.internal.reflect.NativeMethodAccessorImpl.invoke(NativeMethodAccessorImpl.java:77)
	at java.base/jdk.internal.reflect.DelegatingMethodAccessorImpl.invoke(DelegatingMethodAccessorImpl.java:43)
	at java.base/java.lang.reflect.Method.invoke(Method.java:568)
	at org.springframework.beans.factory.support.SimpleInstantiationStrategy.lambda$instantiate$0(SimpleInstantiationStrategy.java:171)
	... 118 common frames omitted
2025-01-28 16:07:09 [Test worker] INFO  c.p.c.CrudPulsarApplicationTests - Starting CrudPulsarApplicationTests using Java 17.0.12 with PID 45001 (started by uttam.gowda in /Users/uttam.gowda/IdeaProjects/crud-pulsar -1)
2025-01-28 16:07:09 [Test worker] INFO  c.p.c.CrudPulsarApplicationTests - No active profile set, falling back to 1 default profile: "default"
2025-01-28 16:07:09 [Test worker] INFO  o.s.d.r.c.RepositoryConfigurationDelegate - Bootstrapping Spring Data JPA repositories in DEFAULT mode.
2025-01-28 16:07:09 [Test worker] INFO  o.s.d.r.c.RepositoryConfigurationDelegate - Finished Spring Data repository scanning in 26 ms. Found 2 JPA repository interfaces.
2025-01-28 16:07:10 [Test worker] INFO  o.h.jpa.internal.util.LogHelper - HHH000204: Processing PersistenceUnitInfo [name: default]
2025-01-28 16:07:10 [Test worker] INFO  org.hibernate.Version - HHH000412: Hibernate ORM core version 6.6.4.Final
2025-01-28 16:07:10 [Test worker] INFO  o.h.c.i.RegionFactoryInitiator - HHH000026: Second-level cache disabled
2025-01-28 16:07:10 [Test worker] INFO  o.s.o.j.p.SpringPersistenceUnitInfo - No LoadTimeWeaver setup: ignoring JPA class transformer
2025-01-28 16:07:10 [Test worker] INFO  com.zaxxer.hikari.HikariDataSource - HikariPool-1 - Starting...
2025-01-28 16:07:10 [Test worker] INFO  com.zaxxer.hikari.pool.HikariPool - HikariPool-1 - Added connection org.postgresql.jdbc.PgConnection@3ccfac29
2025-01-28 16:07:10 [Test worker] INFO  com.zaxxer.hikari.HikariDataSource - HikariPool-1 - Start completed.
2025-01-28 16:07:10 [Test worker] WARN  org.hibernate.orm.deprecation - HHH90000025: PostgreSQLDialect does not need to be specified explicitly using 'hibernate.dialect' (remove the property setting and it will be selected by default)
2025-01-28 16:07:10 [Test worker] INFO  o.hibernate.orm.connections.pooling - HHH10001005: Database info:
	Database JDBC URL [Connecting through datasource 'HikariDataSource (HikariPool-1)']
	Database driver: undefined/unknown
	Database version: 17.2
	Autocommit mode: undefined/unknown
	Isolation level: undefined/unknown
	Minimum pool size: undefined/unknown
	Maximum pool size: undefined/unknown
2025-01-28 16:07:10 [Test worker] INFO  o.h.e.t.j.p.i.JtaPlatformInitiator - HHH000489: No JTA platform available (set 'hibernate.transaction.jta.platform' to enable JTA platform integration)
2025-01-28 16:07:10 [Test worker] INFO  o.s.o.j.LocalContainerEntityManagerFactoryBean - Initialized JPA EntityManagerFactory for persistence unit 'default'
2025-01-28 16:07:11 [Test worker] INFO  o.s.p.c.DefaultPulsarClientFactory - Using restartable client
2025-01-28 16:07:11 [Test worker] ERROR o.a.p.s.i.n.r.d.DnsServerAddressStreamProviders - Unable to load org.apache.pulsar.shade.io.netty.resolver.dns.macos.MacOSDnsServerAddressStreamProvider, fallback to system defaults. This may result in incorrect DNS resolutions on MacOS. Check whether you have a dependency on 'io.netty:netty-resolver-dns-native-macos'. Use DEBUG level to see the full stack: java.lang.UnsatisfiedLinkError: failed to load the required native library
2025-01-28 16:07:11 [Test worker] WARN  o.a.p.c.util.netty.DnsResolverUtil - Cannot get DNS TTL settings from sun.net.InetAddressCachePolicy class
java.lang.IllegalAccessException: class org.apache.pulsar.common.util.netty.DnsResolverUtil cannot access class sun.net.InetAddressCachePolicy (in module java.base) because module java.base does not export sun.net to unnamed module @673bfdf3
	at java.base/jdk.internal.reflect.Reflection.newIllegalAccessException(Reflection.java:392)
	at java.base/java.lang.reflect.AccessibleObject.checkAccess(AccessibleObject.java:674)
	at java.base/java.lang.reflect.Method.invoke(Method.java:560)
	at org.apache.pulsar.common.util.netty.DnsResolverUtil.<clinit>(DnsResolverUtil.java:46)
	at org.apache.pulsar.client.impl.ConnectionPool.createAddressResolver(ConnectionPool.java:159)
	at org.apache.pulsar.client.impl.ConnectionPool.lambda$new$1(ConnectionPool.java:126)
	at java.base/java.util.Optional.orElseGet(Optional.java:364)
	at org.apache.pulsar.client.impl.ConnectionPool.<init>(ConnectionPool.java:126)
	at org.apache.pulsar.client.impl.ConnectionPool.<init>(ConnectionPool.java:95)
	at org.apache.pulsar.client.impl.ConnectionPool.<init>(ConnectionPool.java:90)
	at org.apache.pulsar.client.impl.PulsarClientImpl.<init>(PulsarClientImpl.java:196)
	at org.apache.pulsar.client.impl.PulsarClientImpl.<init>(PulsarClientImpl.java:153)
	at org.apache.pulsar.client.impl.ClientBuilderImpl.build(ClientBuilderImpl.java:63)
	at org.springframework.pulsar.core.PulsarClientProxy.createInstance(PulsarClientProxy.java:97)
	at org.springframework.pulsar.core.PulsarClientProxy.createInstance(PulsarClientProxy.java:47)
	at org.springframework.pulsar.core.RestartableSingletonFactory.ensureInstanceCreated(RestartableSingletonFactory.java:72)
	at org.springframework.pulsar.core.RestartableSingletonFactory.afterPropertiesSet(RestartableSingletonFactory.java:61)
	at org.springframework.beans.factory.support.AbstractAutowireCapableBeanFactory.invokeInitMethods(AbstractAutowireCapableBeanFactory.java:1855)
	at org.springframework.beans.factory.support.AbstractAutowireCapableBeanFactory.initializeBean(AbstractAutowireCapableBeanFactory.java:1804)
	at org.springframework.beans.factory.support.AbstractAutowireCapableBeanFactory.doCreateBean(AbstractAutowireCapableBeanFactory.java:601)
	at org.springframework.beans.factory.support.AbstractAutowireCapableBeanFactory.createBean(AbstractAutowireCapableBeanFactory.java:523)
	at org.springframework.beans.factory.support.AbstractBeanFactory.lambda$doGetBean$0(AbstractBeanFactory.java:336)
	at org.springframework.beans.factory.support.DefaultSingletonBeanRegistry.getSingleton(DefaultSingletonBeanRegistry.java:289)
	at org.springframework.beans.factory.support.AbstractBeanFactory.doGetBean(AbstractBeanFactory.java:334)
	at org.springframework.beans.factory.support.AbstractBeanFactory.getBean(AbstractBeanFactory.java:199)
	at org.springframework.beans.factory.support.DefaultListableBeanFactory.doResolveDependency(DefaultListableBeanFactory.java:1573)
	at org.springframework.beans.factory.support.DefaultListableBeanFactory.resolveDependency(DefaultListableBeanFactory.java:1519)
	at org.springframework.beans.factory.support.ConstructorResolver.resolveAutowiredArgument(ConstructorResolver.java:913)
	at org.springframework.beans.factory.support.ConstructorResolver.createArgumentArray(ConstructorResolver.java:791)
	at org.springframework.beans.factory.support.ConstructorResolver.instantiateUsingFactoryMethod(ConstructorResolver.java:546)
	at org.springframework.beans.factory.support.AbstractAutowireCapableBeanFactory.instantiateUsingFactoryMethod(AbstractAutowireCapableBeanFactory.java:1357)
	at org.springframework.beans.factory.support.AbstractAutowireCapableBeanFactory.createBeanInstance(AbstractAutowireCapableBeanFactory.java:1187)
	at org.springframework.beans.factory.support.AbstractAutowireCapableBeanFactory.doCreateBean(AbstractAutowireCapableBeanFactory.java:563)
	at org.springframework.beans.factory.support.AbstractAutowireCapableBeanFactory.createBean(AbstractAutowireCapableBeanFactory.java:523)
	at org.springframework.beans.factory.support.AbstractBeanFactory.lambda$doGetBean$0(AbstractBeanFactory.java:336)
	at org.springframework.beans.factory.support.DefaultSingletonBeanRegistry.getSingleton(DefaultSingletonBeanRegistry.java:289)
	at org.springframework.beans.factory.support.AbstractBeanFactory.doGetBean(AbstractBeanFactory.java:334)
	at org.springframework.beans.factory.support.AbstractBeanFactory.getBean(AbstractBeanFactory.java:199)
	at org.springframework.beans.factory.config.DependencyDescriptor.resolveCandidate(DependencyDescriptor.java:254)
	at org.springframework.beans.factory.support.DefaultListableBeanFactory.doResolveDependency(DefaultListableBeanFactory.java:1631)
	at org.springframework.beans.factory.support.DefaultListableBeanFactory.resolveDependency(DefaultListableBeanFactory.java:1519)
	at org.springframework.beans.factory.support.ConstructorResolver.resolveAutowiredArgument(ConstructorResolver.java:913)
	at org.springframework.beans.factory.support.ConstructorResolver.createArgumentArray(ConstructorResolver.java:791)
	at org.springframework.beans.factory.support.ConstructorResolver.instantiateUsingFactoryMethod(ConstructorResolver.java:546)
	at org.springframework.beans.factory.support.AbstractAutowireCapableBeanFactory.instantiateUsingFactoryMethod(AbstractAutowireCapableBeanFactory.java:1357)
	at org.springframework.beans.factory.support.AbstractAutowireCapableBeanFactory.createBeanInstance(AbstractAutowireCapableBeanFactory.java:1187)
	at org.springframework.beans.factory.support.AbstractAutowireCapableBeanFactory.doCreateBean(AbstractAutowireCapableBeanFactory.java:563)
	at org.springframework.beans.factory.support.AbstractAutowireCapableBeanFactory.createBean(AbstractAutowireCapableBeanFactory.java:523)
	at org.springframework.beans.factory.support.AbstractBeanFactory.lambda$doGetBean$0(AbstractBeanFactory.java:336)
	at org.springframework.beans.factory.support.DefaultSingletonBeanRegistry.getSingleton(DefaultSingletonBeanRegistry.java:289)
	at org.springframework.beans.factory.support.AbstractBeanFactory.doGetBean(AbstractBeanFactory.java:334)
	at org.springframework.beans.factory.support.AbstractBeanFactory.getBean(AbstractBeanFactory.java:199)
	at org.springframework.beans.factory.config.DependencyDescriptor.resolveCandidate(DependencyDescriptor.java:254)
	at org.springframework.beans.factory.support.DefaultListableBeanFactory.doResolveDependency(DefaultListableBeanFactory.java:1631)
	at org.springframework.beans.factory.support.DefaultListableBeanFactory.resolveDependency(DefaultListableBeanFactory.java:1519)
	at org.springframework.beans.factory.support.ConstructorResolver.resolveAutowiredArgument(ConstructorResolver.java:913)
	at org.springframework.beans.factory.support.ConstructorResolver.createArgumentArray(ConstructorResolver.java:791)
	at org.springframework.beans.factory.support.ConstructorResolver.autowireConstructor(ConstructorResolver.java:240)
	at org.springframework.beans.factory.support.AbstractAutowireCapableBeanFactory.autowireConstructor(AbstractAutowireCapableBeanFactory.java:1377)
	at org.springframework.beans.factory.support.AbstractAutowireCapableBeanFactory.createBeanInstance(AbstractAutowireCapableBeanFactory.java:1214)
	at org.springframework.beans.factory.support.AbstractAutowireCapableBeanFactory.doCreateBean(AbstractAutowireCapableBeanFactory.java:563)
	at org.springframework.beans.factory.support.AbstractAutowireCapableBeanFactory.createBean(AbstractAutowireCapableBeanFactory.java:523)
	at org.springframework.beans.factory.support.AbstractBeanFactory.lambda$doGetBean$0(AbstractBeanFactory.java:336)
	at org.springframework.beans.factory.support.DefaultSingletonBeanRegistry.getSingleton(DefaultSingletonBeanRegistry.java:289)
	at org.springframework.beans.factory.support.AbstractBeanFactory.doGetBean(AbstractBeanFactory.java:334)
	at org.springframework.beans.factory.support.AbstractBeanFactory.getBean(AbstractBeanFactory.java:199)
	at org.springframework.beans.factory.support.DefaultListableBeanFactory.instantiateSingleton(DefaultListableBeanFactory.java:1122)
	at org.springframework.beans.factory.support.DefaultListableBeanFactory.preInstantiateSingleton(DefaultListableBeanFactory.java:1093)
	at org.springframework.beans.factory.support.DefaultListableBeanFactory.preInstantiateSingletons(DefaultListableBeanFactory.java:1030)
	at org.springframework.context.support.AbstractApplicationContext.finishBeanFactoryInitialization(AbstractApplicationContext.java:987)
	at org.springframework.context.support.AbstractApplicationContext.refresh(AbstractApplicationContext.java:627)
	at org.springframework.boot.SpringApplication.refresh(SpringApplication.java:752)
	at org.springframework.boot.SpringApplication.refreshContext(SpringApplication.java:439)
	at org.springframework.boot.SpringApplication.run(SpringApplication.java:318)
	at org.springframework.boot.test.context.SpringBootContextLoader.lambda$loadContext$3(SpringBootContextLoader.java:137)
	at org.springframework.util.function.ThrowingSupplier.get(ThrowingSupplier.java:58)
	at org.springframework.util.function.ThrowingSupplier.get(ThrowingSupplier.java:46)
	at org.springframework.boot.SpringApplication.withHook(SpringApplication.java:1461)
	at org.springframework.boot.test.context.SpringBootContextLoader$ContextLoaderHook.run(SpringBootContextLoader.java:553)
	at org.springframework.boot.test.context.SpringBootContextLoader.loadContext(SpringBootContextLoader.java:137)
	at org.springframework.boot.test.context.SpringBootContextLoader.loadContext(SpringBootContextLoader.java:108)
	at org.springframework.test.context.cache.DefaultCacheAwareContextLoaderDelegate.loadContextInternal(DefaultCacheAwareContextLoaderDelegate.java:225)
	at org.springframework.test.context.cache.DefaultCacheAwareContextLoaderDelegate.loadContext(DefaultCacheAwareContextLoaderDelegate.java:152)
	at org.springframework.test.context.support.DefaultTestContext.getApplicationContext(DefaultTestContext.java:130)
	at org.springframework.test.context.web.ServletTestExecutionListener.setUpRequestContextIfNecessary(ServletTestExecutionListener.java:191)
	at org.springframework.test.context.web.ServletTestExecutionListener.prepareTestInstance(ServletTestExecutionListener.java:130)
	at org.springframework.test.context.TestContextManager.prepareTestInstance(TestContextManager.java:260)
	at org.springframework.test.context.junit.jupiter.SpringExtension.postProcessTestInstance(SpringExtension.java:160)
	at org.junit.jupiter.engine.descriptor.ClassBasedTestDescriptor.lambda$invokeTestInstancePostProcessors$11(ClassBasedTestDescriptor.java:378)
	at org.junit.jupiter.engine.descriptor.ClassBasedTestDescriptor.executeAndMaskThrowable(ClassBasedTestDescriptor.java:383)
	at org.junit.jupiter.engine.descriptor.ClassBasedTestDescriptor.lambda$invokeTestInstancePostProcessors$12(ClassBasedTestDescriptor.java:378)
	at java.base/java.util.stream.ForEachOps$ForEachOp$OfRef.accept(ForEachOps.java:183)
	at java.base/java.util.stream.ReferencePipeline$3$1.accept(ReferencePipeline.java:197)
	at java.base/java.util.stream.ReferencePipeline$2$1.accept(ReferencePipeline.java:179)
	at java.base/java.util.stream.ReferencePipeline$3$1.accept(ReferencePipeline.java:197)
	at java.base/java.util.ArrayList$ArrayListSpliterator.forEachRemaining(ArrayList.java:1625)
	at java.base/java.util.stream.AbstractPipeline.copyInto(AbstractPipeline.java:509)
	at java.base/java.util.stream.AbstractPipeline.wrapAndCopyInto(AbstractPipeline.java:499)
	at java.base/java.util.stream.ForEachOps$ForEachOp.evaluateSequential(ForEachOps.java:150)
	at java.base/java.util.stream.ForEachOps$ForEachOp$OfRef.evaluateSequential(ForEachOps.java:173)
	at java.base/java.util.stream.AbstractPipeline.evaluate(AbstractPipeline.java:234)
	at java.base/java.util.stream.ReferencePipeline.forEach(ReferencePipeline.java:596)
	at org.junit.jupiter.engine.descriptor.ClassBasedTestDescriptor.invokeTestInstancePostProcessors(ClassBasedTestDescriptor.java:377)
	at org.junit.jupiter.engine.descriptor.ClassBasedTestDescriptor.lambda$instantiateAndPostProcessTestInstance$7(ClassBasedTestDescriptor.java:290)
	at org.junit.platform.engine.support.hierarchical.ThrowableCollector.execute(ThrowableCollector.java:73)
	at org.junit.jupiter.engine.descriptor.ClassBasedTestDescriptor.instantiateAndPostProcessTestInstance(ClassBasedTestDescriptor.java:289)
	at org.junit.jupiter.engine.descriptor.ClassBasedTestDescriptor.lambda$testInstancesProvider$5(ClassBasedTestDescriptor.java:279)
	at java.base/java.util.Optional.orElseGet(Optional.java:364)
	at org.junit.jupiter.engine.descriptor.ClassBasedTestDescriptor.lambda$testInstancesProvider$6(ClassBasedTestDescriptor.java:278)
	at org.junit.jupiter.engine.execution.TestInstancesProvider.getTestInstances(TestInstancesProvider.java:31)
	at org.junit.jupiter.engine.descriptor.TestMethodTestDescriptor.lambda$prepare$1(TestMethodTestDescriptor.java:105)
	at org.junit.platform.engine.support.hierarchical.ThrowableCollector.execute(ThrowableCollector.java:73)
	at org.junit.jupiter.engine.descriptor.TestMethodTestDescriptor.prepare(TestMethodTestDescriptor.java:104)
	at org.junit.jupiter.engine.descriptor.TestMethodTestDescriptor.prepare(TestMethodTestDescriptor.java:68)
	at org.junit.platform.engine.support.hierarchical.NodeTestTask.lambda$prepare$2(NodeTestTask.java:128)
	at org.junit.platform.engine.support.hierarchical.ThrowableCollector.execute(ThrowableCollector.java:73)
	at org.junit.platform.engine.support.hierarchical.NodeTestTask.prepare(NodeTestTask.java:128)
	at org.junit.platform.engine.support.hierarchical.NodeTestTask.execute(NodeTestTask.java:95)
	at java.base/java.util.ArrayList.forEach(ArrayList.java:1511)
	at org.junit.platform.engine.support.hierarchical.SameThreadHierarchicalTestExecutorService.invokeAll(SameThreadHierarchicalTestExecutorService.java:41)
	at org.junit.platform.engine.support.hierarchical.NodeTestTask.lambda$executeRecursively$6(NodeTestTask.java:160)
	at org.junit.platform.engine.support.hierarchical.ThrowableCollector.execute(ThrowableCollector.java:73)
	at org.junit.platform.engine.support.hierarchical.NodeTestTask.lambda$executeRecursively$8(NodeTestTask.java:146)
	at org.junit.platform.engine.support.hierarchical.Node.around(Node.java:137)
	at org.junit.platform.engine.support.hierarchical.NodeTestTask.lambda$executeRecursively$9(NodeTestTask.java:144)
	at org.junit.platform.engine.support.hierarchical.ThrowableCollector.execute(ThrowableCollector.java:73)
	at org.junit.platform.engine.support.hierarchical.NodeTestTask.executeRecursively(NodeTestTask.java:143)
	at org.junit.platform.engine.support.hierarchical.NodeTestTask.execute(NodeTestTask.java:100)
	at java.base/java.util.ArrayList.forEach(ArrayList.java:1511)
	at org.junit.platform.engine.support.hierarchical.SameThreadHierarchicalTestExecutorService.invokeAll(SameThreadHierarchicalTestExecutorService.java:41)
	at org.junit.platform.engine.support.hierarchical.NodeTestTask.lambda$executeRecursively$6(NodeTestTask.java:160)
	at org.junit.platform.engine.support.hierarchical.ThrowableCollector.execute(ThrowableCollector.java:73)
	at org.junit.platform.engine.support.hierarchical.NodeTestTask.lambda$executeRecursively$8(NodeTestTask.java:146)
	at org.junit.platform.engine.support.hierarchical.Node.around(Node.java:137)
	at org.junit.platform.engine.support.hierarchical.NodeTestTask.lambda$executeRecursively$9(NodeTestTask.java:144)
	at org.junit.platform.engine.support.hierarchical.ThrowableCollector.execute(ThrowableCollector.java:73)
	at org.junit.platform.engine.support.hierarchical.NodeTestTask.executeRecursively(NodeTestTask.java:143)
	at org.junit.platform.engine.support.hierarchical.NodeTestTask.execute(NodeTestTask.java:100)
	at org.junit.platform.engine.support.hierarchical.SameThreadHierarchicalTestExecutorService.submit(SameThreadHierarchicalTestExecutorService.java:35)
	at org.junit.platform.engine.support.hierarchical.HierarchicalTestExecutor.execute(HierarchicalTestExecutor.java:57)
	at org.junit.platform.engine.support.hierarchical.HierarchicalTestEngine.execute(HierarchicalTestEngine.java:54)
	at org.junit.platform.launcher.core.EngineExecutionOrchestrator.execute(EngineExecutionOrchestrator.java:198)
	at org.junit.platform.launcher.core.EngineExecutionOrchestrator.execute(EngineExecutionOrchestrator.java:169)
	at org.junit.platform.launcher.core.EngineExecutionOrchestrator.execute(EngineExecutionOrchestrator.java:93)
	at org.junit.platform.launcher.core.EngineExecutionOrchestrator.lambda$execute$0(EngineExecutionOrchestrator.java:58)
	at org.junit.platform.launcher.core.EngineExecutionOrchestrator.withInterceptedStreams(EngineExecutionOrchestrator.java:141)
	at org.junit.platform.launcher.core.EngineExecutionOrchestrator.execute(EngineExecutionOrchestrator.java:57)
	at org.junit.platform.launcher.core.DefaultLauncher.execute(DefaultLauncher.java:103)
	at org.junit.platform.launcher.core.DefaultLauncher.execute(DefaultLauncher.java:85)
	at org.junit.platform.launcher.core.DelegatingLauncher.execute(DelegatingLauncher.java:47)
	at org.gradle.api.internal.tasks.testing.junitplatform.JUnitPlatformTestClassProcessor$CollectAllTestClassesExecutor.processAllTestClasses(JUnitPlatformTestClassProcessor.java:124)
	at org.gradle.api.internal.tasks.testing.junitplatform.JUnitPlatformTestClassProcessor$CollectAllTestClassesExecutor.access$000(JUnitPlatformTestClassProcessor.java:99)
	at org.gradle.api.internal.tasks.testing.junitplatform.JUnitPlatformTestClassProcessor.stop(JUnitPlatformTestClassProcessor.java:94)
	at org.gradle.api.internal.tasks.testing.SuiteTestClassProcessor.stop(SuiteTestClassProcessor.java:63)
	at java.base/jdk.internal.reflect.NativeMethodAccessorImpl.invoke0(Native Method)
	at java.base/jdk.internal.reflect.NativeMethodAccessorImpl.invoke(NativeMethodAccessorImpl.java:77)
	at java.base/jdk.internal.reflect.DelegatingMethodAccessorImpl.invoke(DelegatingMethodAccessorImpl.java:43)
	at java.base/java.lang.reflect.Method.invoke(Method.java:568)
	at org.gradle.internal.dispatch.ReflectionDispatch.dispatch(ReflectionDispatch.java:36)
	at org.gradle.internal.dispatch.ReflectionDispatch.dispatch(ReflectionDispatch.java:24)
	at org.gradle.internal.dispatch.ContextClassLoaderDispatch.dispatch(ContextClassLoaderDispatch.java:33)
	at org.gradle.internal.dispatch.ProxyDispatchAdapter$DispatchingInvocationHandler.invoke(ProxyDispatchAdapter.java:92)
	at jdk.proxy1/jdk.proxy1.$Proxy4.stop(Unknown Source)
	at org.gradle.api.internal.tasks.testing.worker.TestWorker$3.run(TestWorker.java:200)
	at org.gradle.api.internal.tasks.testing.worker.TestWorker.executeAndMaintainThreadName(TestWorker.java:132)
	at org.gradle.api.internal.tasks.testing.worker.TestWorker.execute(TestWorker.java:103)
	at org.gradle.api.internal.tasks.testing.worker.TestWorker.execute(TestWorker.java:63)
	at org.gradle.process.internal.worker.child.ActionExecutionWorker.execute(ActionExecutionWorker.java:56)
	at org.gradle.process.internal.worker.child.SystemApplicationClassLoaderWorker.call(SystemApplicationClassLoaderWorker.java:121)
	at org.gradle.process.internal.worker.child.SystemApplicationClassLoaderWorker.call(SystemApplicationClassLoaderWorker.java:71)
	at worker.org.gradle.process.internal.worker.GradleWorkerMain.run(GradleWorkerMain.java:69)
	at worker.org.gradle.process.internal.worker.GradleWorkerMain.main(GradleWorkerMain.java:74)
2025-01-28 16:07:11 [Test worker] WARN  o.s.b.a.o.j.JpaBaseConfiguration$JpaWebConfiguration - spring.jpa.open-in-view is enabled by default. Therefore, database queries may be performed during view rendering. Explicitly configure spring.jpa.open-in-view to disable this warning
2025-01-28 16:07:11 [pulsar-client-io-1-3] INFO  o.a.p.client.impl.ConnectionPool - [[id: 0x41da9897, L:/127.0.0.1:54755 - R:localhost/127.0.0.1:6650]] Connected to server
2025-01-28 16:07:11 [pulsar-client-io-1-3] INFO  o.a.p.c.i.ConsumerStatsRecorderImpl - Starting Pulsar consumer status recorder with config: {"topicNames":["persistent://public/default/jt-raw-topic"],"topicsPattern":null,"subscriptionName":"my-subscription","subscriptionType":"Shared","subscriptionProperties":null,"subscriptionMode":"Durable","receiverQueueSize":1000,"acknowledgementsGroupTimeMicros":100000,"maxAcknowledgmentGroupSize":1000,"negativeAckRedeliveryDelayMicros":60000000,"maxTotalReceiverQueueSizeAcrossPartitions":50000,"consumerName":null,"ackTimeoutMillis":0,"tickDurationMillis":1000,"priorityLevel":0,"maxPendingChunkedMessage":10,"autoAckOldestChunkedMessageOnQueueFull":false,"expireTimeOfIncompleteChunkedMessageMillis":60000,"cryptoFailureAction":"FAIL","properties":{},"readCompacted":false,"subscriptionInitialPosition":"Latest","patternAutoDiscoveryPeriod":60,"regexSubscriptionMode":"PersistentOnly","deadLetterPolicy":{"maxRedeliverCount":3,"retryLetterTopic":"jt-raw-topic-retry","deadLetterTopic":"jt-raw-topic-dlq","initialSubscriptionName":null},"retryEnable":false,"autoUpdatePartitions":true,"autoUpdatePartitionsIntervalSeconds":60,"replicateSubscriptionState":false,"resetIncludeHead":false,"batchIndexAckEnabled":false,"ackReceiptEnabled":false,"poolMessages":false,"startPaused":false,"autoScaledReceiverQueueSizeEnabled":false,"topicConfigurations":[],"maxPendingChuckedMessage":10}
2025-01-28 16:07:11 [pulsar-client-io-1-3] INFO  o.a.p.c.i.ConsumerStatsRecorderImpl - Pulsar client config: {"serviceUrl":"pulsar://localhost:6650","authPluginClassName":null,"authParams":null,"authParamMap":null,"operationTimeoutMs":30000,"lookupTimeoutMs":30000,"statsIntervalSeconds":60,"numIoThreads":8,"numListenerThreads":8,"connectionsPerBroker":1,"connectionMaxIdleSeconds":180,"useTcpNoDelay":true,"useTls":false,"tlsKeyFilePath":null,"tlsCertificateFilePath":null,"tlsTrustCertsFilePath":null,"tlsAllowInsecureConnection":false,"tlsHostnameVerificationEnable":false,"concurrentLookupRequest":5000,"maxLookupRequest":50000,"maxLookupRedirects":20,"maxNumberOfRejectedRequestPerConnection":50,"keepAliveIntervalSeconds":30,"connectionTimeoutMs":10000,"requestTimeoutMs":60000,"readTimeoutMs":60000,"autoCertRefreshSeconds":300,"initialBackoffIntervalNanos":100000000,"maxBackoffIntervalNanos":60000000000,"enableBusyWait":false,"listenerName":null,"useKeyStoreTls":false,"sslProvider":null,"tlsKeyStoreType":"JKS","tlsKeyStorePath":null,"tlsKeyStorePassword":null,"tlsTrustStoreType":"JKS","tlsTrustStorePath":null,"tlsTrustStorePassword":null,"tlsCiphers":[],"tlsProtocols":[],"memoryLimitBytes":67108864,"proxyServiceUrl":null,"proxyProtocol":null,"enableTransaction":false,"dnsLookupBindAddress":null,"dnsLookupBindPort":0,"socks5ProxyAddress":null,"socks5ProxyUsername":null,"socks5ProxyPassword":null,"description":null}
2025-01-28 16:07:12 [pulsar-client-io-1-3] INFO  o.a.pulsar.client.impl.ConsumerImpl - [persistent://public/default/jt-raw-topic][my-subscription] Subscribing to topic on cnx [id: 0x41da9897, L:/127.0.0.1:54755 - R:localhost/127.0.0.1:6650], consumerId 0
2025-01-28 16:07:13 [pulsar-client-io-1-3] INFO  o.a.pulsar.client.impl.ConsumerImpl - [persistent://public/default/jt-raw-topic][my-subscription] Subscribed to topic on localhost/127.0.0.1:6650 -- consumer: 0
2025-01-28 16:07:13 [pulsar-client-io-1-3] INFO  o.a.p.c.i.ConsumerStatsRecorderImpl - Starting Pulsar consumer status recorder with config: {"topicNames":["persistent://public/default/jt-plain-topic"],"topicsPattern":null,"subscriptionName":"my-subscription","subscriptionType":"Shared","subscriptionProperties":null,"subscriptionMode":"Durable","receiverQueueSize":1000,"acknowledgementsGroupTimeMicros":100000,"maxAcknowledgmentGroupSize":1000,"negativeAckRedeliveryDelayMicros":60000000,"maxTotalReceiverQueueSizeAcrossPartitions":50000,"consumerName":null,"ackTimeoutMillis":0,"tickDurationMillis":1000,"priorityLevel":0,"maxPendingChunkedMessage":10,"autoAckOldestChunkedMessageOnQueueFull":false,"expireTimeOfIncompleteChunkedMessageMillis":60000,"cryptoFailureAction":"FAIL","properties":{},"readCompacted":false,"subscriptionInitialPosition":"Latest","patternAutoDiscoveryPeriod":60,"regexSubscriptionMode":"PersistentOnly","deadLetterPolicy":{"maxRedeliverCount":3,"retryLetterTopic":"jt-raw-topic-retry","deadLetterTopic":"jt-raw-topic-dlq","initialSubscriptionName":null},"retryEnable":false,"autoUpdatePartitions":true,"autoUpdatePartitionsIntervalSeconds":60,"replicateSubscriptionState":false,"resetIncludeHead":false,"batchIndexAckEnabled":false,"ackReceiptEnabled":false,"poolMessages":false,"startPaused":false,"autoScaledReceiverQueueSizeEnabled":false,"topicConfigurations":[],"maxPendingChuckedMessage":10}
2025-01-28 16:07:13 [pulsar-client-io-1-3] INFO  o.a.p.c.i.ConsumerStatsRecorderImpl - Pulsar client config: {"serviceUrl":"pulsar://localhost:6650","authPluginClassName":null,"authParams":null,"authParamMap":null,"operationTimeoutMs":30000,"lookupTimeoutMs":30000,"statsIntervalSeconds":60,"numIoThreads":8,"numListenerThreads":8,"connectionsPerBroker":1,"connectionMaxIdleSeconds":180,"useTcpNoDelay":true,"useTls":false,"tlsKeyFilePath":null,"tlsCertificateFilePath":null,"tlsTrustCertsFilePath":null,"tlsAllowInsecureConnection":false,"tlsHostnameVerificationEnable":false,"concurrentLookupRequest":5000,"maxLookupRequest":50000,"maxLookupRedirects":20,"maxNumberOfRejectedRequestPerConnection":50,"keepAliveIntervalSeconds":30,"connectionTimeoutMs":10000,"requestTimeoutMs":60000,"readTimeoutMs":60000,"autoCertRefreshSeconds":300,"initialBackoffIntervalNanos":100000000,"maxBackoffIntervalNanos":60000000000,"enableBusyWait":false,"listenerName":null,"useKeyStoreTls":false,"sslProvider":null,"tlsKeyStoreType":"JKS","tlsKeyStorePath":null,"tlsKeyStorePassword":null,"tlsTrustStoreType":"JKS","tlsTrustStorePath":null,"tlsTrustStorePassword":null,"tlsCiphers":[],"tlsProtocols":[],"memoryLimitBytes":67108864,"proxyServiceUrl":null,"proxyProtocol":null,"enableTransaction":false,"dnsLookupBindAddress":null,"dnsLookupBindPort":0,"socks5ProxyAddress":null,"socks5ProxyUsername":null,"socks5ProxyPassword":null,"description":null}
2025-01-28 16:07:13 [pulsar-client-io-1-3] INFO  o.a.pulsar.client.impl.ConsumerImpl - [persistent://public/default/jt-plain-topic][my-subscription] Subscribing to topic on cnx [id: 0x41da9897, L:/127.0.0.1:54755 - R:localhost/127.0.0.1:6650], consumerId 1
2025-01-28 16:07:13 [pulsar-client-io-1-3] INFO  o.a.pulsar.client.impl.ConsumerImpl - [persistent://public/default/jt-plain-topic][my-subscription] Subscribed to topic on localhost/127.0.0.1:6650 -- consumer: 1
2025-01-28 16:07:13 [pulsar-client-io-1-3] INFO  o.a.p.c.i.ConsumerStatsRecorderImpl - Starting Pulsar consumer status recorder with config: {"topicNames":["persistent://public/default/jt-raw-topic-dlq"],"topicsPattern":null,"subscriptionName":"my-subscription-dlq","subscriptionType":"Exclusive","subscriptionProperties":null,"subscriptionMode":"Durable","receiverQueueSize":1000,"acknowledgementsGroupTimeMicros":100000,"maxAcknowledgmentGroupSize":1000,"negativeAckRedeliveryDelayMicros":60000000,"maxTotalReceiverQueueSizeAcrossPartitions":50000,"consumerName":null,"ackTimeoutMillis":0,"tickDurationMillis":1000,"priorityLevel":0,"maxPendingChunkedMessage":10,"autoAckOldestChunkedMessageOnQueueFull":false,"expireTimeOfIncompleteChunkedMessageMillis":60000,"cryptoFailureAction":"FAIL","properties":{},"readCompacted":false,"subscriptionInitialPosition":"Latest","patternAutoDiscoveryPeriod":60,"regexSubscriptionMode":"PersistentOnly","deadLetterPolicy":{"maxRedeliverCount":3,"retryLetterTopic":"jt-raw-topic-retry","deadLetterTopic":"jt-raw-topic-dlq","initialSubscriptionName":null},"retryEnable":false,"autoUpdatePartitions":true,"autoUpdatePartitionsIntervalSeconds":60,"replicateSubscriptionState":false,"resetIncludeHead":false,"batchIndexAckEnabled":false,"ackReceiptEnabled":false,"poolMessages":false,"startPaused":false,"autoScaledReceiverQueueSizeEnabled":false,"topicConfigurations":[],"maxPendingChuckedMessage":10}
2025-01-28 16:07:13 [pulsar-client-io-1-3] INFO  o.a.p.c.i.ConsumerStatsRecorderImpl - Pulsar client config: {"serviceUrl":"pulsar://localhost:6650","authPluginClassName":null,"authParams":null,"authParamMap":null,"operationTimeoutMs":30000,"lookupTimeoutMs":30000,"statsIntervalSeconds":60,"numIoThreads":8,"numListenerThreads":8,"connectionsPerBroker":1,"connectionMaxIdleSeconds":180,"useTcpNoDelay":true,"useTls":false,"tlsKeyFilePath":null,"tlsCertificateFilePath":null,"tlsTrustCertsFilePath":null,"tlsAllowInsecureConnection":false,"tlsHostnameVerificationEnable":false,"concurrentLookupRequest":5000,"maxLookupRequest":50000,"maxLookupRedirects":20,"maxNumberOfRejectedRequestPerConnection":50,"keepAliveIntervalSeconds":30,"connectionTimeoutMs":10000,"requestTimeoutMs":60000,"readTimeoutMs":60000,"autoCertRefreshSeconds":300,"initialBackoffIntervalNanos":100000000,"maxBackoffIntervalNanos":60000000000,"enableBusyWait":false,"listenerName":null,"useKeyStoreTls":false,"sslProvider":null,"tlsKeyStoreType":"JKS","tlsKeyStorePath":null,"tlsKeyStorePassword":null,"tlsTrustStoreType":"JKS","tlsTrustStorePath":null,"tlsTrustStorePassword":null,"tlsCiphers":[],"tlsProtocols":[],"memoryLimitBytes":67108864,"proxyServiceUrl":null,"proxyProtocol":null,"enableTransaction":false,"dnsLookupBindAddress":null,"dnsLookupBindPort":0,"socks5ProxyAddress":null,"socks5ProxyUsername":null,"socks5ProxyPassword":null,"description":null}
2025-01-28 16:07:13 [pulsar-client-io-1-3] INFO  o.a.pulsar.client.impl.ConsumerImpl - [persistent://public/default/jt-raw-topic-dlq][my-subscription-dlq] Subscribing to topic on cnx [id: 0x41da9897, L:/127.0.0.1:54755 - R:localhost/127.0.0.1:6650], consumerId 2
2025-01-28 16:07:13 [pulsar-client-io-1-3] INFO  o.a.pulsar.client.impl.ConsumerImpl - [persistent://public/default/jt-raw-topic-dlq][my-subscription-dlq] Subscribed to topic on localhost/127.0.0.1:6650 -- consumer: 2
2025-01-28 16:07:13 [Test worker] INFO  c.p.c.CrudPulsarApplicationTests - Started CrudPulsarApplicationTests in 4.334 seconds (process running for 4.885)
2025-01-28 16:07:14 [SpringApplicationShutdownHook] INFO  o.s.p.l.DefaultPulsarMessageListenerContainer - Pausing consumer
2025-01-28 16:07:14 [SpringApplicationShutdownHook] INFO  o.s.p.l.DefaultPulsarMessageListenerContainer - Closing consumer
2025-01-28 16:07:14 [pulsar-client-io-1-3] INFO  o.a.pulsar.client.impl.ConsumerImpl - [persistent://public/default/jt-raw-topic] [my-subscription] Closed consumer
2025-01-28 16:07:14 [SpringApplicationShutdownHook] INFO  o.s.p.l.DefaultPulsarMessageListenerContainer - Pausing consumer
2025-01-28 16:07:14 [SpringApplicationShutdownHook] INFO  o.s.p.l.DefaultPulsarMessageListenerContainer - Closing consumer
2025-01-28 16:07:14 [pulsar-client-io-1-3] INFO  o.a.pulsar.client.impl.ConsumerImpl - [persistent://public/default/jt-plain-topic] [my-subscription] Closed consumer
2025-01-28 16:07:14 [SpringApplicationShutdownHook] INFO  o.s.p.l.DefaultPulsarMessageListenerContainer - Pausing consumer
2025-01-28 16:07:14 [SpringApplicationShutdownHook] INFO  o.s.p.l.DefaultPulsarMessageListenerContainer - Closing consumer
2025-01-28 16:07:14 [pulsar-client-io-1-3] INFO  o.a.pulsar.client.impl.ConsumerImpl - [persistent://public/default/jt-raw-topic-dlq] [my-subscription-dlq] Closed consumer
2025-01-28 16:07:14 [SpringApplicationShutdownHook] INFO  o.a.p.client.impl.PulsarClientImpl - Client closing. URL: pulsar://localhost:6650
2025-01-28 16:07:14 [pulsar-client-io-1-3] INFO  o.a.pulsar.client.impl.ClientCnx - [id: 0x41da9897, L:/127.0.0.1:54755 ! R:localhost/127.0.0.1:6650] Disconnected
2025-01-28 16:07:16 [SpringApplicationShutdownHook] INFO  o.s.o.j.LocalContainerEntityManagerFactoryBean - Closing JPA EntityManagerFactory for persistence unit 'default'
2025-01-28 16:07:16 [SpringApplicationShutdownHook] INFO  com.zaxxer.hikari.HikariDataSource - HikariPool-1 - Shutdown initiated...
2025-01-28 16:07:16 [SpringApplicationShutdownHook] INFO  com.zaxxer.hikari.HikariDataSource - HikariPool-1 - Shutdown completed.
2025-01-28 16:07:28 [restartedMain] INFO  c.p.c.CrudPulsarApplicationKt - Starting CrudPulsarApplicationKt using Java 17.0.12 with PID 45078 (/Users/uttam.gowda/IdeaProjects/crud-pulsar -1/build/classes/kotlin/main started by uttam.gowda in /Users/uttam.gowda/IdeaProjects/crud-pulsar -1)
2025-01-28 16:07:28 [restartedMain] INFO  c.p.c.CrudPulsarApplicationKt - No active profile set, falling back to 1 default profile: "default"
2025-01-28 16:07:28 [restartedMain] INFO  o.s.b.d.restart.ChangeableUrls - The Class-Path manifest attribute in /Users/uttam.gowda/.gradle/caches/modules-2/files-2.1/org.springframework.pulsar/spring-pulsar-cache-provider-caffeine/1.2.1/c2b0ff3dd061069d916cb1df19e539eda19562e0/spring-pulsar-cache-provider-caffeine-1.2.1.jar referenced one or more files that do not exist: file:/Users/uttam.gowda/.gradle/caches/modules-2/files-2.1/org.springframework.pulsar/spring-pulsar-cache-provider-caffeine/1.2.1/c2b0ff3dd061069d916cb1df19e539eda19562e0/spring-pulsar-cache-provider-1.2.1.jar
2025-01-28 16:07:28 [restartedMain] INFO  o.s.b.d.e.DevToolsPropertyDefaultsPostProcessor - Devtools property defaults active! Set 'spring.devtools.add-properties' to 'false' to disable
2025-01-28 16:07:28 [restartedMain] INFO  o.s.b.d.e.DevToolsPropertyDefaultsPostProcessor - For additional web related logging consider setting the 'logging.level.web' property to 'DEBUG'
2025-01-28 16:07:29 [restartedMain] INFO  o.s.d.r.c.RepositoryConfigurationDelegate - Bootstrapping Spring Data JPA repositories in DEFAULT mode.
2025-01-28 16:07:29 [restartedMain] INFO  o.s.d.r.c.RepositoryConfigurationDelegate - Finished Spring Data repository scanning in 27 ms. Found 2 JPA repository interfaces.
2025-01-28 16:07:29 [restartedMain] INFO  o.s.b.w.e.tomcat.TomcatWebServer - Tomcat initialized with port 9191 (http)
2025-01-28 16:07:29 [restartedMain] INFO  o.a.catalina.core.StandardService - Starting service [Tomcat]
2025-01-28 16:07:29 [restartedMain] INFO  o.a.catalina.core.StandardEngine - Starting Servlet engine: [Apache Tomcat/10.1.34]
2025-01-28 16:07:29 [restartedMain] INFO  o.a.c.c.C.[Tomcat].[localhost].[/] - Initializing Spring embedded WebApplicationContext
2025-01-28 16:07:29 [restartedMain] INFO  o.s.b.w.s.c.ServletWebServerApplicationContext - Root WebApplicationContext: initialization completed in 1012 ms
2025-01-28 16:07:29 [restartedMain] INFO  o.h.jpa.internal.util.LogHelper - HHH000204: Processing PersistenceUnitInfo [name: default]
2025-01-28 16:07:29 [restartedMain] INFO  org.hibernate.Version - HHH000412: Hibernate ORM core version 6.6.4.Final
2025-01-28 16:07:29 [restartedMain] INFO  o.h.c.i.RegionFactoryInitiator - HHH000026: Second-level cache disabled
2025-01-28 16:07:29 [restartedMain] INFO  o.s.o.j.p.SpringPersistenceUnitInfo - No LoadTimeWeaver setup: ignoring JPA class transformer
2025-01-28 16:07:29 [restartedMain] INFO  com.zaxxer.hikari.HikariDataSource - HikariPool-1 - Starting...
2025-01-28 16:07:30 [restartedMain] INFO  com.zaxxer.hikari.pool.HikariPool - HikariPool-1 - Added connection org.postgresql.jdbc.PgConnection@22649037
2025-01-28 16:07:30 [restartedMain] INFO  com.zaxxer.hikari.HikariDataSource - HikariPool-1 - Start completed.
2025-01-28 16:07:30 [restartedMain] WARN  org.hibernate.orm.deprecation - HHH90000025: PostgreSQLDialect does not need to be specified explicitly using 'hibernate.dialect' (remove the property setting and it will be selected by default)
2025-01-28 16:07:30 [restartedMain] INFO  o.hibernate.orm.connections.pooling - HHH10001005: Database info:
	Database JDBC URL [Connecting through datasource 'HikariDataSource (HikariPool-1)']
	Database driver: undefined/unknown
	Database version: 17.2
	Autocommit mode: undefined/unknown
	Isolation level: undefined/unknown
	Minimum pool size: undefined/unknown
	Maximum pool size: undefined/unknown
2025-01-28 16:07:30 [restartedMain] INFO  o.h.e.t.j.p.i.JtaPlatformInitiator - HHH000489: No JTA platform available (set 'hibernate.transaction.jta.platform' to enable JTA platform integration)
2025-01-28 16:07:30 [restartedMain] INFO  o.s.o.j.LocalContainerEntityManagerFactoryBean - Initialized JPA EntityManagerFactory for persistence unit 'default'
2025-01-28 16:07:30 [restartedMain] INFO  o.s.p.c.DefaultPulsarClientFactory - Using restartable client
2025-01-28 16:07:30 [restartedMain] ERROR o.a.p.s.i.n.r.d.DnsServerAddressStreamProviders - Unable to load org.apache.pulsar.shade.io.netty.resolver.dns.macos.MacOSDnsServerAddressStreamProvider, fallback to system defaults. This may result in incorrect DNS resolutions on MacOS. Check whether you have a dependency on 'io.netty:netty-resolver-dns-native-macos'. Use DEBUG level to see the full stack: java.lang.UnsatisfiedLinkError: failed to load the required native library
2025-01-28 16:07:30 [restartedMain] WARN  o.a.p.c.util.netty.DnsResolverUtil - Cannot get DNS TTL settings from sun.net.InetAddressCachePolicy class
java.lang.IllegalAccessException: class org.apache.pulsar.common.util.netty.DnsResolverUtil cannot access class sun.net.InetAddressCachePolicy (in module java.base) because module java.base does not export sun.net to unnamed module @9f47eea
	at java.base/jdk.internal.reflect.Reflection.newIllegalAccessException(Reflection.java:392)
	at java.base/java.lang.reflect.AccessibleObject.checkAccess(AccessibleObject.java:674)
	at java.base/java.lang.reflect.Method.invoke(Method.java:560)
	at org.apache.pulsar.common.util.netty.DnsResolverUtil.<clinit>(DnsResolverUtil.java:46)
	at org.apache.pulsar.client.impl.ConnectionPool.createAddressResolver(ConnectionPool.java:159)
	at org.apache.pulsar.client.impl.ConnectionPool.lambda$new$1(ConnectionPool.java:126)
	at java.base/java.util.Optional.orElseGet(Optional.java:364)
	at org.apache.pulsar.client.impl.ConnectionPool.<init>(ConnectionPool.java:126)
	at org.apache.pulsar.client.impl.ConnectionPool.<init>(ConnectionPool.java:95)
	at org.apache.pulsar.client.impl.ConnectionPool.<init>(ConnectionPool.java:90)
	at org.apache.pulsar.client.impl.PulsarClientImpl.<init>(PulsarClientImpl.java:196)
	at org.apache.pulsar.client.impl.PulsarClientImpl.<init>(PulsarClientImpl.java:153)
	at org.apache.pulsar.client.impl.ClientBuilderImpl.build(ClientBuilderImpl.java:63)
	at org.springframework.pulsar.core.PulsarClientProxy.createInstance(PulsarClientProxy.java:97)
	at org.springframework.pulsar.core.PulsarClientProxy.createInstance(PulsarClientProxy.java:47)
	at org.springframework.pulsar.core.RestartableSingletonFactory.ensureInstanceCreated(RestartableSingletonFactory.java:72)
	at org.springframework.pulsar.core.RestartableSingletonFactory.afterPropertiesSet(RestartableSingletonFactory.java:61)
	at org.springframework.beans.factory.support.AbstractAutowireCapableBeanFactory.invokeInitMethods(AbstractAutowireCapableBeanFactory.java:1855)
	at org.springframework.beans.factory.support.AbstractAutowireCapableBeanFactory.initializeBean(AbstractAutowireCapableBeanFactory.java:1804)
	at org.springframework.beans.factory.support.AbstractAutowireCapableBeanFactory.doCreateBean(AbstractAutowireCapableBeanFactory.java:601)
	at org.springframework.beans.factory.support.AbstractAutowireCapableBeanFactory.createBean(AbstractAutowireCapableBeanFactory.java:523)
	at org.springframework.beans.factory.support.AbstractBeanFactory.lambda$doGetBean$0(AbstractBeanFactory.java:336)
	at org.springframework.beans.factory.support.DefaultSingletonBeanRegistry.getSingleton(DefaultSingletonBeanRegistry.java:289)
	at org.springframework.beans.factory.support.AbstractBeanFactory.doGetBean(AbstractBeanFactory.java:334)
	at org.springframework.beans.factory.support.AbstractBeanFactory.getBean(AbstractBeanFactory.java:199)
	at org.springframework.beans.factory.support.DefaultListableBeanFactory.doResolveDependency(DefaultListableBeanFactory.java:1573)
	at org.springframework.beans.factory.support.DefaultListableBeanFactory.resolveDependency(DefaultListableBeanFactory.java:1519)
	at org.springframework.beans.factory.support.ConstructorResolver.resolveAutowiredArgument(ConstructorResolver.java:913)
	at org.springframework.beans.factory.support.ConstructorResolver.createArgumentArray(ConstructorResolver.java:791)
	at org.springframework.beans.factory.support.ConstructorResolver.instantiateUsingFactoryMethod(ConstructorResolver.java:546)
	at org.springframework.beans.factory.support.AbstractAutowireCapableBeanFactory.instantiateUsingFactoryMethod(AbstractAutowireCapableBeanFactory.java:1357)
	at org.springframework.beans.factory.support.AbstractAutowireCapableBeanFactory.createBeanInstance(AbstractAutowireCapableBeanFactory.java:1187)
	at org.springframework.beans.factory.support.AbstractAutowireCapableBeanFactory.doCreateBean(AbstractAutowireCapableBeanFactory.java:563)
	at org.springframework.beans.factory.support.AbstractAutowireCapableBeanFactory.createBean(AbstractAutowireCapableBeanFactory.java:523)
	at org.springframework.beans.factory.support.AbstractBeanFactory.lambda$doGetBean$0(AbstractBeanFactory.java:336)
	at org.springframework.beans.factory.support.DefaultSingletonBeanRegistry.getSingleton(DefaultSingletonBeanRegistry.java:289)
	at org.springframework.beans.factory.support.AbstractBeanFactory.doGetBean(AbstractBeanFactory.java:334)
	at org.springframework.beans.factory.support.AbstractBeanFactory.getBean(AbstractBeanFactory.java:199)
	at org.springframework.beans.factory.config.DependencyDescriptor.resolveCandidate(DependencyDescriptor.java:254)
	at org.springframework.beans.factory.support.DefaultListableBeanFactory.doResolveDependency(DefaultListableBeanFactory.java:1631)
	at org.springframework.beans.factory.support.DefaultListableBeanFactory.resolveDependency(DefaultListableBeanFactory.java:1519)
	at org.springframework.beans.factory.support.ConstructorResolver.resolveAutowiredArgument(ConstructorResolver.java:913)
	at org.springframework.beans.factory.support.ConstructorResolver.createArgumentArray(ConstructorResolver.java:791)
	at org.springframework.beans.factory.support.ConstructorResolver.instantiateUsingFactoryMethod(ConstructorResolver.java:546)
	at org.springframework.beans.factory.support.AbstractAutowireCapableBeanFactory.instantiateUsingFactoryMethod(AbstractAutowireCapableBeanFactory.java:1357)
	at org.springframework.beans.factory.support.AbstractAutowireCapableBeanFactory.createBeanInstance(AbstractAutowireCapableBeanFactory.java:1187)
	at org.springframework.beans.factory.support.AbstractAutowireCapableBeanFactory.doCreateBean(AbstractAutowireCapableBeanFactory.java:563)
	at org.springframework.beans.factory.support.AbstractAutowireCapableBeanFactory.createBean(AbstractAutowireCapableBeanFactory.java:523)
	at org.springframework.beans.factory.support.AbstractBeanFactory.lambda$doGetBean$0(AbstractBeanFactory.java:336)
	at org.springframework.beans.factory.support.DefaultSingletonBeanRegistry.getSingleton(DefaultSingletonBeanRegistry.java:289)
	at org.springframework.beans.factory.support.AbstractBeanFactory.doGetBean(AbstractBeanFactory.java:334)
	at org.springframework.beans.factory.support.AbstractBeanFactory.getBean(AbstractBeanFactory.java:199)
	at org.springframework.beans.factory.config.DependencyDescriptor.resolveCandidate(DependencyDescriptor.java:254)
	at org.springframework.beans.factory.support.DefaultListableBeanFactory.doResolveDependency(DefaultListableBeanFactory.java:1631)
	at org.springframework.beans.factory.support.DefaultListableBeanFactory.resolveDependency(DefaultListableBeanFactory.java:1519)
	at org.springframework.beans.factory.support.ConstructorResolver.resolveAutowiredArgument(ConstructorResolver.java:913)
	at org.springframework.beans.factory.support.ConstructorResolver.createArgumentArray(ConstructorResolver.java:791)
	at org.springframework.beans.factory.support.ConstructorResolver.autowireConstructor(ConstructorResolver.java:240)
	at org.springframework.beans.factory.support.AbstractAutowireCapableBeanFactory.autowireConstructor(AbstractAutowireCapableBeanFactory.java:1377)
	at org.springframework.beans.factory.support.AbstractAutowireCapableBeanFactory.createBeanInstance(AbstractAutowireCapableBeanFactory.java:1214)
	at org.springframework.beans.factory.support.AbstractAutowireCapableBeanFactory.doCreateBean(AbstractAutowireCapableBeanFactory.java:563)
	at org.springframework.beans.factory.support.AbstractAutowireCapableBeanFactory.createBean(AbstractAutowireCapableBeanFactory.java:523)
	at org.springframework.beans.factory.support.AbstractBeanFactory.lambda$doGetBean$0(AbstractBeanFactory.java:336)
	at org.springframework.beans.factory.support.DefaultSingletonBeanRegistry.getSingleton(DefaultSingletonBeanRegistry.java:289)
	at org.springframework.beans.factory.support.AbstractBeanFactory.doGetBean(AbstractBeanFactory.java:334)
	at org.springframework.beans.factory.support.AbstractBeanFactory.getBean(AbstractBeanFactory.java:199)
	at org.springframework.beans.factory.support.DefaultListableBeanFactory.instantiateSingleton(DefaultListableBeanFactory.java:1122)
	at org.springframework.beans.factory.support.DefaultListableBeanFactory.preInstantiateSingleton(DefaultListableBeanFactory.java:1093)
	at org.springframework.beans.factory.support.DefaultListableBeanFactory.preInstantiateSingletons(DefaultListableBeanFactory.java:1030)
	at org.springframework.context.support.AbstractApplicationContext.finishBeanFactoryInitialization(AbstractApplicationContext.java:987)
	at org.springframework.context.support.AbstractApplicationContext.refresh(AbstractApplicationContext.java:627)
	at org.springframework.boot.web.servlet.context.ServletWebServerApplicationContext.refresh(ServletWebServerApplicationContext.java:146)
	at org.springframework.boot.SpringApplication.refresh(SpringApplication.java:752)
	at org.springframework.boot.SpringApplication.refreshContext(SpringApplication.java:439)
	at org.springframework.boot.SpringApplication.run(SpringApplication.java:318)
	at org.springframework.boot.SpringApplication.run(SpringApplication.java:1361)
	at org.springframework.boot.SpringApplication.run(SpringApplication.java:1350)
	at com.personal.crud_pulsar.CrudPulsarApplicationKt.main(CrudPulsarApplication.kt:17)
	at java.base/jdk.internal.reflect.NativeMethodAccessorImpl.invoke0(Native Method)
	at java.base/jdk.internal.reflect.NativeMethodAccessorImpl.invoke(NativeMethodAccessorImpl.java:77)
	at java.base/jdk.internal.reflect.DelegatingMethodAccessorImpl.invoke(DelegatingMethodAccessorImpl.java:43)
	at java.base/java.lang.reflect.Method.invoke(Method.java:568)
	at org.springframework.boot.devtools.restart.RestartLauncher.run(RestartLauncher.java:50)
2025-01-28 16:07:31 [restartedMain] WARN  o.s.b.a.o.j.JpaBaseConfiguration$JpaWebConfiguration - spring.jpa.open-in-view is enabled by default. Therefore, database queries may be performed during view rendering. Explicitly configure spring.jpa.open-in-view to disable this warning
2025-01-28 16:07:31 [restartedMain] INFO  o.s.b.d.a.OptionalLiveReloadServer - LiveReload server is running on port 35729
2025-01-28 16:07:31 [pulsar-client-io-1-3] INFO  o.a.p.client.impl.ConnectionPool - [[id: 0x4267c943, L:/127.0.0.1:54772 - R:localhost/127.0.0.1:6650]] Connected to server
2025-01-28 16:07:31 [pulsar-client-io-1-3] INFO  o.a.p.c.i.ConsumerStatsRecorderImpl - Starting Pulsar consumer status recorder with config: {"topicNames":["persistent://public/default/jt-raw-topic"],"topicsPattern":null,"subscriptionName":"my-subscription","subscriptionType":"Shared","subscriptionProperties":null,"subscriptionMode":"Durable","receiverQueueSize":1000,"acknowledgementsGroupTimeMicros":100000,"maxAcknowledgmentGroupSize":1000,"negativeAckRedeliveryDelayMicros":60000000,"maxTotalReceiverQueueSizeAcrossPartitions":50000,"consumerName":null,"ackTimeoutMillis":0,"tickDurationMillis":1000,"priorityLevel":0,"maxPendingChunkedMessage":10,"autoAckOldestChunkedMessageOnQueueFull":false,"expireTimeOfIncompleteChunkedMessageMillis":60000,"cryptoFailureAction":"FAIL","properties":{},"readCompacted":false,"subscriptionInitialPosition":"Latest","patternAutoDiscoveryPeriod":60,"regexSubscriptionMode":"PersistentOnly","deadLetterPolicy":{"maxRedeliverCount":3,"retryLetterTopic":"jt-raw-topic-retry","deadLetterTopic":"jt-raw-topic-dlq","initialSubscriptionName":null},"retryEnable":false,"autoUpdatePartitions":true,"autoUpdatePartitionsIntervalSeconds":60,"replicateSubscriptionState":false,"resetIncludeHead":false,"batchIndexAckEnabled":false,"ackReceiptEnabled":false,"poolMessages":false,"startPaused":false,"autoScaledReceiverQueueSizeEnabled":false,"topicConfigurations":[],"maxPendingChuckedMessage":10}
2025-01-28 16:07:31 [pulsar-client-io-1-3] INFO  o.a.p.c.i.ConsumerStatsRecorderImpl - Pulsar client config: {"serviceUrl":"pulsar://localhost:6650","authPluginClassName":null,"authParams":null,"authParamMap":null,"operationTimeoutMs":30000,"lookupTimeoutMs":30000,"statsIntervalSeconds":60,"numIoThreads":8,"numListenerThreads":8,"connectionsPerBroker":1,"connectionMaxIdleSeconds":180,"useTcpNoDelay":true,"useTls":false,"tlsKeyFilePath":null,"tlsCertificateFilePath":null,"tlsTrustCertsFilePath":null,"tlsAllowInsecureConnection":false,"tlsHostnameVerificationEnable":false,"concurrentLookupRequest":5000,"maxLookupRequest":50000,"maxLookupRedirects":20,"maxNumberOfRejectedRequestPerConnection":50,"keepAliveIntervalSeconds":30,"connectionTimeoutMs":10000,"requestTimeoutMs":60000,"readTimeoutMs":60000,"autoCertRefreshSeconds":300,"initialBackoffIntervalNanos":100000000,"maxBackoffIntervalNanos":60000000000,"enableBusyWait":false,"listenerName":null,"useKeyStoreTls":false,"sslProvider":null,"tlsKeyStoreType":"JKS","tlsKeyStorePath":null,"tlsKeyStorePassword":null,"tlsTrustStoreType":"JKS","tlsTrustStorePath":null,"tlsTrustStorePassword":null,"tlsCiphers":[],"tlsProtocols":[],"memoryLimitBytes":67108864,"proxyServiceUrl":null,"proxyProtocol":null,"enableTransaction":false,"dnsLookupBindAddress":null,"dnsLookupBindPort":0,"socks5ProxyAddress":null,"socks5ProxyUsername":null,"socks5ProxyPassword":null,"description":null}
2025-01-28 16:07:31 [pulsar-client-io-1-3] INFO  o.a.pulsar.client.impl.ConsumerImpl - [persistent://public/default/jt-raw-topic][my-subscription] Subscribing to topic on cnx [id: 0x4267c943, L:/127.0.0.1:54772 - R:localhost/127.0.0.1:6650], consumerId 0
2025-01-28 16:07:31 [pulsar-client-io-1-3] INFO  o.a.pulsar.client.impl.ConsumerImpl - [persistent://public/default/jt-raw-topic][my-subscription] Subscribed to topic on localhost/127.0.0.1:6650 -- consumer: 0
2025-01-28 16:07:31 [pulsar-client-io-1-3] INFO  o.a.p.c.i.ConsumerStatsRecorderImpl - Starting Pulsar consumer status recorder with config: {"topicNames":["persistent://public/default/jt-plain-topic"],"topicsPattern":null,"subscriptionName":"my-subscription","subscriptionType":"Shared","subscriptionProperties":null,"subscriptionMode":"Durable","receiverQueueSize":1000,"acknowledgementsGroupTimeMicros":100000,"maxAcknowledgmentGroupSize":1000,"negativeAckRedeliveryDelayMicros":60000000,"maxTotalReceiverQueueSizeAcrossPartitions":50000,"consumerName":null,"ackTimeoutMillis":0,"tickDurationMillis":1000,"priorityLevel":0,"maxPendingChunkedMessage":10,"autoAckOldestChunkedMessageOnQueueFull":false,"expireTimeOfIncompleteChunkedMessageMillis":60000,"cryptoFailureAction":"FAIL","properties":{},"readCompacted":false,"subscriptionInitialPosition":"Latest","patternAutoDiscoveryPeriod":60,"regexSubscriptionMode":"PersistentOnly","deadLetterPolicy":{"maxRedeliverCount":3,"retryLetterTopic":"jt-raw-topic-retry","deadLetterTopic":"jt-raw-topic-dlq","initialSubscriptionName":null},"retryEnable":false,"autoUpdatePartitions":true,"autoUpdatePartitionsIntervalSeconds":60,"replicateSubscriptionState":false,"resetIncludeHead":false,"batchIndexAckEnabled":false,"ackReceiptEnabled":false,"poolMessages":false,"startPaused":false,"autoScaledReceiverQueueSizeEnabled":false,"topicConfigurations":[],"maxPendingChuckedMessage":10}
2025-01-28 16:07:31 [pulsar-client-io-1-3] INFO  o.a.p.c.i.ConsumerStatsRecorderImpl - Pulsar client config: {"serviceUrl":"pulsar://localhost:6650","authPluginClassName":null,"authParams":null,"authParamMap":null,"operationTimeoutMs":30000,"lookupTimeoutMs":30000,"statsIntervalSeconds":60,"numIoThreads":8,"numListenerThreads":8,"connectionsPerBroker":1,"connectionMaxIdleSeconds":180,"useTcpNoDelay":true,"useTls":false,"tlsKeyFilePath":null,"tlsCertificateFilePath":null,"tlsTrustCertsFilePath":null,"tlsAllowInsecureConnection":false,"tlsHostnameVerificationEnable":false,"concurrentLookupRequest":5000,"maxLookupRequest":50000,"maxLookupRedirects":20,"maxNumberOfRejectedRequestPerConnection":50,"keepAliveIntervalSeconds":30,"connectionTimeoutMs":10000,"requestTimeoutMs":60000,"readTimeoutMs":60000,"autoCertRefreshSeconds":300,"initialBackoffIntervalNanos":100000000,"maxBackoffIntervalNanos":60000000000,"enableBusyWait":false,"listenerName":null,"useKeyStoreTls":false,"sslProvider":null,"tlsKeyStoreType":"JKS","tlsKeyStorePath":null,"tlsKeyStorePassword":null,"tlsTrustStoreType":"JKS","tlsTrustStorePath":null,"tlsTrustStorePassword":null,"tlsCiphers":[],"tlsProtocols":[],"memoryLimitBytes":67108864,"proxyServiceUrl":null,"proxyProtocol":null,"enableTransaction":false,"dnsLookupBindAddress":null,"dnsLookupBindPort":0,"socks5ProxyAddress":null,"socks5ProxyUsername":null,"socks5ProxyPassword":null,"description":null}
2025-01-28 16:07:31 [pulsar-client-io-1-3] INFO  o.a.pulsar.client.impl.ConsumerImpl - [persistent://public/default/jt-plain-topic][my-subscription] Subscribing to topic on cnx [id: 0x4267c943, L:/127.0.0.1:54772 - R:localhost/127.0.0.1:6650], consumerId 1
2025-01-28 16:07:31 [pulsar-client-io-1-3] INFO  o.a.pulsar.client.impl.ConsumerImpl - [persistent://public/default/jt-plain-topic][my-subscription] Subscribed to topic on localhost/127.0.0.1:6650 -- consumer: 1
2025-01-28 16:07:31 [pulsar-client-io-1-3] INFO  o.a.p.c.i.ConsumerStatsRecorderImpl - Starting Pulsar consumer status recorder with config: {"topicNames":["persistent://public/default/jt-raw-topic-dlq"],"topicsPattern":null,"subscriptionName":"my-subscription-dlq","subscriptionType":"Exclusive","subscriptionProperties":null,"subscriptionMode":"Durable","receiverQueueSize":1000,"acknowledgementsGroupTimeMicros":100000,"maxAcknowledgmentGroupSize":1000,"negativeAckRedeliveryDelayMicros":60000000,"maxTotalReceiverQueueSizeAcrossPartitions":50000,"consumerName":null,"ackTimeoutMillis":0,"tickDurationMillis":1000,"priorityLevel":0,"maxPendingChunkedMessage":10,"autoAckOldestChunkedMessageOnQueueFull":false,"expireTimeOfIncompleteChunkedMessageMillis":60000,"cryptoFailureAction":"FAIL","properties":{},"readCompacted":false,"subscriptionInitialPosition":"Latest","patternAutoDiscoveryPeriod":60,"regexSubscriptionMode":"PersistentOnly","deadLetterPolicy":{"maxRedeliverCount":3,"retryLetterTopic":"jt-raw-topic-retry","deadLetterTopic":"jt-raw-topic-dlq","initialSubscriptionName":null},"retryEnable":false,"autoUpdatePartitions":true,"autoUpdatePartitionsIntervalSeconds":60,"replicateSubscriptionState":false,"resetIncludeHead":false,"batchIndexAckEnabled":false,"ackReceiptEnabled":false,"poolMessages":false,"startPaused":false,"autoScaledReceiverQueueSizeEnabled":false,"topicConfigurations":[],"maxPendingChuckedMessage":10}
2025-01-28 16:07:31 [pulsar-client-io-1-3] INFO  o.a.p.c.i.ConsumerStatsRecorderImpl - Pulsar client config: {"serviceUrl":"pulsar://localhost:6650","authPluginClassName":null,"authParams":null,"authParamMap":null,"operationTimeoutMs":30000,"lookupTimeoutMs":30000,"statsIntervalSeconds":60,"numIoThreads":8,"numListenerThreads":8,"connectionsPerBroker":1,"connectionMaxIdleSeconds":180,"useTcpNoDelay":true,"useTls":false,"tlsKeyFilePath":null,"tlsCertificateFilePath":null,"tlsTrustCertsFilePath":null,"tlsAllowInsecureConnection":false,"tlsHostnameVerificationEnable":false,"concurrentLookupRequest":5000,"maxLookupRequest":50000,"maxLookupRedirects":20,"maxNumberOfRejectedRequestPerConnection":50,"keepAliveIntervalSeconds":30,"connectionTimeoutMs":10000,"requestTimeoutMs":60000,"readTimeoutMs":60000,"autoCertRefreshSeconds":300,"initialBackoffIntervalNanos":100000000,"maxBackoffIntervalNanos":60000000000,"enableBusyWait":false,"listenerName":null,"useKeyStoreTls":false,"sslProvider":null,"tlsKeyStoreType":"JKS","tlsKeyStorePath":null,"tlsKeyStorePassword":null,"tlsTrustStoreType":"JKS","tlsTrustStorePath":null,"tlsTrustStorePassword":null,"tlsCiphers":[],"tlsProtocols":[],"memoryLimitBytes":67108864,"proxyServiceUrl":null,"proxyProtocol":null,"enableTransaction":false,"dnsLookupBindAddress":null,"dnsLookupBindPort":0,"socks5ProxyAddress":null,"socks5ProxyUsername":null,"socks5ProxyPassword":null,"description":null}
2025-01-28 16:07:31 [pulsar-client-io-1-3] INFO  o.a.pulsar.client.impl.ConsumerImpl - [persistent://public/default/jt-raw-topic-dlq][my-subscription-dlq] Subscribing to topic on cnx [id: 0x4267c943, L:/127.0.0.1:54772 - R:localhost/127.0.0.1:6650], consumerId 2
2025-01-28 16:07:31 [pulsar-client-io-1-3] INFO  o.a.pulsar.client.impl.ConsumerImpl - [persistent://public/default/jt-raw-topic-dlq][my-subscription-dlq] Subscribed to topic on localhost/127.0.0.1:6650 -- consumer: 2
2025-01-28 16:07:31 [restartedMain] INFO  o.s.b.w.e.tomcat.TomcatWebServer - Tomcat started on port 9191 (http) with context path '/'
2025-01-28 16:07:31 [restartedMain] INFO  c.p.c.CrudPulsarApplicationKt - Started CrudPulsarApplicationKt in 3.279 seconds (process running for 3.633)
2025-01-28 16:07:39 [http-nio-9191-exec-1] INFO  o.a.c.c.C.[Tomcat].[localhost].[/] - Initializing Spring DispatcherServlet 'dispatcherServlet'
2025-01-28 16:07:39 [http-nio-9191-exec-1] INFO  o.s.web.servlet.DispatcherServlet - Initializing Servlet 'dispatcherServlet'
2025-01-28 16:07:39 [http-nio-9191-exec-1] INFO  o.s.web.servlet.DispatcherServlet - Completed initialization in 1 ms
2025-01-28 16:07:39 [http-nio-9191-exec-1] INFO  c.p.crud_pulsar.HelloController - Fetching all users
2025-01-28 16:07:39 [pulsar-client-io-1-3] INFO  o.a.p.c.i.ProducerStatsRecorderImpl - Starting Pulsar producer perf with config: {"topicName":"persistent://public/default/jt-plain-topic","producerName":null,"sendTimeoutMs":30000,"blockIfQueueFull":false,"maxPendingMessages":0,"maxPendingMessagesAcrossPartitions":0,"messageRoutingMode":"RoundRobinPartition","hashingScheme":"JavaStringHash","cryptoFailureAction":"FAIL","batchingMaxPublishDelayMicros":1000,"batchingPartitionSwitchFrequencyByPublishDelay":10,"batchingMaxMessages":1000,"batchingMaxBytes":131072,"batchingEnabled":true,"chunkingEnabled":false,"chunkMaxMessageSize":-1,"encryptionKeys":[],"compressionType":"NONE","initialSequenceId":null,"autoUpdatePartitions":true,"autoUpdatePartitionsIntervalSeconds":60,"multiSchema":true,"accessMode":"Shared","lazyStartPartitionedProducers":false,"properties":{},"initialSubscriptionName":null}
2025-01-28 16:07:39 [pulsar-client-io-1-3] INFO  o.a.p.c.i.ProducerStatsRecorderImpl - Pulsar client config: {"serviceUrl":"pulsar://localhost:6650","authPluginClassName":null,"authParams":null,"authParamMap":null,"operationTimeoutMs":30000,"lookupTimeoutMs":30000,"statsIntervalSeconds":60,"numIoThreads":8,"numListenerThreads":8,"connectionsPerBroker":1,"connectionMaxIdleSeconds":180,"useTcpNoDelay":true,"useTls":false,"tlsKeyFilePath":null,"tlsCertificateFilePath":null,"tlsTrustCertsFilePath":null,"tlsAllowInsecureConnection":false,"tlsHostnameVerificationEnable":false,"concurrentLookupRequest":5000,"maxLookupRequest":50000,"maxLookupRedirects":20,"maxNumberOfRejectedRequestPerConnection":50,"keepAliveIntervalSeconds":30,"connectionTimeoutMs":10000,"requestTimeoutMs":60000,"readTimeoutMs":60000,"autoCertRefreshSeconds":300,"initialBackoffIntervalNanos":100000000,"maxBackoffIntervalNanos":60000000000,"enableBusyWait":false,"listenerName":null,"useKeyStoreTls":false,"sslProvider":null,"tlsKeyStoreType":"JKS","tlsKeyStorePath":null,"tlsKeyStorePassword":null,"tlsTrustStoreType":"JKS","tlsTrustStorePath":null,"tlsTrustStorePassword":null,"tlsCiphers":[],"tlsProtocols":[],"memoryLimitBytes":67108864,"proxyServiceUrl":null,"proxyProtocol":null,"enableTransaction":false,"dnsLookupBindAddress":null,"dnsLookupBindPort":0,"socks5ProxyAddress":null,"socks5ProxyUsername":null,"socks5ProxyPassword":null,"description":null}
2025-01-28 16:07:39 [pulsar-client-io-1-3] INFO  o.a.pulsar.client.impl.ProducerImpl - [persistent://public/default/jt-plain-topic] [null] Creating producer on cnx [id: 0x4267c943, L:/127.0.0.1:54772 - R:localhost/127.0.0.1:6650]
2025-01-28 16:07:39 [pulsar-client-io-1-3] INFO  o.a.pulsar.client.impl.ProducerImpl - [persistent://public/default/jt-plain-topic] [standalone-1-0] Created producer on cnx [id: 0x4267c943, L:/127.0.0.1:54772 - R:localhost/127.0.0.1:6650]
2025-01-28 16:07:39 [http-nio-9191-exec-1] INFO  c.p.crud_pulsar.EventPublisher - EventPublisher::publishPlainMessage published the event: Fetched all users
2025-01-28 16:07:39 [org.springframework.Pulsar.PulsarListenerEndpointContainer#0-0-C-1] INFO  c.personal.crud_pulsar.EventConsumer - EventConsumer::consumeTextEvent consumed events Fetched all users
2025-01-28 16:07:39 [http-nio-9191-exec-1] INFO  c.p.crud_pulsar.EventPublisher - EventPublisher::publishPlainMessage published the event: {"action":"Fetch Users","description":"Users fetched successfully","statusCode":200}
2025-01-28 16:07:39 [http-nio-9191-exec-1] INFO  c.p.crud_pulsar.HelloController - Audit log saved to database: AuditLog(id=2, action=Fetch Users, description=Users fetched successfully, statusCode=200, timestamp=2025-01-28T16:07:39.892111)
2025-01-28 16:07:39 [http-nio-9191-exec-2] INFO  c.p.crud_pulsar.HelloController - Fetching all users
2025-01-28 16:07:39 [http-nio-9191-exec-2] INFO  c.p.crud_pulsar.EventPublisher - EventPublisher::publishPlainMessage published the event: Fetched all users
2025-01-28 16:07:39 [http-nio-9191-exec-2] INFO  c.p.crud_pulsar.EventPublisher - EventPublisher::publishPlainMessage published the event: {"action":"Fetch Users","description":"Users fetched successfully","statusCode":200}
2025-01-28 16:07:39 [http-nio-9191-exec-2] INFO  c.p.crud_pulsar.HelloController - Audit log saved to database: AuditLog(id=3, action=Fetch Users, description=Users fetched successfully, statusCode=200, timestamp=2025-01-28T16:07:39.971319)
2025-01-28 16:07:39 [org.springframework.Pulsar.PulsarListenerEndpointContainer#0-0-C-1] INFO  c.personal.crud_pulsar.EventConsumer - EventConsumer::consumeTextEvent consumed events {"action":"Fetch Users","description":"Users fetched successfully","statusCode":200}
2025-01-28 16:07:39 [org.springframework.Pulsar.PulsarListenerEndpointContainer#0-0-C-1] INFO  c.personal.crud_pulsar.EventConsumer - EventConsumer::consumeTextEvent consumed events Fetched all users
2025-01-28 16:07:39 [org.springframework.Pulsar.PulsarListenerEndpointContainer#0-0-C-1] INFO  c.personal.crud_pulsar.EventConsumer - EventConsumer::consumeTextEvent consumed events {"action":"Fetch Users","description":"Users fetched successfully","statusCode":200}
2025-01-28 16:08:31 [pulsar-timer-27-1] INFO  o.a.p.c.i.ConsumerStatsRecorderImpl - [persistent://public/default/jt-plain-topic] [my-subscription] [4675b] Prefetched messages: 0 --- Consume throughput received: 0.07 msgs/s --- 0.00 Mbit/s --- Ack sent rate: 0.07 ack/s --- Failed messages: 0 --- batch messages: 0 ---Failed acks: 0
2025-01-28 16:08:37 [http-nio-9191-exec-4] INFO  c.p.crud_pulsar.HelloController - Fetching user with ID: 1
2025-01-28 16:08:37 [http-nio-9191-exec-4] INFO  c.p.crud_pulsar.EventPublisher - EventPublisher::publishPlainMessage published the event: Fetched user: 1
2025-01-28 16:08:37 [http-nio-9191-exec-4] INFO  c.p.crud_pulsar.HelloController - User with ID: 1 found.
2025-01-28 16:08:37 [http-nio-9191-exec-4] INFO  c.p.crud_pulsar.EventPublisher - EventPublisher::publishPlainMessage published the event: {"action":"Fetch User","description":"User found","statusCode":200}
2025-01-28 16:08:37 [org.springframework.Pulsar.PulsarListenerEndpointContainer#0-0-C-1] INFO  c.personal.crud_pulsar.EventConsumer - EventConsumer::consumeTextEvent consumed events Fetched user: 1
2025-01-28 16:08:37 [org.springframework.Pulsar.PulsarListenerEndpointContainer#0-0-C-1] INFO  c.personal.crud_pulsar.EventConsumer - EventConsumer::consumeTextEvent consumed events {"action":"Fetch User","description":"User found","statusCode":200}
2025-01-28 16:08:37 [http-nio-9191-exec-4] INFO  c.p.crud_pulsar.HelloController - Audit log saved to database: AuditLog(id=4, action=Fetch User, description=User found, statusCode=200, timestamp=2025-01-28T16:08:37.209899)
2025-01-28 16:08:37 [http-nio-9191-exec-5] INFO  c.p.crud_pulsar.HelloController - Fetching user with ID: 1
2025-01-28 16:08:37 [http-nio-9191-exec-5] INFO  c.p.crud_pulsar.EventPublisher - EventPublisher::publishPlainMessage published the event: Fetched user: 1
2025-01-28 16:08:37 [http-nio-9191-exec-5] INFO  c.p.crud_pulsar.HelloController - User with ID: 1 found.
2025-01-28 16:08:37 [http-nio-9191-exec-5] INFO  c.p.crud_pulsar.EventPublisher - EventPublisher::publishPlainMessage published the event: {"action":"Fetch User","description":"User found","statusCode":200}
2025-01-28 16:08:37 [http-nio-9191-exec-5] INFO  c.p.crud_pulsar.HelloController - Audit log saved to database: AuditLog(id=5, action=Fetch User, description=User found, statusCode=200, timestamp=2025-01-28T16:08:37.245662)
2025-01-28 16:08:37 [org.springframework.Pulsar.PulsarListenerEndpointContainer#0-0-C-1] INFO  c.personal.crud_pulsar.EventConsumer - EventConsumer::consumeTextEvent consumed events Fetched user: 1
2025-01-28 16:08:37 [org.springframework.Pulsar.PulsarListenerEndpointContainer#0-0-C-1] INFO  c.personal.crud_pulsar.EventConsumer - EventConsumer::consumeTextEvent consumed events {"action":"Fetch User","description":"User found","statusCode":200}
2025-01-28 16:08:39 [pulsar-timer-27-1] INFO  o.a.p.c.i.ProducerStatsRecorderImpl - [persistent://public/default/jt-plain-topic] [standalone-1-0] --- Publish throughput: 0.13 msg/s --- 0.00 Mbit/s --- Latency: med: 9.000 ms - 95pct: 589.000 ms - 99pct: 589.000 ms - 99.9pct: 589.000 ms - max: 589.000 ms --- BatchSize: med: 1.000 - 95pct: 1.000 - 99pct: 1.000 - 99.9pct: 1.000 - max: 1.000 --- MsgSize: med: 67.000 bytes - 95pct: 84.000 bytes - 99pct: 84.000 bytes - 99.9pct: 84.000 bytes - max: 84.000 bytes --- Ack received rate: 0.13 ack/s --- Failed messages: 0 --- Pending messages: 0
2025-01-28 16:09:31 [pulsar-timer-27-1] INFO  o.a.p.c.i.ConsumerStatsRecorderImpl - [persistent://public/default/jt-plain-topic] [my-subscription] [4675b] Prefetched messages: 0 --- Consume throughput received: 0.07 msgs/s --- 0.00 Mbit/s --- Ack sent rate: 0.07 ack/s --- Failed messages: 0 --- batch messages: 0 ---Failed acks: 0
2025-01-28 16:09:37 [pulsar-client-io-1-3] INFO  o.a.pulsar.client.impl.ProducerImpl - [persistent://public/default/jt-plain-topic] [standalone-1-0] Closed Producer
2025-01-28 16:32:56 [SpringApplicationShutdownHook] INFO  o.s.b.w.e.tomcat.GracefulShutdown - Commencing graceful shutdown. Waiting for active requests to complete
2025-01-28 16:32:56 [tomcat-shutdown] INFO  o.s.b.w.e.tomcat.GracefulShutdown - Graceful shutdown complete
2025-01-28 16:32:56 [SpringApplicationShutdownHook] INFO  o.s.p.l.DefaultPulsarMessageListenerContainer - Pausing consumer
2025-01-28 16:32:56 [SpringApplicationShutdownHook] INFO  o.s.p.l.DefaultPulsarMessageListenerContainer - Closing consumer
2025-01-28 16:32:56 [pulsar-client-io-1-3] INFO  o.a.pulsar.client.impl.ConsumerImpl - [persistent://public/default/jt-raw-topic] [my-subscription] Closed consumer
2025-01-28 16:32:56 [SpringApplicationShutdownHook] INFO  o.s.p.l.DefaultPulsarMessageListenerContainer - Pausing consumer
2025-01-28 16:32:56 [SpringApplicationShutdownHook] INFO  o.s.p.l.DefaultPulsarMessageListenerContainer - Closing consumer
2025-01-28 16:32:56 [pulsar-client-io-1-3] INFO  o.a.pulsar.client.impl.ConsumerImpl - [persistent://public/default/jt-plain-topic] [my-subscription] Closed consumer
2025-01-28 16:32:56 [SpringApplicationShutdownHook] INFO  o.s.p.l.DefaultPulsarMessageListenerContainer - Pausing consumer
2025-01-28 16:32:56 [SpringApplicationShutdownHook] INFO  o.s.p.l.DefaultPulsarMessageListenerContainer - Closing consumer
2025-01-28 16:32:56 [pulsar-client-io-1-3] INFO  o.a.pulsar.client.impl.ConsumerImpl - [persistent://public/default/jt-raw-topic-dlq] [my-subscription-dlq] Closed consumer
2025-01-28 16:32:56 [SpringApplicationShutdownHook] INFO  o.a.p.client.impl.PulsarClientImpl - Client closing. URL: pulsar://localhost:6650
2025-01-28 16:32:56 [pulsar-client-io-1-3] INFO  o.a.pulsar.client.impl.ClientCnx - [id: 0x4267c943, L:/127.0.0.1:54772 ! R:localhost/127.0.0.1:6650] Disconnected
2025-01-28 16:32:58 [SpringApplicationShutdownHook] INFO  o.s.o.j.LocalContainerEntityManagerFactoryBean - Closing JPA EntityManagerFactory for persistence unit 'default'
2025-01-28 16:32:58 [SpringApplicationShutdownHook] INFO  com.zaxxer.hikari.HikariDataSource - HikariPool-1 - Shutdown initiated...
2025-01-28 16:32:58 [SpringApplicationShutdownHook] INFO  com.zaxxer.hikari.HikariDataSource - HikariPool-1 - Shutdown completed.
2025-01-28 16:33:02 [restartedMain] INFO  c.p.c.CrudPulsarApplicationKt - Starting CrudPulsarApplicationKt using Java 17.0.12 with PID 49996 (/Users/uttam.gowda/IdeaProjects/crud-pulsar -1/build/classes/kotlin/main started by uttam.gowda in /Users/uttam.gowda/IdeaProjects/crud-pulsar -1)
2025-01-28 16:33:02 [restartedMain] INFO  c.p.c.CrudPulsarApplicationKt - No active profile set, falling back to 1 default profile: "default"
2025-01-28 16:33:02 [restartedMain] INFO  o.s.b.d.restart.ChangeableUrls - The Class-Path manifest attribute in /Users/uttam.gowda/.gradle/caches/modules-2/files-2.1/org.springframework.pulsar/spring-pulsar-cache-provider-caffeine/1.2.1/c2b0ff3dd061069d916cb1df19e539eda19562e0/spring-pulsar-cache-provider-caffeine-1.2.1.jar referenced one or more files that do not exist: file:/Users/uttam.gowda/.gradle/caches/modules-2/files-2.1/org.springframework.pulsar/spring-pulsar-cache-provider-caffeine/1.2.1/c2b0ff3dd061069d916cb1df19e539eda19562e0/spring-pulsar-cache-provider-1.2.1.jar
2025-01-28 16:33:02 [restartedMain] INFO  o.s.b.d.e.DevToolsPropertyDefaultsPostProcessor - Devtools property defaults active! Set 'spring.devtools.add-properties' to 'false' to disable
2025-01-28 16:33:02 [restartedMain] INFO  o.s.b.d.e.DevToolsPropertyDefaultsPostProcessor - For additional web related logging consider setting the 'logging.level.web' property to 'DEBUG'
2025-01-28 16:33:03 [restartedMain] INFO  o.s.d.r.c.RepositoryConfigurationDelegate - Bootstrapping Spring Data JPA repositories in DEFAULT mode.
2025-01-28 16:33:03 [restartedMain] INFO  o.s.d.r.c.RepositoryConfigurationDelegate - Finished Spring Data repository scanning in 26 ms. Found 2 JPA repository interfaces.
2025-01-28 16:33:03 [restartedMain] INFO  o.s.b.w.e.tomcat.TomcatWebServer - Tomcat initialized with port 9191 (http)
2025-01-28 16:33:03 [restartedMain] INFO  o.a.catalina.core.StandardService - Starting service [Tomcat]
2025-01-28 16:33:03 [restartedMain] INFO  o.a.catalina.core.StandardEngine - Starting Servlet engine: [Apache Tomcat/10.1.34]
2025-01-28 16:33:04 [restartedMain] INFO  o.a.c.c.C.[Tomcat].[localhost].[/] - Initializing Spring embedded WebApplicationContext
2025-01-28 16:33:04 [restartedMain] INFO  o.s.b.w.s.c.ServletWebServerApplicationContext - Root WebApplicationContext: initialization completed in 1137 ms
2025-01-28 16:33:04 [restartedMain] INFO  o.h.jpa.internal.util.LogHelper - HHH000204: Processing PersistenceUnitInfo [name: default]
2025-01-28 16:33:04 [restartedMain] INFO  org.hibernate.Version - HHH000412: Hibernate ORM core version 6.6.4.Final
2025-01-28 16:33:04 [restartedMain] INFO  o.h.c.i.RegionFactoryInitiator - HHH000026: Second-level cache disabled
2025-01-28 16:33:04 [restartedMain] INFO  o.s.o.j.p.SpringPersistenceUnitInfo - No LoadTimeWeaver setup: ignoring JPA class transformer
2025-01-28 16:33:04 [restartedMain] INFO  com.zaxxer.hikari.HikariDataSource - HikariPool-1 - Starting...
2025-01-28 16:33:04 [restartedMain] INFO  com.zaxxer.hikari.pool.HikariPool - HikariPool-1 - Added connection org.postgresql.jdbc.PgConnection@113a800
2025-01-28 16:33:04 [restartedMain] INFO  com.zaxxer.hikari.HikariDataSource - HikariPool-1 - Start completed.
2025-01-28 16:33:04 [restartedMain] WARN  org.hibernate.orm.deprecation - HHH90000025: PostgreSQLDialect does not need to be specified explicitly using 'hibernate.dialect' (remove the property setting and it will be selected by default)
2025-01-28 16:33:04 [restartedMain] INFO  o.hibernate.orm.connections.pooling - HHH10001005: Database info:
	Database JDBC URL [Connecting through datasource 'HikariDataSource (HikariPool-1)']
	Database driver: undefined/unknown
	Database version: 17.2
	Autocommit mode: undefined/unknown
	Isolation level: undefined/unknown
	Minimum pool size: undefined/unknown
	Maximum pool size: undefined/unknown
2025-01-28 16:33:04 [restartedMain] INFO  o.h.e.t.j.p.i.JtaPlatformInitiator - HHH000489: No JTA platform available (set 'hibernate.transaction.jta.platform' to enable JTA platform integration)
2025-01-28 16:33:04 [restartedMain] INFO  o.s.o.j.LocalContainerEntityManagerFactoryBean - Initialized JPA EntityManagerFactory for persistence unit 'default'
2025-01-28 16:33:05 [restartedMain] INFO  o.s.p.c.DefaultPulsarClientFactory - Using restartable client
2025-01-28 16:33:05 [restartedMain] ERROR o.a.p.s.i.n.r.d.DnsServerAddressStreamProviders - Unable to load org.apache.pulsar.shade.io.netty.resolver.dns.macos.MacOSDnsServerAddressStreamProvider, fallback to system defaults. This may result in incorrect DNS resolutions on MacOS. Check whether you have a dependency on 'io.netty:netty-resolver-dns-native-macos'. Use DEBUG level to see the full stack: java.lang.UnsatisfiedLinkError: failed to load the required native library
2025-01-28 16:33:05 [restartedMain] WARN  o.a.p.c.util.netty.DnsResolverUtil - Cannot get DNS TTL settings from sun.net.InetAddressCachePolicy class
java.lang.IllegalAccessException: class org.apache.pulsar.common.util.netty.DnsResolverUtil cannot access class sun.net.InetAddressCachePolicy (in module java.base) because module java.base does not export sun.net to unnamed module @3ad5493d
	at java.base/jdk.internal.reflect.Reflection.newIllegalAccessException(Reflection.java:392)
	at java.base/java.lang.reflect.AccessibleObject.checkAccess(AccessibleObject.java:674)
	at java.base/java.lang.reflect.Method.invoke(Method.java:560)
	at org.apache.pulsar.common.util.netty.DnsResolverUtil.<clinit>(DnsResolverUtil.java:46)
	at org.apache.pulsar.client.impl.ConnectionPool.createAddressResolver(ConnectionPool.java:159)
	at org.apache.pulsar.client.impl.ConnectionPool.lambda$new$1(ConnectionPool.java:126)
	at java.base/java.util.Optional.orElseGet(Optional.java:364)
	at org.apache.pulsar.client.impl.ConnectionPool.<init>(ConnectionPool.java:126)
	at org.apache.pulsar.client.impl.ConnectionPool.<init>(ConnectionPool.java:95)
	at org.apache.pulsar.client.impl.ConnectionPool.<init>(ConnectionPool.java:90)
	at org.apache.pulsar.client.impl.PulsarClientImpl.<init>(PulsarClientImpl.java:196)
	at org.apache.pulsar.client.impl.PulsarClientImpl.<init>(PulsarClientImpl.java:153)
	at org.apache.pulsar.client.impl.ClientBuilderImpl.build(ClientBuilderImpl.java:63)
	at org.springframework.pulsar.core.PulsarClientProxy.createInstance(PulsarClientProxy.java:97)
	at org.springframework.pulsar.core.PulsarClientProxy.createInstance(PulsarClientProxy.java:47)
	at org.springframework.pulsar.core.RestartableSingletonFactory.ensureInstanceCreated(RestartableSingletonFactory.java:72)
	at org.springframework.pulsar.core.RestartableSingletonFactory.afterPropertiesSet(RestartableSingletonFactory.java:61)
	at org.springframework.beans.factory.support.AbstractAutowireCapableBeanFactory.invokeInitMethods(AbstractAutowireCapableBeanFactory.java:1855)
	at org.springframework.beans.factory.support.AbstractAutowireCapableBeanFactory.initializeBean(AbstractAutowireCapableBeanFactory.java:1804)
	at org.springframework.beans.factory.support.AbstractAutowireCapableBeanFactory.doCreateBean(AbstractAutowireCapableBeanFactory.java:601)
	at org.springframework.beans.factory.support.AbstractAutowireCapableBeanFactory.createBean(AbstractAutowireCapableBeanFactory.java:523)
	at org.springframework.beans.factory.support.AbstractBeanFactory.lambda$doGetBean$0(AbstractBeanFactory.java:336)
	at org.springframework.beans.factory.support.DefaultSingletonBeanRegistry.getSingleton(DefaultSingletonBeanRegistry.java:289)
	at org.springframework.beans.factory.support.AbstractBeanFactory.doGetBean(AbstractBeanFactory.java:334)
	at org.springframework.beans.factory.support.AbstractBeanFactory.getBean(AbstractBeanFactory.java:199)
	at org.springframework.beans.factory.support.DefaultListableBeanFactory.doResolveDependency(DefaultListableBeanFactory.java:1573)
	at org.springframework.beans.factory.support.DefaultListableBeanFactory.resolveDependency(DefaultListableBeanFactory.java:1519)
	at org.springframework.beans.factory.support.ConstructorResolver.resolveAutowiredArgument(ConstructorResolver.java:913)
	at org.springframework.beans.factory.support.ConstructorResolver.createArgumentArray(ConstructorResolver.java:791)
	at org.springframework.beans.factory.support.ConstructorResolver.instantiateUsingFactoryMethod(ConstructorResolver.java:546)
	at org.springframework.beans.factory.support.AbstractAutowireCapableBeanFactory.instantiateUsingFactoryMethod(AbstractAutowireCapableBeanFactory.java:1357)
	at org.springframework.beans.factory.support.AbstractAutowireCapableBeanFactory.createBeanInstance(AbstractAutowireCapableBeanFactory.java:1187)
	at org.springframework.beans.factory.support.AbstractAutowireCapableBeanFactory.doCreateBean(AbstractAutowireCapableBeanFactory.java:563)
	at org.springframework.beans.factory.support.AbstractAutowireCapableBeanFactory.createBean(AbstractAutowireCapableBeanFactory.java:523)
	at org.springframework.beans.factory.support.AbstractBeanFactory.lambda$doGetBean$0(AbstractBeanFactory.java:336)
	at org.springframework.beans.factory.support.DefaultSingletonBeanRegistry.getSingleton(DefaultSingletonBeanRegistry.java:289)
	at org.springframework.beans.factory.support.AbstractBeanFactory.doGetBean(AbstractBeanFactory.java:334)
	at org.springframework.beans.factory.support.AbstractBeanFactory.getBean(AbstractBeanFactory.java:199)
	at org.springframework.beans.factory.config.DependencyDescriptor.resolveCandidate(DependencyDescriptor.java:254)
	at org.springframework.beans.factory.support.DefaultListableBeanFactory.doResolveDependency(DefaultListableBeanFactory.java:1631)
	at org.springframework.beans.factory.support.DefaultListableBeanFactory.resolveDependency(DefaultListableBeanFactory.java:1519)
	at org.springframework.beans.factory.support.ConstructorResolver.resolveAutowiredArgument(ConstructorResolver.java:913)
	at org.springframework.beans.factory.support.ConstructorResolver.createArgumentArray(ConstructorResolver.java:791)
	at org.springframework.beans.factory.support.ConstructorResolver.instantiateUsingFactoryMethod(ConstructorResolver.java:546)
	at org.springframework.beans.factory.support.AbstractAutowireCapableBeanFactory.instantiateUsingFactoryMethod(AbstractAutowireCapableBeanFactory.java:1357)
	at org.springframework.beans.factory.support.AbstractAutowireCapableBeanFactory.createBeanInstance(AbstractAutowireCapableBeanFactory.java:1187)
	at org.springframework.beans.factory.support.AbstractAutowireCapableBeanFactory.doCreateBean(AbstractAutowireCapableBeanFactory.java:563)
	at org.springframework.beans.factory.support.AbstractAutowireCapableBeanFactory.createBean(AbstractAutowireCapableBeanFactory.java:523)
	at org.springframework.beans.factory.support.AbstractBeanFactory.lambda$doGetBean$0(AbstractBeanFactory.java:336)
	at org.springframework.beans.factory.support.DefaultSingletonBeanRegistry.getSingleton(DefaultSingletonBeanRegistry.java:289)
	at org.springframework.beans.factory.support.AbstractBeanFactory.doGetBean(AbstractBeanFactory.java:334)
	at org.springframework.beans.factory.support.AbstractBeanFactory.getBean(AbstractBeanFactory.java:199)
	at org.springframework.beans.factory.config.DependencyDescriptor.resolveCandidate(DependencyDescriptor.java:254)
	at org.springframework.beans.factory.support.DefaultListableBeanFactory.doResolveDependency(DefaultListableBeanFactory.java:1631)
	at org.springframework.beans.factory.support.DefaultListableBeanFactory.resolveDependency(DefaultListableBeanFactory.java:1519)
	at org.springframework.beans.factory.support.ConstructorResolver.resolveAutowiredArgument(ConstructorResolver.java:913)
	at org.springframework.beans.factory.support.ConstructorResolver.createArgumentArray(ConstructorResolver.java:791)
	at org.springframework.beans.factory.support.ConstructorResolver.autowireConstructor(ConstructorResolver.java:240)
	at org.springframework.beans.factory.support.AbstractAutowireCapableBeanFactory.autowireConstructor(AbstractAutowireCapableBeanFactory.java:1377)
	at org.springframework.beans.factory.support.AbstractAutowireCapableBeanFactory.createBeanInstance(AbstractAutowireCapableBeanFactory.java:1214)
	at org.springframework.beans.factory.support.AbstractAutowireCapableBeanFactory.doCreateBean(AbstractAutowireCapableBeanFactory.java:563)
	at org.springframework.beans.factory.support.AbstractAutowireCapableBeanFactory.createBean(AbstractAutowireCapableBeanFactory.java:523)
	at org.springframework.beans.factory.support.AbstractBeanFactory.lambda$doGetBean$0(AbstractBeanFactory.java:336)
	at org.springframework.beans.factory.support.DefaultSingletonBeanRegistry.getSingleton(DefaultSingletonBeanRegistry.java:289)
	at org.springframework.beans.factory.support.AbstractBeanFactory.doGetBean(AbstractBeanFactory.java:334)
	at org.springframework.beans.factory.support.AbstractBeanFactory.getBean(AbstractBeanFactory.java:199)
	at org.springframework.beans.factory.support.DefaultListableBeanFactory.instantiateSingleton(DefaultListableBeanFactory.java:1122)
	at org.springframework.beans.factory.support.DefaultListableBeanFactory.preInstantiateSingleton(DefaultListableBeanFactory.java:1093)
	at org.springframework.beans.factory.support.DefaultListableBeanFactory.preInstantiateSingletons(DefaultListableBeanFactory.java:1030)
	at org.springframework.context.support.AbstractApplicationContext.finishBeanFactoryInitialization(AbstractApplicationContext.java:987)
	at org.springframework.context.support.AbstractApplicationContext.refresh(AbstractApplicationContext.java:627)
	at org.springframework.boot.web.servlet.context.ServletWebServerApplicationContext.refresh(ServletWebServerApplicationContext.java:146)
	at org.springframework.boot.SpringApplication.refresh(SpringApplication.java:752)
	at org.springframework.boot.SpringApplication.refreshContext(SpringApplication.java:439)
	at org.springframework.boot.SpringApplication.run(SpringApplication.java:318)
	at org.springframework.boot.SpringApplication.run(SpringApplication.java:1361)
	at org.springframework.boot.SpringApplication.run(SpringApplication.java:1350)
	at com.personal.crud_pulsar.CrudPulsarApplicationKt.main(CrudPulsarApplication.kt:17)
	at java.base/jdk.internal.reflect.NativeMethodAccessorImpl.invoke0(Native Method)
	at java.base/jdk.internal.reflect.NativeMethodAccessorImpl.invoke(NativeMethodAccessorImpl.java:77)
	at java.base/jdk.internal.reflect.DelegatingMethodAccessorImpl.invoke(DelegatingMethodAccessorImpl.java:43)
	at java.base/java.lang.reflect.Method.invoke(Method.java:568)
	at org.springframework.boot.devtools.restart.RestartLauncher.run(RestartLauncher.java:50)
2025-01-28 16:33:05 [restartedMain] WARN  o.s.b.a.o.j.JpaBaseConfiguration$JpaWebConfiguration - spring.jpa.open-in-view is enabled by default. Therefore, database queries may be performed during view rendering. Explicitly configure spring.jpa.open-in-view to disable this warning
2025-01-28 16:33:05 [restartedMain] INFO  o.s.b.d.a.OptionalLiveReloadServer - LiveReload server is running on port 35729
2025-01-28 16:33:05 [pulsar-client-io-1-3] INFO  o.a.p.client.impl.ConnectionPool - [[id: 0x0425e7c3, L:/127.0.0.1:55356 - R:localhost/127.0.0.1:6650]] Connected to server
2025-01-28 16:33:05 [pulsar-client-io-1-3] INFO  o.a.p.c.i.ConsumerStatsRecorderImpl - Starting Pulsar consumer status recorder with config: {"topicNames":["persistent://public/default/jt-raw-topic"],"topicsPattern":null,"subscriptionName":"my-subscription","subscriptionType":"Shared","subscriptionProperties":null,"subscriptionMode":"Durable","receiverQueueSize":1000,"acknowledgementsGroupTimeMicros":100000,"maxAcknowledgmentGroupSize":1000,"negativeAckRedeliveryDelayMicros":60000000,"maxTotalReceiverQueueSizeAcrossPartitions":50000,"consumerName":null,"ackTimeoutMillis":0,"tickDurationMillis":1000,"priorityLevel":0,"maxPendingChunkedMessage":10,"autoAckOldestChunkedMessageOnQueueFull":false,"expireTimeOfIncompleteChunkedMessageMillis":60000,"cryptoFailureAction":"FAIL","properties":{},"readCompacted":false,"subscriptionInitialPosition":"Latest","patternAutoDiscoveryPeriod":60,"regexSubscriptionMode":"PersistentOnly","deadLetterPolicy":{"maxRedeliverCount":3,"retryLetterTopic":"jt-raw-topic-retry","deadLetterTopic":"jt-raw-topic-dlq","initialSubscriptionName":null},"retryEnable":false,"autoUpdatePartitions":true,"autoUpdatePartitionsIntervalSeconds":60,"replicateSubscriptionState":false,"resetIncludeHead":false,"batchIndexAckEnabled":false,"ackReceiptEnabled":false,"poolMessages":false,"startPaused":false,"autoScaledReceiverQueueSizeEnabled":false,"topicConfigurations":[],"maxPendingChuckedMessage":10}
2025-01-28 16:33:05 [pulsar-client-io-1-3] INFO  o.a.p.c.i.ConsumerStatsRecorderImpl - Pulsar client config: {"serviceUrl":"pulsar://localhost:6650","authPluginClassName":null,"authParams":null,"authParamMap":null,"operationTimeoutMs":30000,"lookupTimeoutMs":30000,"statsIntervalSeconds":60,"numIoThreads":8,"numListenerThreads":8,"connectionsPerBroker":1,"connectionMaxIdleSeconds":180,"useTcpNoDelay":true,"useTls":false,"tlsKeyFilePath":null,"tlsCertificateFilePath":null,"tlsTrustCertsFilePath":null,"tlsAllowInsecureConnection":false,"tlsHostnameVerificationEnable":false,"concurrentLookupRequest":5000,"maxLookupRequest":50000,"maxLookupRedirects":20,"maxNumberOfRejectedRequestPerConnection":50,"keepAliveIntervalSeconds":30,"connectionTimeoutMs":10000,"requestTimeoutMs":60000,"readTimeoutMs":60000,"autoCertRefreshSeconds":300,"initialBackoffIntervalNanos":100000000,"maxBackoffIntervalNanos":60000000000,"enableBusyWait":false,"listenerName":null,"useKeyStoreTls":false,"sslProvider":null,"tlsKeyStoreType":"JKS","tlsKeyStorePath":null,"tlsKeyStorePassword":null,"tlsTrustStoreType":"JKS","tlsTrustStorePath":null,"tlsTrustStorePassword":null,"tlsCiphers":[],"tlsProtocols":[],"memoryLimitBytes":67108864,"proxyServiceUrl":null,"proxyProtocol":null,"enableTransaction":false,"dnsLookupBindAddress":null,"dnsLookupBindPort":0,"socks5ProxyAddress":null,"socks5ProxyUsername":null,"socks5ProxyPassword":null,"description":null}
2025-01-28 16:33:05 [pulsar-client-io-1-3] INFO  o.a.pulsar.client.impl.ConsumerImpl - [persistent://public/default/jt-raw-topic][my-subscription] Subscribing to topic on cnx [id: 0x0425e7c3, L:/127.0.0.1:55356 - R:localhost/127.0.0.1:6650], consumerId 0
2025-01-28 16:33:05 [pulsar-client-io-1-3] INFO  o.a.pulsar.client.impl.ConsumerImpl - [persistent://public/default/jt-raw-topic][my-subscription] Subscribed to topic on localhost/127.0.0.1:6650 -- consumer: 0
2025-01-28 16:33:05 [pulsar-client-io-1-3] INFO  o.a.p.c.i.ConsumerStatsRecorderImpl - Starting Pulsar consumer status recorder with config: {"topicNames":["persistent://public/default/jt-plain-topic"],"topicsPattern":null,"subscriptionName":"my-subscription","subscriptionType":"Shared","subscriptionProperties":null,"subscriptionMode":"Durable","receiverQueueSize":1000,"acknowledgementsGroupTimeMicros":100000,"maxAcknowledgmentGroupSize":1000,"negativeAckRedeliveryDelayMicros":60000000,"maxTotalReceiverQueueSizeAcrossPartitions":50000,"consumerName":null,"ackTimeoutMillis":0,"tickDurationMillis":1000,"priorityLevel":0,"maxPendingChunkedMessage":10,"autoAckOldestChunkedMessageOnQueueFull":false,"expireTimeOfIncompleteChunkedMessageMillis":60000,"cryptoFailureAction":"FAIL","properties":{},"readCompacted":false,"subscriptionInitialPosition":"Latest","patternAutoDiscoveryPeriod":60,"regexSubscriptionMode":"PersistentOnly","deadLetterPolicy":{"maxRedeliverCount":3,"retryLetterTopic":"jt-raw-topic-retry","deadLetterTopic":"jt-raw-topic-dlq","initialSubscriptionName":null},"retryEnable":false,"autoUpdatePartitions":true,"autoUpdatePartitionsIntervalSeconds":60,"replicateSubscriptionState":false,"resetIncludeHead":false,"batchIndexAckEnabled":false,"ackReceiptEnabled":false,"poolMessages":false,"startPaused":false,"autoScaledReceiverQueueSizeEnabled":false,"topicConfigurations":[],"maxPendingChuckedMessage":10}
2025-01-28 16:33:05 [pulsar-client-io-1-3] INFO  o.a.p.c.i.ConsumerStatsRecorderImpl - Pulsar client config: {"serviceUrl":"pulsar://localhost:6650","authPluginClassName":null,"authParams":null,"authParamMap":null,"operationTimeoutMs":30000,"lookupTimeoutMs":30000,"statsIntervalSeconds":60,"numIoThreads":8,"numListenerThreads":8,"connectionsPerBroker":1,"connectionMaxIdleSeconds":180,"useTcpNoDelay":true,"useTls":false,"tlsKeyFilePath":null,"tlsCertificateFilePath":null,"tlsTrustCertsFilePath":null,"tlsAllowInsecureConnection":false,"tlsHostnameVerificationEnable":false,"concurrentLookupRequest":5000,"maxLookupRequest":50000,"maxLookupRedirects":20,"maxNumberOfRejectedRequestPerConnection":50,"keepAliveIntervalSeconds":30,"connectionTimeoutMs":10000,"requestTimeoutMs":60000,"readTimeoutMs":60000,"autoCertRefreshSeconds":300,"initialBackoffIntervalNanos":100000000,"maxBackoffIntervalNanos":60000000000,"enableBusyWait":false,"listenerName":null,"useKeyStoreTls":false,"sslProvider":null,"tlsKeyStoreType":"JKS","tlsKeyStorePath":null,"tlsKeyStorePassword":null,"tlsTrustStoreType":"JKS","tlsTrustStorePath":null,"tlsTrustStorePassword":null,"tlsCiphers":[],"tlsProtocols":[],"memoryLimitBytes":67108864,"proxyServiceUrl":null,"proxyProtocol":null,"enableTransaction":false,"dnsLookupBindAddress":null,"dnsLookupBindPort":0,"socks5ProxyAddress":null,"socks5ProxyUsername":null,"socks5ProxyPassword":null,"description":null}
2025-01-28 16:33:05 [pulsar-client-io-1-3] INFO  o.a.pulsar.client.impl.ConsumerImpl - [persistent://public/default/jt-plain-topic][my-subscription] Subscribing to topic on cnx [id: 0x0425e7c3, L:/127.0.0.1:55356 - R:localhost/127.0.0.1:6650], consumerId 1
2025-01-28 16:33:05 [pulsar-client-io-1-3] INFO  o.a.pulsar.client.impl.ConsumerImpl - [persistent://public/default/jt-plain-topic][my-subscription] Subscribed to topic on localhost/127.0.0.1:6650 -- consumer: 1
2025-01-28 16:33:05 [pulsar-client-io-1-3] INFO  o.a.p.c.i.ConsumerStatsRecorderImpl - Starting Pulsar consumer status recorder with config: {"topicNames":["persistent://public/default/jt-raw-topic-dlq"],"topicsPattern":null,"subscriptionName":"my-subscription-dlq","subscriptionType":"Exclusive","subscriptionProperties":null,"subscriptionMode":"Durable","receiverQueueSize":1000,"acknowledgementsGroupTimeMicros":100000,"maxAcknowledgmentGroupSize":1000,"negativeAckRedeliveryDelayMicros":60000000,"maxTotalReceiverQueueSizeAcrossPartitions":50000,"consumerName":null,"ackTimeoutMillis":0,"tickDurationMillis":1000,"priorityLevel":0,"maxPendingChunkedMessage":10,"autoAckOldestChunkedMessageOnQueueFull":false,"expireTimeOfIncompleteChunkedMessageMillis":60000,"cryptoFailureAction":"FAIL","properties":{},"readCompacted":false,"subscriptionInitialPosition":"Latest","patternAutoDiscoveryPeriod":60,"regexSubscriptionMode":"PersistentOnly","deadLetterPolicy":{"maxRedeliverCount":3,"retryLetterTopic":"jt-raw-topic-retry","deadLetterTopic":"jt-raw-topic-dlq","initialSubscriptionName":null},"retryEnable":false,"autoUpdatePartitions":true,"autoUpdatePartitionsIntervalSeconds":60,"replicateSubscriptionState":false,"resetIncludeHead":false,"batchIndexAckEnabled":false,"ackReceiptEnabled":false,"poolMessages":false,"startPaused":false,"autoScaledReceiverQueueSizeEnabled":false,"topicConfigurations":[],"maxPendingChuckedMessage":10}
2025-01-28 16:33:05 [pulsar-client-io-1-3] INFO  o.a.p.c.i.ConsumerStatsRecorderImpl - Pulsar client config: {"serviceUrl":"pulsar://localhost:6650","authPluginClassName":null,"authParams":null,"authParamMap":null,"operationTimeoutMs":30000,"lookupTimeoutMs":30000,"statsIntervalSeconds":60,"numIoThreads":8,"numListenerThreads":8,"connectionsPerBroker":1,"connectionMaxIdleSeconds":180,"useTcpNoDelay":true,"useTls":false,"tlsKeyFilePath":null,"tlsCertificateFilePath":null,"tlsTrustCertsFilePath":null,"tlsAllowInsecureConnection":false,"tlsHostnameVerificationEnable":false,"concurrentLookupRequest":5000,"maxLookupRequest":50000,"maxLookupRedirects":20,"maxNumberOfRejectedRequestPerConnection":50,"keepAliveIntervalSeconds":30,"connectionTimeoutMs":10000,"requestTimeoutMs":60000,"readTimeoutMs":60000,"autoCertRefreshSeconds":300,"initialBackoffIntervalNanos":100000000,"maxBackoffIntervalNanos":60000000000,"enableBusyWait":false,"listenerName":null,"useKeyStoreTls":false,"sslProvider":null,"tlsKeyStoreType":"JKS","tlsKeyStorePath":null,"tlsKeyStorePassword":null,"tlsTrustStoreType":"JKS","tlsTrustStorePath":null,"tlsTrustStorePassword":null,"tlsCiphers":[],"tlsProtocols":[],"memoryLimitBytes":67108864,"proxyServiceUrl":null,"proxyProtocol":null,"enableTransaction":false,"dnsLookupBindAddress":null,"dnsLookupBindPort":0,"socks5ProxyAddress":null,"socks5ProxyUsername":null,"socks5ProxyPassword":null,"description":null}
2025-01-28 16:33:05 [pulsar-client-io-1-3] INFO  o.a.pulsar.client.impl.ConsumerImpl - [persistent://public/default/jt-raw-topic-dlq][my-subscription-dlq] Subscribing to topic on cnx [id: 0x0425e7c3, L:/127.0.0.1:55356 - R:localhost/127.0.0.1:6650], consumerId 2
2025-01-28 16:33:05 [pulsar-client-io-1-3] INFO  o.a.pulsar.client.impl.ConsumerImpl - [persistent://public/default/jt-raw-topic-dlq][my-subscription-dlq] Subscribed to topic on localhost/127.0.0.1:6650 -- consumer: 2
2025-01-28 16:33:05 [restartedMain] INFO  o.s.b.w.e.tomcat.TomcatWebServer - Tomcat started on port 9191 (http) with context path '/'
2025-01-28 16:33:06 [restartedMain] INFO  c.p.c.CrudPulsarApplicationKt - Started CrudPulsarApplicationKt in 3.534 seconds (process running for 3.834)
2025-01-28 16:46:48 [SpringApplicationShutdownHook] INFO  o.s.b.w.e.tomcat.GracefulShutdown - Commencing graceful shutdown. Waiting for active requests to complete
2025-01-28 16:46:48 [tomcat-shutdown] INFO  o.s.b.w.e.tomcat.GracefulShutdown - Graceful shutdown complete
2025-01-28 16:46:48 [SpringApplicationShutdownHook] INFO  o.s.p.l.DefaultPulsarMessageListenerContainer - Pausing consumer
2025-01-28 16:46:48 [SpringApplicationShutdownHook] INFO  o.s.p.l.DefaultPulsarMessageListenerContainer - Closing consumer
2025-01-28 16:46:48 [pulsar-client-io-1-3] INFO  o.a.pulsar.client.impl.ConsumerImpl - [persistent://public/default/jt-raw-topic] [my-subscription] Closed consumer
2025-01-28 16:46:48 [SpringApplicationShutdownHook] INFO  o.s.p.l.DefaultPulsarMessageListenerContainer - Pausing consumer
2025-01-28 16:46:48 [SpringApplicationShutdownHook] INFO  o.s.p.l.DefaultPulsarMessageListenerContainer - Closing consumer
2025-01-28 16:46:48 [pulsar-client-io-1-3] INFO  o.a.pulsar.client.impl.ConsumerImpl - [persistent://public/default/jt-plain-topic] [my-subscription] Closed consumer
2025-01-28 16:46:48 [SpringApplicationShutdownHook] INFO  o.s.p.l.DefaultPulsarMessageListenerContainer - Pausing consumer
2025-01-28 16:46:48 [SpringApplicationShutdownHook] INFO  o.s.p.l.DefaultPulsarMessageListenerContainer - Closing consumer
2025-01-28 16:46:48 [pulsar-client-io-1-3] INFO  o.a.pulsar.client.impl.ConsumerImpl - [persistent://public/default/jt-raw-topic-dlq] [my-subscription-dlq] Closed consumer
2025-01-28 16:46:48 [SpringApplicationShutdownHook] INFO  o.a.p.client.impl.PulsarClientImpl - Client closing. URL: pulsar://localhost:6650
2025-01-28 16:46:48 [pulsar-client-io-1-3] INFO  o.a.pulsar.client.impl.ClientCnx - [id: 0x0425e7c3, L:/127.0.0.1:55356 ! R:localhost/127.0.0.1:6650] Disconnected
2025-01-28 16:46:50 [SpringApplicationShutdownHook] INFO  o.s.o.j.LocalContainerEntityManagerFactoryBean - Closing JPA EntityManagerFactory for persistence unit 'default'
2025-01-28 16:46:50 [SpringApplicationShutdownHook] INFO  com.zaxxer.hikari.HikariDataSource - HikariPool-1 - Shutdown initiated...
2025-01-28 16:46:50 [SpringApplicationShutdownHook] INFO  com.zaxxer.hikari.HikariDataSource - HikariPool-1 - Shutdown completed.
2025-01-28 17:26:46 [restartedMain] INFO  c.p.c.CrudPulsarApplicationKt - Starting CrudPulsarApplicationKt using Java 17.0.12 with PID 60722 (/Users/uttam.gowda/IdeaProjects/crud-pulsar -1/build/classes/kotlin/main started by uttam.gowda in /Users/uttam.gowda/IdeaProjects/crud-pulsar -1)
2025-01-28 17:26:46 [restartedMain] INFO  c.p.c.CrudPulsarApplicationKt - No active profile set, falling back to 1 default profile: "default"
2025-01-28 17:26:46 [restartedMain] INFO  o.s.b.d.restart.ChangeableUrls - The Class-Path manifest attribute in /Users/uttam.gowda/.gradle/caches/modules-2/files-2.1/org.springframework.pulsar/spring-pulsar-cache-provider-caffeine/1.2.1/c2b0ff3dd061069d916cb1df19e539eda19562e0/spring-pulsar-cache-provider-caffeine-1.2.1.jar referenced one or more files that do not exist: file:/Users/uttam.gowda/.gradle/caches/modules-2/files-2.1/org.springframework.pulsar/spring-pulsar-cache-provider-caffeine/1.2.1/c2b0ff3dd061069d916cb1df19e539eda19562e0/spring-pulsar-cache-provider-1.2.1.jar
2025-01-28 17:26:46 [restartedMain] INFO  o.s.b.d.e.DevToolsPropertyDefaultsPostProcessor - Devtools property defaults active! Set 'spring.devtools.add-properties' to 'false' to disable
2025-01-28 17:26:46 [restartedMain] INFO  o.s.b.d.e.DevToolsPropertyDefaultsPostProcessor - For additional web related logging consider setting the 'logging.level.web' property to 'DEBUG'
2025-01-28 17:26:47 [restartedMain] INFO  o.s.d.r.c.RepositoryConfigurationDelegate - Bootstrapping Spring Data JPA repositories in DEFAULT mode.
2025-01-28 17:26:47 [restartedMain] INFO  o.s.d.r.c.RepositoryConfigurationDelegate - Finished Spring Data repository scanning in 37 ms. Found 2 JPA repository interfaces.
2025-01-28 17:26:48 [restartedMain] INFO  o.s.b.w.e.tomcat.TomcatWebServer - Tomcat initialized with port 9191 (http)
2025-01-28 17:26:48 [restartedMain] INFO  o.a.catalina.core.StandardService - Starting service [Tomcat]
2025-01-28 17:26:48 [restartedMain] INFO  o.a.catalina.core.StandardEngine - Starting Servlet engine: [Apache Tomcat/10.1.34]
2025-01-28 17:26:48 [restartedMain] INFO  o.a.c.c.C.[Tomcat].[localhost].[/] - Initializing Spring embedded WebApplicationContext
2025-01-28 17:26:48 [restartedMain] INFO  o.s.b.w.s.c.ServletWebServerApplicationContext - Root WebApplicationContext: initialization completed in 1536 ms
2025-01-28 17:26:48 [restartedMain] INFO  o.h.jpa.internal.util.LogHelper - HHH000204: Processing PersistenceUnitInfo [name: default]
2025-01-28 17:26:48 [restartedMain] INFO  org.hibernate.Version - HHH000412: Hibernate ORM core version 6.6.4.Final
2025-01-28 17:26:48 [restartedMain] INFO  o.h.c.i.RegionFactoryInitiator - HHH000026: Second-level cache disabled
2025-01-28 17:26:48 [restartedMain] INFO  o.s.o.j.p.SpringPersistenceUnitInfo - No LoadTimeWeaver setup: ignoring JPA class transformer
2025-01-28 17:26:48 [restartedMain] INFO  com.zaxxer.hikari.HikariDataSource - HikariPool-1 - Starting...
2025-01-28 17:26:48 [restartedMain] INFO  com.zaxxer.hikari.pool.HikariPool - HikariPool-1 - Added connection org.postgresql.jdbc.PgConnection@21acb953
2025-01-28 17:26:48 [restartedMain] INFO  com.zaxxer.hikari.HikariDataSource - HikariPool-1 - Start completed.
2025-01-28 17:26:48 [restartedMain] WARN  org.hibernate.orm.deprecation - HHH90000025: PostgreSQLDialect does not need to be specified explicitly using 'hibernate.dialect' (remove the property setting and it will be selected by default)
2025-01-28 17:26:48 [restartedMain] INFO  o.hibernate.orm.connections.pooling - HHH10001005: Database info:
	Database JDBC URL [Connecting through datasource 'HikariDataSource (HikariPool-1)']
	Database driver: undefined/unknown
	Database version: 17.2
	Autocommit mode: undefined/unknown
	Isolation level: undefined/unknown
	Minimum pool size: undefined/unknown
	Maximum pool size: undefined/unknown
2025-01-28 17:26:49 [restartedMain] INFO  o.h.e.t.j.p.i.JtaPlatformInitiator - HHH000489: No JTA platform available (set 'hibernate.transaction.jta.platform' to enable JTA platform integration)
2025-01-28 17:26:49 [restartedMain] INFO  o.s.o.j.LocalContainerEntityManagerFactoryBean - Initialized JPA EntityManagerFactory for persistence unit 'default'
2025-01-28 17:26:49 [restartedMain] INFO  o.s.p.c.DefaultPulsarClientFactory - Using restartable client
2025-01-28 17:26:49 [restartedMain] ERROR o.a.p.s.i.n.r.d.DnsServerAddressStreamProviders - Unable to load org.apache.pulsar.shade.io.netty.resolver.dns.macos.MacOSDnsServerAddressStreamProvider, fallback to system defaults. This may result in incorrect DNS resolutions on MacOS. Check whether you have a dependency on 'io.netty:netty-resolver-dns-native-macos'. Use DEBUG level to see the full stack: java.lang.UnsatisfiedLinkError: failed to load the required native library
2025-01-28 17:26:49 [restartedMain] WARN  o.a.p.c.util.netty.DnsResolverUtil - Cannot get DNS TTL settings from sun.net.InetAddressCachePolicy class
java.lang.IllegalAccessException: class org.apache.pulsar.common.util.netty.DnsResolverUtil cannot access class sun.net.InetAddressCachePolicy (in module java.base) because module java.base does not export sun.net to unnamed module @6a1bba8a
	at java.base/jdk.internal.reflect.Reflection.newIllegalAccessException(Reflection.java:392)
	at java.base/java.lang.reflect.AccessibleObject.checkAccess(AccessibleObject.java:674)
	at java.base/java.lang.reflect.Method.invoke(Method.java:560)
	at org.apache.pulsar.common.util.netty.DnsResolverUtil.<clinit>(DnsResolverUtil.java:46)
	at org.apache.pulsar.client.impl.ConnectionPool.createAddressResolver(ConnectionPool.java:159)
	at org.apache.pulsar.client.impl.ConnectionPool.lambda$new$1(ConnectionPool.java:126)
	at java.base/java.util.Optional.orElseGet(Optional.java:364)
	at org.apache.pulsar.client.impl.ConnectionPool.<init>(ConnectionPool.java:126)
	at org.apache.pulsar.client.impl.ConnectionPool.<init>(ConnectionPool.java:95)
	at org.apache.pulsar.client.impl.ConnectionPool.<init>(ConnectionPool.java:90)
	at org.apache.pulsar.client.impl.PulsarClientImpl.<init>(PulsarClientImpl.java:196)
	at org.apache.pulsar.client.impl.PulsarClientImpl.<init>(PulsarClientImpl.java:153)
	at org.apache.pulsar.client.impl.ClientBuilderImpl.build(ClientBuilderImpl.java:63)
	at org.springframework.pulsar.core.PulsarClientProxy.createInstance(PulsarClientProxy.java:97)
	at org.springframework.pulsar.core.PulsarClientProxy.createInstance(PulsarClientProxy.java:47)
	at org.springframework.pulsar.core.RestartableSingletonFactory.ensureInstanceCreated(RestartableSingletonFactory.java:72)
	at org.springframework.pulsar.core.RestartableSingletonFactory.afterPropertiesSet(RestartableSingletonFactory.java:61)
	at org.springframework.beans.factory.support.AbstractAutowireCapableBeanFactory.invokeInitMethods(AbstractAutowireCapableBeanFactory.java:1855)
	at org.springframework.beans.factory.support.AbstractAutowireCapableBeanFactory.initializeBean(AbstractAutowireCapableBeanFactory.java:1804)
	at org.springframework.beans.factory.support.AbstractAutowireCapableBeanFactory.doCreateBean(AbstractAutowireCapableBeanFactory.java:601)
	at org.springframework.beans.factory.support.AbstractAutowireCapableBeanFactory.createBean(AbstractAutowireCapableBeanFactory.java:523)
	at org.springframework.beans.factory.support.AbstractBeanFactory.lambda$doGetBean$0(AbstractBeanFactory.java:336)
	at org.springframework.beans.factory.support.DefaultSingletonBeanRegistry.getSingleton(DefaultSingletonBeanRegistry.java:289)
	at org.springframework.beans.factory.support.AbstractBeanFactory.doGetBean(AbstractBeanFactory.java:334)
	at org.springframework.beans.factory.support.AbstractBeanFactory.getBean(AbstractBeanFactory.java:199)
	at org.springframework.beans.factory.support.DefaultListableBeanFactory.doResolveDependency(DefaultListableBeanFactory.java:1573)
	at org.springframework.beans.factory.support.DefaultListableBeanFactory.resolveDependency(DefaultListableBeanFactory.java:1519)
	at org.springframework.beans.factory.support.ConstructorResolver.resolveAutowiredArgument(ConstructorResolver.java:913)
	at org.springframework.beans.factory.support.ConstructorResolver.createArgumentArray(ConstructorResolver.java:791)
	at org.springframework.beans.factory.support.ConstructorResolver.instantiateUsingFactoryMethod(ConstructorResolver.java:546)
	at org.springframework.beans.factory.support.AbstractAutowireCapableBeanFactory.instantiateUsingFactoryMethod(AbstractAutowireCapableBeanFactory.java:1357)
	at org.springframework.beans.factory.support.AbstractAutowireCapableBeanFactory.createBeanInstance(AbstractAutowireCapableBeanFactory.java:1187)
	at org.springframework.beans.factory.support.AbstractAutowireCapableBeanFactory.doCreateBean(AbstractAutowireCapableBeanFactory.java:563)
	at org.springframework.beans.factory.support.AbstractAutowireCapableBeanFactory.createBean(AbstractAutowireCapableBeanFactory.java:523)
	at org.springframework.beans.factory.support.AbstractBeanFactory.lambda$doGetBean$0(AbstractBeanFactory.java:336)
	at org.springframework.beans.factory.support.DefaultSingletonBeanRegistry.getSingleton(DefaultSingletonBeanRegistry.java:289)
	at org.springframework.beans.factory.support.AbstractBeanFactory.doGetBean(AbstractBeanFactory.java:334)
	at org.springframework.beans.factory.support.AbstractBeanFactory.getBean(AbstractBeanFactory.java:199)
	at org.springframework.beans.factory.config.DependencyDescriptor.resolveCandidate(DependencyDescriptor.java:254)
	at org.springframework.beans.factory.support.DefaultListableBeanFactory.doResolveDependency(DefaultListableBeanFactory.java:1631)
	at org.springframework.beans.factory.support.DefaultListableBeanFactory.resolveDependency(DefaultListableBeanFactory.java:1519)
	at org.springframework.beans.factory.support.ConstructorResolver.resolveAutowiredArgument(ConstructorResolver.java:913)
	at org.springframework.beans.factory.support.ConstructorResolver.createArgumentArray(ConstructorResolver.java:791)
	at org.springframework.beans.factory.support.ConstructorResolver.instantiateUsingFactoryMethod(ConstructorResolver.java:546)
	at org.springframework.beans.factory.support.AbstractAutowireCapableBeanFactory.instantiateUsingFactoryMethod(AbstractAutowireCapableBeanFactory.java:1357)
	at org.springframework.beans.factory.support.AbstractAutowireCapableBeanFactory.createBeanInstance(AbstractAutowireCapableBeanFactory.java:1187)
	at org.springframework.beans.factory.support.AbstractAutowireCapableBeanFactory.doCreateBean(AbstractAutowireCapableBeanFactory.java:563)
	at org.springframework.beans.factory.support.AbstractAutowireCapableBeanFactory.createBean(AbstractAutowireCapableBeanFactory.java:523)
	at org.springframework.beans.factory.support.AbstractBeanFactory.lambda$doGetBean$0(AbstractBeanFactory.java:336)
	at org.springframework.beans.factory.support.DefaultSingletonBeanRegistry.getSingleton(DefaultSingletonBeanRegistry.java:289)
	at org.springframework.beans.factory.support.AbstractBeanFactory.doGetBean(AbstractBeanFactory.java:334)
	at org.springframework.beans.factory.support.AbstractBeanFactory.getBean(AbstractBeanFactory.java:199)
	at org.springframework.beans.factory.config.DependencyDescriptor.resolveCandidate(DependencyDescriptor.java:254)
	at org.springframework.beans.factory.support.DefaultListableBeanFactory.doResolveDependency(DefaultListableBeanFactory.java:1631)
	at org.springframework.beans.factory.support.DefaultListableBeanFactory.resolveDependency(DefaultListableBeanFactory.java:1519)
	at org.springframework.beans.factory.support.ConstructorResolver.resolveAutowiredArgument(ConstructorResolver.java:913)
	at org.springframework.beans.factory.support.ConstructorResolver.createArgumentArray(ConstructorResolver.java:791)
	at org.springframework.beans.factory.support.ConstructorResolver.autowireConstructor(ConstructorResolver.java:240)
	at org.springframework.beans.factory.support.AbstractAutowireCapableBeanFactory.autowireConstructor(AbstractAutowireCapableBeanFactory.java:1377)
	at org.springframework.beans.factory.support.AbstractAutowireCapableBeanFactory.createBeanInstance(AbstractAutowireCapableBeanFactory.java:1214)
	at org.springframework.beans.factory.support.AbstractAutowireCapableBeanFactory.doCreateBean(AbstractAutowireCapableBeanFactory.java:563)
	at org.springframework.beans.factory.support.AbstractAutowireCapableBeanFactory.createBean(AbstractAutowireCapableBeanFactory.java:523)
	at org.springframework.beans.factory.support.AbstractBeanFactory.lambda$doGetBean$0(AbstractBeanFactory.java:336)
	at org.springframework.beans.factory.support.DefaultSingletonBeanRegistry.getSingleton(DefaultSingletonBeanRegistry.java:289)
	at org.springframework.beans.factory.support.AbstractBeanFactory.doGetBean(AbstractBeanFactory.java:334)
	at org.springframework.beans.factory.support.AbstractBeanFactory.getBean(AbstractBeanFactory.java:199)
	at org.springframework.beans.factory.support.DefaultListableBeanFactory.instantiateSingleton(DefaultListableBeanFactory.java:1122)
	at org.springframework.beans.factory.support.DefaultListableBeanFactory.preInstantiateSingleton(DefaultListableBeanFactory.java:1093)
	at org.springframework.beans.factory.support.DefaultListableBeanFactory.preInstantiateSingletons(DefaultListableBeanFactory.java:1030)
	at org.springframework.context.support.AbstractApplicationContext.finishBeanFactoryInitialization(AbstractApplicationContext.java:987)
	at org.springframework.context.support.AbstractApplicationContext.refresh(AbstractApplicationContext.java:627)
	at org.springframework.boot.web.servlet.context.ServletWebServerApplicationContext.refresh(ServletWebServerApplicationContext.java:146)
	at org.springframework.boot.SpringApplication.refresh(SpringApplication.java:752)
	at org.springframework.boot.SpringApplication.refreshContext(SpringApplication.java:439)
	at org.springframework.boot.SpringApplication.run(SpringApplication.java:318)
	at org.springframework.boot.SpringApplication.run(SpringApplication.java:1361)
	at org.springframework.boot.SpringApplication.run(SpringApplication.java:1350)
	at com.personal.crud_pulsar.CrudPulsarApplicationKt.main(CrudPulsarApplication.kt:17)
	at java.base/jdk.internal.reflect.NativeMethodAccessorImpl.invoke0(Native Method)
	at java.base/jdk.internal.reflect.NativeMethodAccessorImpl.invoke(NativeMethodAccessorImpl.java:77)
	at java.base/jdk.internal.reflect.DelegatingMethodAccessorImpl.invoke(DelegatingMethodAccessorImpl.java:43)
	at java.base/java.lang.reflect.Method.invoke(Method.java:568)
	at org.springframework.boot.devtools.restart.RestartLauncher.run(RestartLauncher.java:50)
2025-01-28 17:26:49 [restartedMain] WARN  o.s.b.a.o.j.JpaBaseConfiguration$JpaWebConfiguration - spring.jpa.open-in-view is enabled by default. Therefore, database queries may be performed during view rendering. Explicitly configure spring.jpa.open-in-view to disable this warning
2025-01-28 17:26:50 [restartedMain] INFO  o.s.b.d.a.OptionalLiveReloadServer - LiveReload server is running on port 35729
2025-01-28 17:26:50 [pulsar-client-io-1-3] INFO  o.a.p.client.impl.ConnectionPool - [[id: 0xe2a60e50, L:/127.0.0.1:57726 - R:localhost/127.0.0.1:6650]] Connected to server
2025-01-28 17:26:50 [pulsar-client-io-1-3] INFO  o.a.pulsar.client.impl.ClientCnx - [id: 0xe2a60e50, L:/127.0.0.1:57726 ! R:localhost/127.0.0.1:6650] Disconnected
2025-01-28 17:26:50 [pulsar-client-io-1-3] WARN  o.a.p.client.impl.ConnectionPool - [[id: 0xe2a60e50, L:/127.0.0.1:57726 ! R:localhost/127.0.0.1:6650]] Connection handshake failed: org.apache.pulsar.client.api.PulsarClientException: Connection already closed
2025-01-28 17:26:50 [pulsar-client-scheduled-20-1] WARN  o.a.p.client.impl.PulsarClientImpl - [topic: persistent://public/default/jt-raw-topic] Could not get connection while getPartitionedTopicMetadata -- Will try again in 100 ms
2025-01-28 17:26:50 [pulsar-client-io-1-5] INFO  o.a.p.client.impl.ConnectionPool - [[id: 0xafacb989, L:/127.0.0.1:57727 - R:localhost/127.0.0.1:6650]] Connected to server
2025-01-28 17:26:50 [pulsar-client-io-1-5] INFO  o.a.pulsar.client.impl.ClientCnx - [id: 0xafacb989, L:/127.0.0.1:57727 ! R:localhost/127.0.0.1:6650] Disconnected
2025-01-28 17:26:50 [pulsar-client-io-1-5] WARN  o.a.p.client.impl.ConnectionPool - [[id: 0xafacb989, L:/127.0.0.1:57727 ! R:localhost/127.0.0.1:6650]] Connection handshake failed: org.apache.pulsar.client.api.PulsarClientException: Connection already closed
2025-01-28 17:26:50 [pulsar-client-scheduled-21-1] WARN  o.a.p.client.impl.PulsarClientImpl - [topic: persistent://public/default/jt-raw-topic] Could not get connection while getPartitionedTopicMetadata -- Will try again in 199 ms
2025-01-28 17:26:50 [pulsar-client-io-1-7] INFO  o.a.p.client.impl.ConnectionPool - [[id: 0x7d548900, L:/127.0.0.1:57728 - R:localhost/127.0.0.1:6650]] Connected to server
2025-01-28 17:26:50 [pulsar-client-io-1-7] INFO  o.a.pulsar.client.impl.ClientCnx - [id: 0x7d548900, L:/127.0.0.1:57728 ! R:localhost/127.0.0.1:6650] Disconnected
2025-01-28 17:26:50 [pulsar-client-io-1-7] WARN  o.a.p.client.impl.ConnectionPool - [[id: 0x7d548900, L:/127.0.0.1:57728 ! R:localhost/127.0.0.1:6650]] Connection handshake failed: org.apache.pulsar.client.api.PulsarClientException: Connection already closed
2025-01-28 17:26:51 [pulsar-client-scheduled-22-1] WARN  o.a.p.client.impl.PulsarClientImpl - [topic: persistent://public/default/jt-raw-topic] Could not get connection while getPartitionedTopicMetadata -- Will try again in 390 ms
2025-01-28 17:26:51 [pulsar-client-io-1-1] INFO  o.a.p.client.impl.ConnectionPool - [[id: 0x276d3b77, L:/127.0.0.1:57729 - R:localhost/127.0.0.1:6650]] Connected to server
2025-01-28 17:26:51 [pulsar-client-io-1-1] INFO  o.a.pulsar.client.impl.ClientCnx - [id: 0x276d3b77, L:/127.0.0.1:57729 ! R:localhost/127.0.0.1:6650] Disconnected
2025-01-28 17:26:51 [pulsar-client-io-1-1] WARN  o.a.p.client.impl.ConnectionPool - [[id: 0x276d3b77, L:/127.0.0.1:57729 ! R:localhost/127.0.0.1:6650]] Connection handshake failed: org.apache.pulsar.client.api.PulsarClientException: Connection already closed
2025-01-28 17:26:51 [pulsar-client-scheduled-23-1] WARN  o.a.p.client.impl.PulsarClientImpl - [topic: persistent://public/default/jt-raw-topic] Could not get connection while getPartitionedTopicMetadata -- Will try again in 736 ms
2025-01-28 17:26:51 [pulsar-client-io-1-3] INFO  o.a.p.client.impl.ConnectionPool - [[id: 0x12abefb9, L:/127.0.0.1:57731 - R:localhost/127.0.0.1:6650]] Connected to server
2025-01-28 17:26:51 [pulsar-client-io-1-3] INFO  o.a.pulsar.client.impl.ClientCnx - [id: 0x12abefb9, L:/127.0.0.1:57731 ! R:localhost/127.0.0.1:6650] Disconnected
2025-01-28 17:26:51 [pulsar-client-io-1-3] WARN  o.a.p.client.impl.ConnectionPool - [[id: 0x12abefb9, L:/127.0.0.1:57731 ! R:localhost/127.0.0.1:6650]] Connection handshake failed: org.apache.pulsar.client.api.PulsarClientException: Connection already closed
2025-01-28 17:26:53 [pulsar-client-scheduled-24-1] WARN  o.a.p.client.impl.PulsarClientImpl - [topic: persistent://public/default/jt-raw-topic] Could not get connection while getPartitionedTopicMetadata -- Will try again in 1451 ms
2025-01-28 17:26:53 [pulsar-client-io-1-5] INFO  o.a.p.client.impl.ConnectionPool - [[id: 0xab13a0f6, L:/127.0.0.1:57734 - R:localhost/127.0.0.1:6650]] Connected to server
2025-01-28 17:26:53 [pulsar-client-io-1-5] INFO  o.a.pulsar.client.impl.ClientCnx - [id: 0xab13a0f6, L:/127.0.0.1:57734 ! R:localhost/127.0.0.1:6650] Disconnected
2025-01-28 17:26:53 [pulsar-client-io-1-5] WARN  o.a.p.client.impl.ConnectionPool - [[id: 0xab13a0f6, L:/127.0.0.1:57734 ! R:localhost/127.0.0.1:6650]] Connection handshake failed: org.apache.pulsar.client.api.PulsarClientException: Connection already closed
2025-01-28 17:26:56 [pulsar-client-scheduled-25-1] WARN  o.a.p.client.impl.PulsarClientImpl - [topic: persistent://public/default/jt-raw-topic] Could not get connection while getPartitionedTopicMetadata -- Will try again in 2949 ms
2025-01-28 17:26:56 [pulsar-client-io-1-7] INFO  o.a.p.client.impl.ConnectionPool - [[id: 0xe356373d, L:/127.0.0.1:57736 - R:localhost/127.0.0.1:6650]] Connected to server
2025-01-28 17:26:56 [pulsar-client-io-1-7] INFO  o.a.pulsar.client.impl.ClientCnx - [id: 0xe356373d, L:/127.0.0.1:57736 ! R:localhost/127.0.0.1:6650] Disconnected
2025-01-28 17:26:56 [pulsar-client-io-1-7] WARN  o.a.p.client.impl.ConnectionPool - [[id: 0xe356373d, L:/127.0.0.1:57736 ! R:localhost/127.0.0.1:6650]] Connection handshake failed: org.apache.pulsar.client.api.PulsarClientException: Connection already closed
2025-01-28 17:27:02 [pulsar-client-scheduled-26-1] WARN  o.a.p.client.impl.PulsarClientImpl - [topic: persistent://public/default/jt-raw-topic] Could not get connection while getPartitionedTopicMetadata -- Will try again in 6165 ms
2025-01-28 17:27:02 [pulsar-client-io-1-1] INFO  o.a.p.client.impl.ConnectionPool - [[id: 0x472121ab, L:/127.0.0.1:57740 - R:localhost/127.0.0.1:6650]] Connected to server
2025-01-28 17:27:02 [pulsar-client-io-1-1] INFO  o.a.p.c.i.ConsumerStatsRecorderImpl - Starting Pulsar consumer status recorder with config: {"topicNames":["persistent://public/default/jt-raw-topic"],"topicsPattern":null,"subscriptionName":"my-subscription","subscriptionType":"Shared","subscriptionProperties":null,"subscriptionMode":"Durable","receiverQueueSize":1000,"acknowledgementsGroupTimeMicros":100000,"maxAcknowledgmentGroupSize":1000,"negativeAckRedeliveryDelayMicros":60000000,"maxTotalReceiverQueueSizeAcrossPartitions":50000,"consumerName":null,"ackTimeoutMillis":0,"tickDurationMillis":1000,"priorityLevel":0,"maxPendingChunkedMessage":10,"autoAckOldestChunkedMessageOnQueueFull":false,"expireTimeOfIncompleteChunkedMessageMillis":60000,"cryptoFailureAction":"FAIL","properties":{},"readCompacted":false,"subscriptionInitialPosition":"Latest","patternAutoDiscoveryPeriod":60,"regexSubscriptionMode":"PersistentOnly","deadLetterPolicy":{"maxRedeliverCount":3,"retryLetterTopic":"jt-raw-topic-retry","deadLetterTopic":"jt-raw-topic-dlq","initialSubscriptionName":null},"retryEnable":false,"autoUpdatePartitions":true,"autoUpdatePartitionsIntervalSeconds":60,"replicateSubscriptionState":false,"resetIncludeHead":false,"batchIndexAckEnabled":false,"ackReceiptEnabled":false,"poolMessages":false,"startPaused":false,"autoScaledReceiverQueueSizeEnabled":false,"topicConfigurations":[],"maxPendingChuckedMessage":10}
2025-01-28 17:27:02 [pulsar-client-io-1-1] INFO  o.a.p.c.i.ConsumerStatsRecorderImpl - Pulsar client config: {"serviceUrl":"pulsar://localhost:6650","authPluginClassName":null,"authParams":null,"authParamMap":null,"operationTimeoutMs":30000,"lookupTimeoutMs":30000,"statsIntervalSeconds":60,"numIoThreads":8,"numListenerThreads":8,"connectionsPerBroker":1,"connectionMaxIdleSeconds":180,"useTcpNoDelay":true,"useTls":false,"tlsKeyFilePath":null,"tlsCertificateFilePath":null,"tlsTrustCertsFilePath":null,"tlsAllowInsecureConnection":false,"tlsHostnameVerificationEnable":false,"concurrentLookupRequest":5000,"maxLookupRequest":50000,"maxLookupRedirects":20,"maxNumberOfRejectedRequestPerConnection":50,"keepAliveIntervalSeconds":30,"connectionTimeoutMs":10000,"requestTimeoutMs":60000,"readTimeoutMs":60000,"autoCertRefreshSeconds":300,"initialBackoffIntervalNanos":100000000,"maxBackoffIntervalNanos":60000000000,"enableBusyWait":false,"listenerName":null,"useKeyStoreTls":false,"sslProvider":null,"tlsKeyStoreType":"JKS","tlsKeyStorePath":null,"tlsKeyStorePassword":null,"tlsTrustStoreType":"JKS","tlsTrustStorePath":null,"tlsTrustStorePassword":null,"tlsCiphers":[],"tlsProtocols":[],"memoryLimitBytes":67108864,"proxyServiceUrl":null,"proxyProtocol":null,"enableTransaction":false,"dnsLookupBindAddress":null,"dnsLookupBindPort":0,"socks5ProxyAddress":null,"socks5ProxyUsername":null,"socks5ProxyPassword":null,"description":null}
2025-01-28 17:27:02 [pulsar-client-io-1-1] INFO  o.a.pulsar.client.impl.ConsumerImpl - [persistent://public/default/jt-raw-topic][my-subscription] Subscribing to topic on cnx [id: 0x472121ab, L:/127.0.0.1:57740 - R:localhost/127.0.0.1:6650], consumerId 0
2025-01-28 17:27:04 [pulsar-client-io-1-1] INFO  o.a.pulsar.client.impl.ConsumerImpl - [persistent://public/default/jt-raw-topic][my-subscription] Subscribed to topic on localhost/127.0.0.1:6650 -- consumer: 0
2025-01-28 17:27:04 [pulsar-client-io-1-1] INFO  o.a.p.c.i.ConsumerStatsRecorderImpl - Starting Pulsar consumer status recorder with config: {"topicNames":["persistent://public/default/jt-plain-topic"],"topicsPattern":null,"subscriptionName":"my-subscription","subscriptionType":"Shared","subscriptionProperties":null,"subscriptionMode":"Durable","receiverQueueSize":1000,"acknowledgementsGroupTimeMicros":100000,"maxAcknowledgmentGroupSize":1000,"negativeAckRedeliveryDelayMicros":60000000,"maxTotalReceiverQueueSizeAcrossPartitions":50000,"consumerName":null,"ackTimeoutMillis":0,"tickDurationMillis":1000,"priorityLevel":0,"maxPendingChunkedMessage":10,"autoAckOldestChunkedMessageOnQueueFull":false,"expireTimeOfIncompleteChunkedMessageMillis":60000,"cryptoFailureAction":"FAIL","properties":{},"readCompacted":false,"subscriptionInitialPosition":"Latest","patternAutoDiscoveryPeriod":60,"regexSubscriptionMode":"PersistentOnly","deadLetterPolicy":{"maxRedeliverCount":3,"retryLetterTopic":"jt-raw-topic-retry","deadLetterTopic":"jt-raw-topic-dlq","initialSubscriptionName":null},"retryEnable":false,"autoUpdatePartitions":true,"autoUpdatePartitionsIntervalSeconds":60,"replicateSubscriptionState":false,"resetIncludeHead":false,"batchIndexAckEnabled":false,"ackReceiptEnabled":false,"poolMessages":false,"startPaused":false,"autoScaledReceiverQueueSizeEnabled":false,"topicConfigurations":[],"maxPendingChuckedMessage":10}
2025-01-28 17:27:04 [pulsar-client-io-1-1] INFO  o.a.p.c.i.ConsumerStatsRecorderImpl - Pulsar client config: {"serviceUrl":"pulsar://localhost:6650","authPluginClassName":null,"authParams":null,"authParamMap":null,"operationTimeoutMs":30000,"lookupTimeoutMs":30000,"statsIntervalSeconds":60,"numIoThreads":8,"numListenerThreads":8,"connectionsPerBroker":1,"connectionMaxIdleSeconds":180,"useTcpNoDelay":true,"useTls":false,"tlsKeyFilePath":null,"tlsCertificateFilePath":null,"tlsTrustCertsFilePath":null,"tlsAllowInsecureConnection":false,"tlsHostnameVerificationEnable":false,"concurrentLookupRequest":5000,"maxLookupRequest":50000,"maxLookupRedirects":20,"maxNumberOfRejectedRequestPerConnection":50,"keepAliveIntervalSeconds":30,"connectionTimeoutMs":10000,"requestTimeoutMs":60000,"readTimeoutMs":60000,"autoCertRefreshSeconds":300,"initialBackoffIntervalNanos":100000000,"maxBackoffIntervalNanos":60000000000,"enableBusyWait":false,"listenerName":null,"useKeyStoreTls":false,"sslProvider":null,"tlsKeyStoreType":"JKS","tlsKeyStorePath":null,"tlsKeyStorePassword":null,"tlsTrustStoreType":"JKS","tlsTrustStorePath":null,"tlsTrustStorePassword":null,"tlsCiphers":[],"tlsProtocols":[],"memoryLimitBytes":67108864,"proxyServiceUrl":null,"proxyProtocol":null,"enableTransaction":false,"dnsLookupBindAddress":null,"dnsLookupBindPort":0,"socks5ProxyAddress":null,"socks5ProxyUsername":null,"socks5ProxyPassword":null,"description":null}
2025-01-28 17:27:04 [pulsar-client-io-1-1] INFO  o.a.pulsar.client.impl.ConsumerImpl - [persistent://public/default/jt-plain-topic][my-subscription] Subscribing to topic on cnx [id: 0x472121ab, L:/127.0.0.1:57740 - R:localhost/127.0.0.1:6650], consumerId 1
2025-01-28 17:27:04 [pulsar-client-io-1-1] INFO  o.a.pulsar.client.impl.ConsumerImpl - [persistent://public/default/jt-plain-topic][my-subscription] Subscribed to topic on localhost/127.0.0.1:6650 -- consumer: 1
2025-01-28 17:27:04 [pulsar-client-io-1-1] INFO  o.a.p.c.i.ConsumerStatsRecorderImpl - Starting Pulsar consumer status recorder with config: {"topicNames":["persistent://public/default/jt-raw-topic-dlq"],"topicsPattern":null,"subscriptionName":"my-subscription-dlq","subscriptionType":"Exclusive","subscriptionProperties":null,"subscriptionMode":"Durable","receiverQueueSize":1000,"acknowledgementsGroupTimeMicros":100000,"maxAcknowledgmentGroupSize":1000,"negativeAckRedeliveryDelayMicros":60000000,"maxTotalReceiverQueueSizeAcrossPartitions":50000,"consumerName":null,"ackTimeoutMillis":0,"tickDurationMillis":1000,"priorityLevel":0,"maxPendingChunkedMessage":10,"autoAckOldestChunkedMessageOnQueueFull":false,"expireTimeOfIncompleteChunkedMessageMillis":60000,"cryptoFailureAction":"FAIL","properties":{},"readCompacted":false,"subscriptionInitialPosition":"Latest","patternAutoDiscoveryPeriod":60,"regexSubscriptionMode":"PersistentOnly","deadLetterPolicy":{"maxRedeliverCount":3,"retryLetterTopic":"jt-raw-topic-retry","deadLetterTopic":"jt-raw-topic-dlq","initialSubscriptionName":null},"retryEnable":false,"autoUpdatePartitions":true,"autoUpdatePartitionsIntervalSeconds":60,"replicateSubscriptionState":false,"resetIncludeHead":false,"batchIndexAckEnabled":false,"ackReceiptEnabled":false,"poolMessages":false,"startPaused":false,"autoScaledReceiverQueueSizeEnabled":false,"topicConfigurations":[],"maxPendingChuckedMessage":10}
2025-01-28 17:27:04 [pulsar-client-io-1-1] INFO  o.a.p.c.i.ConsumerStatsRecorderImpl - Pulsar client config: {"serviceUrl":"pulsar://localhost:6650","authPluginClassName":null,"authParams":null,"authParamMap":null,"operationTimeoutMs":30000,"lookupTimeoutMs":30000,"statsIntervalSeconds":60,"numIoThreads":8,"numListenerThreads":8,"connectionsPerBroker":1,"connectionMaxIdleSeconds":180,"useTcpNoDelay":true,"useTls":false,"tlsKeyFilePath":null,"tlsCertificateFilePath":null,"tlsTrustCertsFilePath":null,"tlsAllowInsecureConnection":false,"tlsHostnameVerificationEnable":false,"concurrentLookupRequest":5000,"maxLookupRequest":50000,"maxLookupRedirects":20,"maxNumberOfRejectedRequestPerConnection":50,"keepAliveIntervalSeconds":30,"connectionTimeoutMs":10000,"requestTimeoutMs":60000,"readTimeoutMs":60000,"autoCertRefreshSeconds":300,"initialBackoffIntervalNanos":100000000,"maxBackoffIntervalNanos":60000000000,"enableBusyWait":false,"listenerName":null,"useKeyStoreTls":false,"sslProvider":null,"tlsKeyStoreType":"JKS","tlsKeyStorePath":null,"tlsKeyStorePassword":null,"tlsTrustStoreType":"JKS","tlsTrustStorePath":null,"tlsTrustStorePassword":null,"tlsCiphers":[],"tlsProtocols":[],"memoryLimitBytes":67108864,"proxyServiceUrl":null,"proxyProtocol":null,"enableTransaction":false,"dnsLookupBindAddress":null,"dnsLookupBindPort":0,"socks5ProxyAddress":null,"socks5ProxyUsername":null,"socks5ProxyPassword":null,"description":null}
2025-01-28 17:27:04 [pulsar-client-io-1-1] INFO  o.a.pulsar.client.impl.ConsumerImpl - [persistent://public/default/jt-raw-topic-dlq][my-subscription-dlq] Subscribing to topic on cnx [id: 0x472121ab, L:/127.0.0.1:57740 - R:localhost/127.0.0.1:6650], consumerId 2
2025-01-28 17:27:04 [pulsar-client-io-1-1] INFO  o.a.pulsar.client.impl.ConsumerImpl - [persistent://public/default/jt-raw-topic-dlq][my-subscription-dlq] Subscribed to topic on localhost/127.0.0.1:6650 -- consumer: 2
2025-01-28 17:27:04 [restartedMain] INFO  o.s.b.w.e.tomcat.TomcatWebServer - Tomcat started on port 9191 (http) with context path '/'
2025-01-28 17:27:04 [restartedMain] INFO  c.p.c.CrudPulsarApplicationKt - Started CrudPulsarApplicationKt in 18.789 seconds (process running for 19.267)
2025-01-28 17:27:14 [http-nio-9191-exec-1] INFO  o.a.c.c.C.[Tomcat].[localhost].[/] - Initializing Spring DispatcherServlet 'dispatcherServlet'
2025-01-28 17:27:14 [http-nio-9191-exec-1] INFO  o.s.web.servlet.DispatcherServlet - Initializing Servlet 'dispatcherServlet'
2025-01-28 17:27:14 [http-nio-9191-exec-1] INFO  o.s.web.servlet.DispatcherServlet - Completed initialization in 1 ms
2025-01-28 17:27:14 [http-nio-9191-exec-1] INFO  c.p.crud_pulsar.HelloController - Fetching all users
2025-01-28 17:27:14 [pulsar-client-io-1-1] INFO  o.a.p.c.i.ProducerStatsRecorderImpl - Starting Pulsar producer perf with config: {"topicName":"persistent://public/default/jt-plain-topic","producerName":null,"sendTimeoutMs":30000,"blockIfQueueFull":false,"maxPendingMessages":0,"maxPendingMessagesAcrossPartitions":0,"messageRoutingMode":"RoundRobinPartition","hashingScheme":"JavaStringHash","cryptoFailureAction":"FAIL","batchingMaxPublishDelayMicros":1000,"batchingPartitionSwitchFrequencyByPublishDelay":10,"batchingMaxMessages":1000,"batchingMaxBytes":131072,"batchingEnabled":true,"chunkingEnabled":false,"chunkMaxMessageSize":-1,"encryptionKeys":[],"compressionType":"NONE","initialSequenceId":null,"autoUpdatePartitions":true,"autoUpdatePartitionsIntervalSeconds":60,"multiSchema":true,"accessMode":"Shared","lazyStartPartitionedProducers":false,"properties":{},"initialSubscriptionName":null}
2025-01-28 17:27:14 [pulsar-client-io-1-1] INFO  o.a.p.c.i.ProducerStatsRecorderImpl - Pulsar client config: {"serviceUrl":"pulsar://localhost:6650","authPluginClassName":null,"authParams":null,"authParamMap":null,"operationTimeoutMs":30000,"lookupTimeoutMs":30000,"statsIntervalSeconds":60,"numIoThreads":8,"numListenerThreads":8,"connectionsPerBroker":1,"connectionMaxIdleSeconds":180,"useTcpNoDelay":true,"useTls":false,"tlsKeyFilePath":null,"tlsCertificateFilePath":null,"tlsTrustCertsFilePath":null,"tlsAllowInsecureConnection":false,"tlsHostnameVerificationEnable":false,"concurrentLookupRequest":5000,"maxLookupRequest":50000,"maxLookupRedirects":20,"maxNumberOfRejectedRequestPerConnection":50,"keepAliveIntervalSeconds":30,"connectionTimeoutMs":10000,"requestTimeoutMs":60000,"readTimeoutMs":60000,"autoCertRefreshSeconds":300,"initialBackoffIntervalNanos":100000000,"maxBackoffIntervalNanos":60000000000,"enableBusyWait":false,"listenerName":null,"useKeyStoreTls":false,"sslProvider":null,"tlsKeyStoreType":"JKS","tlsKeyStorePath":null,"tlsKeyStorePassword":null,"tlsTrustStoreType":"JKS","tlsTrustStorePath":null,"tlsTrustStorePassword":null,"tlsCiphers":[],"tlsProtocols":[],"memoryLimitBytes":67108864,"proxyServiceUrl":null,"proxyProtocol":null,"enableTransaction":false,"dnsLookupBindAddress":null,"dnsLookupBindPort":0,"socks5ProxyAddress":null,"socks5ProxyUsername":null,"socks5ProxyPassword":null,"description":null}
2025-01-28 17:27:14 [pulsar-client-io-1-1] INFO  o.a.pulsar.client.impl.ProducerImpl - [persistent://public/default/jt-plain-topic] [null] Creating producer on cnx [id: 0x472121ab, L:/127.0.0.1:57740 - R:localhost/127.0.0.1:6650]
2025-01-28 17:27:14 [pulsar-client-io-1-1] INFO  o.a.pulsar.client.impl.ProducerImpl - [persistent://public/default/jt-plain-topic] [standalone-3-0] Created producer on cnx [id: 0x472121ab, L:/127.0.0.1:57740 - R:localhost/127.0.0.1:6650]
2025-01-28 17:27:14 [http-nio-9191-exec-1] INFO  c.p.crud_pulsar.EventPublisher - EventPublisher::publishPlainMessage published the event: Fetched all users
2025-01-28 17:27:14 [http-nio-9191-exec-1] INFO  c.p.crud_pulsar.EventPublisher - EventPublisher::publishPlainMessage published the event: {"action":"Fetch Users","description":"Users fetched successfully","statusCode":200}
2025-01-28 17:27:14 [org.springframework.Pulsar.PulsarListenerEndpointContainer#0-0-C-1] INFO  c.personal.crud_pulsar.EventConsumer - EventConsumer::consumeTextEvent consumed events Fetched all users
2025-01-28 17:27:14 [org.springframework.Pulsar.PulsarListenerEndpointContainer#0-0-C-1] INFO  c.personal.crud_pulsar.EventConsumer - EventConsumer::consumeTextEvent consumed events {"action":"Fetch Users","description":"Users fetched successfully","statusCode":200}
2025-01-28 17:27:14 [http-nio-9191-exec-1] INFO  c.p.crud_pulsar.HelloController - Audit log saved to database: AuditLog(id=6, action=Fetch Users, description=Users fetched successfully, statusCode=200, timestamp=2025-01-28T17:27:14.771846)
2025-01-28 17:27:14 [http-nio-9191-exec-2] INFO  c.p.crud_pulsar.HelloController - Fetching all users
2025-01-28 17:27:14 [http-nio-9191-exec-2] INFO  c.p.crud_pulsar.EventPublisher - EventPublisher::publishPlainMessage published the event: Fetched all users
2025-01-28 17:27:14 [http-nio-9191-exec-2] INFO  c.p.crud_pulsar.EventPublisher - EventPublisher::publishPlainMessage published the event: {"action":"Fetch Users","description":"Users fetched successfully","statusCode":200}
2025-01-28 17:27:14 [http-nio-9191-exec-2] INFO  c.p.crud_pulsar.HelloController - Audit log saved to database: AuditLog(id=7, action=Fetch Users, description=Users fetched successfully, statusCode=200, timestamp=2025-01-28T17:27:14.874466)
2025-01-28 17:27:14 [org.springframework.Pulsar.PulsarListenerEndpointContainer#0-0-C-1] INFO  c.personal.crud_pulsar.EventConsumer - EventConsumer::consumeTextEvent consumed events Fetched all users
2025-01-28 17:27:14 [org.springframework.Pulsar.PulsarListenerEndpointContainer#0-0-C-1] INFO  c.personal.crud_pulsar.EventConsumer - EventConsumer::consumeTextEvent consumed events {"action":"Fetch Users","description":"Users fetched successfully","statusCode":200}
2025-01-28 17:28:04 [pulsar-timer-27-1] INFO  o.a.p.c.i.ConsumerStatsRecorderImpl - [persistent://public/default/jt-plain-topic] [my-subscription] [6c446] Prefetched messages: 0 --- Consume throughput received: 0.07 msgs/s --- 0.00 Mbit/s --- Ack sent rate: 0.07 ack/s --- Failed messages: 0 --- batch messages: 0 ---Failed acks: 0
2025-01-28 17:28:14 [pulsar-timer-27-1] INFO  o.a.p.c.i.ProducerStatsRecorderImpl - [persistent://public/default/jt-plain-topic] [standalone-3-0] --- Publish throughput: 0.07 msg/s --- 0.00 Mbit/s --- Latency: med: 25.000 ms - 95pct: 339.000 ms - 99pct: 339.000 ms - 99.9pct: 339.000 ms - max: 339.000 ms --- BatchSize: med: 1.000 - 95pct: 1.000 - 99pct: 1.000 - 99.9pct: 1.000 - max: 1.000 --- MsgSize: med: 84.000 bytes - 95pct: 84.000 bytes - 99pct: 84.000 bytes - 99.9pct: 84.000 bytes - max: 84.000 bytes --- Ack received rate: 0.07 ack/s --- Failed messages: 0 --- Pending messages: 0
2025-01-28 17:28:15 [pulsar-client-io-1-1] INFO  o.a.pulsar.client.impl.ProducerImpl - [persistent://public/default/jt-plain-topic] [standalone-3-0] Closed Producer
2025-01-28 17:57:54 [HikariPool-1 housekeeper] WARN  com.zaxxer.hikari.pool.HikariPool - HikariPool-1 - Thread starvation or clock leap detected (housekeeper delta=1m5s660ms).
2025-01-28 19:09:45 [HikariPool-1 housekeeper] WARN  com.zaxxer.hikari.pool.HikariPool - HikariPool-1 - Thread starvation or clock leap detected (housekeeper delta=16m20s248ms).
2025-01-28 20:09:28 [HikariPool-1 housekeeper] WARN  com.zaxxer.hikari.pool.HikariPool - HikariPool-1 - Thread starvation or clock leap detected (housekeeper delta=59m42s786ms).
2025-01-28 20:24:47 [HikariPool-1 housekeeper] WARN  com.zaxxer.hikari.pool.HikariPool - HikariPool-1 - Thread starvation or clock leap detected (housekeeper delta=15m18s938ms).
2025-01-28 21:27:27 [HikariPool-1 housekeeper] WARN  com.zaxxer.hikari.pool.HikariPool - HikariPool-1 - Thread starvation or clock leap detected (housekeeper delta=1h2m39s657ms).
2025-01-28 22:13:58 [HikariPool-1 housekeeper] WARN  com.zaxxer.hikari.pool.HikariPool - HikariPool-1 - Thread starvation or clock leap detected (housekeeper delta=46m30s987ms).
2025-01-28 22:14:15 [SpringApplicationShutdownHook] INFO  o.s.b.w.e.tomcat.GracefulShutdown - Commencing graceful shutdown. Waiting for active requests to complete
2025-01-28 22:14:15 [tomcat-shutdown] INFO  o.s.b.w.e.tomcat.GracefulShutdown - Graceful shutdown complete
2025-01-28 22:14:15 [SpringApplicationShutdownHook] INFO  o.s.p.l.DefaultPulsarMessageListenerContainer - Pausing consumer
2025-01-28 22:14:15 [SpringApplicationShutdownHook] INFO  o.s.p.l.DefaultPulsarMessageListenerContainer - Closing consumer
2025-01-28 22:14:15 [pulsar-client-io-1-1] INFO  o.a.pulsar.client.impl.ConsumerImpl - [persistent://public/default/jt-raw-topic] [my-subscription] Closed consumer
2025-01-28 22:14:15 [SpringApplicationShutdownHook] INFO  o.s.p.l.DefaultPulsarMessageListenerContainer - Pausing consumer
2025-01-28 22:14:15 [SpringApplicationShutdownHook] INFO  o.s.p.l.DefaultPulsarMessageListenerContainer - Closing consumer
2025-01-28 22:14:15 [pulsar-client-io-1-1] INFO  o.a.pulsar.client.impl.ConsumerImpl - [persistent://public/default/jt-plain-topic] [my-subscription] Closed consumer
2025-01-28 22:14:15 [SpringApplicationShutdownHook] INFO  o.s.p.l.DefaultPulsarMessageListenerContainer - Pausing consumer
2025-01-28 22:14:15 [SpringApplicationShutdownHook] INFO  o.s.p.l.DefaultPulsarMessageListenerContainer - Closing consumer
2025-01-28 22:14:15 [pulsar-client-io-1-1] INFO  o.a.pulsar.client.impl.ConsumerImpl - [persistent://public/default/jt-raw-topic-dlq] [my-subscription-dlq] Closed consumer
2025-01-28 22:14:15 [SpringApplicationShutdownHook] INFO  o.a.p.client.impl.PulsarClientImpl - Client closing. URL: pulsar://localhost:6650
2025-01-28 22:14:15 [pulsar-client-io-1-1] INFO  o.a.pulsar.client.impl.ClientCnx - [id: 0x472121ab, L:/127.0.0.1:57740 ! R:localhost/127.0.0.1:6650] Disconnected
2025-01-28 22:14:17 [SpringApplicationShutdownHook] INFO  o.s.o.j.LocalContainerEntityManagerFactoryBean - Closing JPA EntityManagerFactory for persistence unit 'default'
2025-01-28 22:14:17 [SpringApplicationShutdownHook] INFO  com.zaxxer.hikari.HikariDataSource - HikariPool-1 - Shutdown initiated...
2025-01-28 22:14:17 [SpringApplicationShutdownHook] INFO  com.zaxxer.hikari.HikariDataSource - HikariPool-1 - Shutdown completed.
